identifier,source_format,source_url
9042228b-aae9-40f6-b477-d251e81a1307,,https://github.com/erinmmaloney/GreatLakes_Prioritization
9042228b-aae9-40f6-b477-d251e81a1307,,https://doi.org/10.1093/etojnl/vgae002
9042228b-aae9-40f6-b477-d251e81a1307,xls,https://pasteur.epa.gov/uploads/10.23719/d-hx44/Great_Lakes_Prioritization_SI_final.xlsx
9042228b-aae9-40f6-b477-d251e81a1307,doc,https://pasteur.epa.gov/uploads/10.23719/d-hx44/Great_Lakes_Prioritization_SI_final.docx
2d8fe10e-a96b-4193-b508-891f4058517e,pdf,https://mhkdr.openei.org/files/687/Readme.pdf
2d8fe10e-a96b-4193-b508-891f4058517e,zip,https://mhkdr.openei.org/files/687/Damping_sweep_with_pressure.zip
2d8fe10e-a96b-4193-b508-891f4058517e,html,https://mhkdr.openei.org/submissions/603
94b1666e-2866-4747-a750-eee9b3bb2b10,html,https://rapidrefresh.noaa.gov/hrrr/
94b1666e-2866-4747-a750-eee9b3bb2b10,xml,https://journals.ametsoc.org/view/journals/wefo/37/8/WAF-D-21-0151.1.xml
94b1666e-2866-4747-a750-eee9b3bb2b10,html,https://registry.opendata.aws/nrel-pds-wtk/
94b1666e-2866-4747-a750-eee9b3bb2b10,html,https://github.com/NatLabRockies/rex/tree/main/examples/NLR_Data
94b1666e-2866-4747-a750-eee9b3bb2b10,gov,https://wrdb.nlr.gov
94b1666e-2866-4747-a750-eee9b3bb2b10,html,https://data.openei.org/s3_viewer?bucket=nrel-pds-wtk&prefix=hrrr_met_toolkit%2F
0172ab06-70a6-49b5-b389-e335ad03d5b4,kml,https://gbp-blm-egis.hub.arcgis.com/api/download/v1/items/68618ede8109409f8e84f2ffeb8b319c/kml?layers=0
0172ab06-70a6-49b5-b389-e335ad03d5b4,zip,https://gbp-blm-egis.hub.arcgis.com/api/download/v1/items/68618ede8109409f8e84f2ffeb8b319c/filegdb?layers=0
0172ab06-70a6-49b5-b389-e335ad03d5b4,zip,https://gbp-blm-egis.hub.arcgis.com/api/download/v1/items/68618ede8109409f8e84f2ffeb8b319c/shapefile?layers=0
0172ab06-70a6-49b5-b389-e335ad03d5b4,geojson,https://gbp-blm-egis.hub.arcgis.com/api/download/v1/items/68618ede8109409f8e84f2ffeb8b319c/geojson?layers=0
0172ab06-70a6-49b5-b389-e335ad03d5b4,csv,https://gbp-blm-egis.hub.arcgis.com/api/download/v1/items/68618ede8109409f8e84f2ffeb8b319c/csv?layers=0
0172ab06-70a6-49b5-b389-e335ad03d5b4,arcgis geoservices rest api,https://gis.blm.gov/idarcgis/rest/services/lands/BLM_ID_Right_Of_Way_Poly/FeatureServer/0
0172ab06-70a6-49b5-b389-e335ad03d5b4,html,https://gbp-blm-egis.hub.arcgis.com/datasets/BLM-EGIS::blm-id-right-of-way-poly
0172ab06-70a6-49b5-b389-e335ad03d5b4,xml,https://gis.blm.gov/idarcgis/rest/services/lands/BLM_ID_Right_Of_Way_Poly/FeatureServer/0/metadata?format=iso19139
5e311b23-61b7-41dc-8fca-5028076ca395,zip,https://gbp-blm-egis.hub.arcgis.com/api/download/v1/items/0c03c5fc2b05400ca60294529a40fd6e/shapefile?layers=1
5e311b23-61b7-41dc-8fca-5028076ca395,html,https://gbp-blm-egis.hub.arcgis.com/datasets/BLM-EGIS::blm-co-lands-inventoried-with-wilderness-characteristics
5e311b23-61b7-41dc-8fca-5028076ca395,arcgis geoservices rest api,https://gis.blm.gov/coarcgis/rest/services/lands/BLM_CO_Lands_Inventoried_with_Wilderness_Characteristics/FeatureServer/1
5e311b23-61b7-41dc-8fca-5028076ca395,csv,https://gbp-blm-egis.hub.arcgis.com/api/download/v1/items/0c03c5fc2b05400ca60294529a40fd6e/csv?layers=1
5e311b23-61b7-41dc-8fca-5028076ca395,zip,https://gbp-blm-egis.hub.arcgis.com/api/download/v1/items/0c03c5fc2b05400ca60294529a40fd6e/filegdb?layers=1
5e311b23-61b7-41dc-8fca-5028076ca395,xml,https://gis.blm.gov/coarcgis/rest/services/lands/BLM_CO_Lands_Inventoried_with_Wilderness_Characteristics/FeatureServer/1/metadata?format=iso19139
5e311b23-61b7-41dc-8fca-5028076ca395,geojson,https://gbp-blm-egis.hub.arcgis.com/api/download/v1/items/0c03c5fc2b05400ca60294529a40fd6e/geojson?layers=1
5e311b23-61b7-41dc-8fca-5028076ca395,kml,https://gbp-blm-egis.hub.arcgis.com/api/download/v1/items/0c03c5fc2b05400ca60294529a40fd6e/kml?layers=1
ed13cad8-c6d7-4d34-ada3-27436232a366,csv,https://gbp-blm-egis.hub.arcgis.com/api/download/v1/items/88244591c6ca4586abf5992304de3ce9/csv?layers=0
ed13cad8-c6d7-4d34-ada3-27436232a366,zip,https://gbp-blm-egis.hub.arcgis.com/api/download/v1/items/88244591c6ca4586abf5992304de3ce9/filegdb?layers=0
ed13cad8-c6d7-4d34-ada3-27436232a366,arcgis geoservices rest api,https://gis.blm.gov/idarcgis/rest/services/lands/BLM_ID_Surface_Management_Agency/FeatureServer/0
ed13cad8-c6d7-4d34-ada3-27436232a366,html,https://gbp-blm-egis.hub.arcgis.com/datasets/BLM-EGIS::blm-id-surface-management-agency
ed13cad8-c6d7-4d34-ada3-27436232a366,xml,https://gis.blm.gov/idarcgis/rest/services/lands/BLM_ID_Surface_Management_Agency/FeatureServer/0/metadata?format=iso19139
ed13cad8-c6d7-4d34-ada3-27436232a366,kml,https://gbp-blm-egis.hub.arcgis.com/api/download/v1/items/88244591c6ca4586abf5992304de3ce9/kml?layers=0
ed13cad8-c6d7-4d34-ada3-27436232a366,zip,https://gbp-blm-egis.hub.arcgis.com/api/download/v1/items/88244591c6ca4586abf5992304de3ce9/shapefile?layers=0
ed13cad8-c6d7-4d34-ada3-27436232a366,geojson,https://gbp-blm-egis.hub.arcgis.com/api/download/v1/items/88244591c6ca4586abf5992304de3ce9/geojson?layers=0
8ced03bd-0293-4ac2-8a19-13b1db1da6da,zip,https://gbp-blm-egis.hub.arcgis.com/api/download/v1/items/21a8c894303b40199c44dcbdb5716fca/filegdb?layers=0
8ced03bd-0293-4ac2-8a19-13b1db1da6da,geojson,https://gbp-blm-egis.hub.arcgis.com/api/download/v1/items/21a8c894303b40199c44dcbdb5716fca/geojson?layers=0
8ced03bd-0293-4ac2-8a19-13b1db1da6da,zip,https://gbp-blm-egis.hub.arcgis.com/api/download/v1/items/21a8c894303b40199c44dcbdb5716fca/shapefile?layers=0
8ced03bd-0293-4ac2-8a19-13b1db1da6da,kml,https://gbp-blm-egis.hub.arcgis.com/api/download/v1/items/21a8c894303b40199c44dcbdb5716fca/kml?layers=0
8ced03bd-0293-4ac2-8a19-13b1db1da6da,arcgis geoservices rest api,https://gis.blm.gov/idarcgis/rest/services/lands/BLM_ID_Right_Of_Way_Point/FeatureServer/0
8ced03bd-0293-4ac2-8a19-13b1db1da6da,xml,https://gis.blm.gov/idarcgis/rest/services/lands/BLM_ID_Right_Of_Way_Point/FeatureServer/0/metadata?format=iso19139
8ced03bd-0293-4ac2-8a19-13b1db1da6da,csv,https://gbp-blm-egis.hub.arcgis.com/api/download/v1/items/21a8c894303b40199c44dcbdb5716fca/csv?layers=0
8ced03bd-0293-4ac2-8a19-13b1db1da6da,html,https://gbp-blm-egis.hub.arcgis.com/datasets/BLM-EGIS::blm-id-right-of-way-point
3f00686f-2ca8-43ba-b52a-7e4a6f716afc,xml,https://gis.blm.gov/idarcgis/rest/services/lands/BLM_ID_Right_Of_Way_Line/FeatureServer/0/metadata?format=iso19139
3f00686f-2ca8-43ba-b52a-7e4a6f716afc,html,https://gbp-blm-egis.hub.arcgis.com/datasets/BLM-EGIS::blm-id-right-of-way-line
3f00686f-2ca8-43ba-b52a-7e4a6f716afc,kml,https://gbp-blm-egis.hub.arcgis.com/api/download/v1/items/299aa829b269494fbc4e1e4138d66a97/kml?layers=0
3f00686f-2ca8-43ba-b52a-7e4a6f716afc,zip,https://gbp-blm-egis.hub.arcgis.com/api/download/v1/items/299aa829b269494fbc4e1e4138d66a97/shapefile?layers=0
3f00686f-2ca8-43ba-b52a-7e4a6f716afc,csv,https://gbp-blm-egis.hub.arcgis.com/api/download/v1/items/299aa829b269494fbc4e1e4138d66a97/csv?layers=0
3f00686f-2ca8-43ba-b52a-7e4a6f716afc,zip,https://gbp-blm-egis.hub.arcgis.com/api/download/v1/items/299aa829b269494fbc4e1e4138d66a97/filegdb?layers=0
3f00686f-2ca8-43ba-b52a-7e4a6f716afc,geojson,https://gbp-blm-egis.hub.arcgis.com/api/download/v1/items/299aa829b269494fbc4e1e4138d66a97/geojson?layers=0
3f00686f-2ca8-43ba-b52a-7e4a6f716afc,arcgis geoservices rest api,https://gis.blm.gov/idarcgis/rest/services/lands/BLM_ID_Right_Of_Way_Line/FeatureServer/0
9ff8604c-6ddd-4a79-aeb7-1966f13116a4,kml,https://gbp-blm-egis.hub.arcgis.com/api/download/v1/items/68618ede8109409f8e84f2ffeb8b319c/kml?layers=0
9ff8604c-6ddd-4a79-aeb7-1966f13116a4,zip,https://gbp-blm-egis.hub.arcgis.com/api/download/v1/items/68618ede8109409f8e84f2ffeb8b319c/filegdb?layers=0
9ff8604c-6ddd-4a79-aeb7-1966f13116a4,zip,https://gbp-blm-egis.hub.arcgis.com/api/download/v1/items/68618ede8109409f8e84f2ffeb8b319c/shapefile?layers=0
9ff8604c-6ddd-4a79-aeb7-1966f13116a4,geojson,https://gbp-blm-egis.hub.arcgis.com/api/download/v1/items/68618ede8109409f8e84f2ffeb8b319c/geojson?layers=0
9ff8604c-6ddd-4a79-aeb7-1966f13116a4,csv,https://gbp-blm-egis.hub.arcgis.com/api/download/v1/items/68618ede8109409f8e84f2ffeb8b319c/csv?layers=0
9ff8604c-6ddd-4a79-aeb7-1966f13116a4,arcgis geoservices rest api,https://gis.blm.gov/idarcgis/rest/services/lands/BLM_ID_Right_Of_Way_Poly/FeatureServer/0
9ff8604c-6ddd-4a79-aeb7-1966f13116a4,html,https://gbp-blm-egis.hub.arcgis.com/datasets/BLM-EGIS::blm-id-right-of-way-poly
9ff8604c-6ddd-4a79-aeb7-1966f13116a4,xml,https://gis.blm.gov/idarcgis/rest/services/lands/BLM_ID_Right_Of_Way_Poly/FeatureServer/0/metadata?format=iso19139
58d6b813-314b-419c-8ac4-a7065c05de0f,zip,https://gbp-blm-egis.hub.arcgis.com/api/download/v1/items/0c03c5fc2b05400ca60294529a40fd6e/shapefile?layers=1
58d6b813-314b-419c-8ac4-a7065c05de0f,html,https://gbp-blm-egis.hub.arcgis.com/datasets/BLM-EGIS::blm-co-lands-inventoried-with-wilderness-characteristics
58d6b813-314b-419c-8ac4-a7065c05de0f,arcgis geoservices rest api,https://gis.blm.gov/coarcgis/rest/services/lands/BLM_CO_Lands_Inventoried_with_Wilderness_Characteristics/FeatureServer/1
58d6b813-314b-419c-8ac4-a7065c05de0f,csv,https://gbp-blm-egis.hub.arcgis.com/api/download/v1/items/0c03c5fc2b05400ca60294529a40fd6e/csv?layers=1
58d6b813-314b-419c-8ac4-a7065c05de0f,zip,https://gbp-blm-egis.hub.arcgis.com/api/download/v1/items/0c03c5fc2b05400ca60294529a40fd6e/filegdb?layers=1
58d6b813-314b-419c-8ac4-a7065c05de0f,xml,https://gis.blm.gov/coarcgis/rest/services/lands/BLM_CO_Lands_Inventoried_with_Wilderness_Characteristics/FeatureServer/1/metadata?format=iso19139
58d6b813-314b-419c-8ac4-a7065c05de0f,geojson,https://gbp-blm-egis.hub.arcgis.com/api/download/v1/items/0c03c5fc2b05400ca60294529a40fd6e/geojson?layers=1
58d6b813-314b-419c-8ac4-a7065c05de0f,kml,https://gbp-blm-egis.hub.arcgis.com/api/download/v1/items/0c03c5fc2b05400ca60294529a40fd6e/kml?layers=1
c4a4aa38-f55f-4d13-b6b3-b5d3bafa2b6b,csv,https://gbp-blm-egis.hub.arcgis.com/api/download/v1/items/88244591c6ca4586abf5992304de3ce9/csv?layers=0
c4a4aa38-f55f-4d13-b6b3-b5d3bafa2b6b,zip,https://gbp-blm-egis.hub.arcgis.com/api/download/v1/items/88244591c6ca4586abf5992304de3ce9/filegdb?layers=0
c4a4aa38-f55f-4d13-b6b3-b5d3bafa2b6b,arcgis geoservices rest api,https://gis.blm.gov/idarcgis/rest/services/lands/BLM_ID_Surface_Management_Agency/FeatureServer/0
c4a4aa38-f55f-4d13-b6b3-b5d3bafa2b6b,html,https://gbp-blm-egis.hub.arcgis.com/datasets/BLM-EGIS::blm-id-surface-management-agency
c4a4aa38-f55f-4d13-b6b3-b5d3bafa2b6b,xml,https://gis.blm.gov/idarcgis/rest/services/lands/BLM_ID_Surface_Management_Agency/FeatureServer/0/metadata?format=iso19139
c4a4aa38-f55f-4d13-b6b3-b5d3bafa2b6b,kml,https://gbp-blm-egis.hub.arcgis.com/api/download/v1/items/88244591c6ca4586abf5992304de3ce9/kml?layers=0
c4a4aa38-f55f-4d13-b6b3-b5d3bafa2b6b,zip,https://gbp-blm-egis.hub.arcgis.com/api/download/v1/items/88244591c6ca4586abf5992304de3ce9/shapefile?layers=0
c4a4aa38-f55f-4d13-b6b3-b5d3bafa2b6b,geojson,https://gbp-blm-egis.hub.arcgis.com/api/download/v1/items/88244591c6ca4586abf5992304de3ce9/geojson?layers=0
5d7d9567-053b-4388-bc35-ca292eefb0ff,zip,https://gbp-blm-egis.hub.arcgis.com/api/download/v1/items/21a8c894303b40199c44dcbdb5716fca/filegdb?layers=0
5d7d9567-053b-4388-bc35-ca292eefb0ff,geojson,https://gbp-blm-egis.hub.arcgis.com/api/download/v1/items/21a8c894303b40199c44dcbdb5716fca/geojson?layers=0
5d7d9567-053b-4388-bc35-ca292eefb0ff,zip,https://gbp-blm-egis.hub.arcgis.com/api/download/v1/items/21a8c894303b40199c44dcbdb5716fca/shapefile?layers=0
5d7d9567-053b-4388-bc35-ca292eefb0ff,kml,https://gbp-blm-egis.hub.arcgis.com/api/download/v1/items/21a8c894303b40199c44dcbdb5716fca/kml?layers=0
5d7d9567-053b-4388-bc35-ca292eefb0ff,arcgis geoservices rest api,https://gis.blm.gov/idarcgis/rest/services/lands/BLM_ID_Right_Of_Way_Point/FeatureServer/0
5d7d9567-053b-4388-bc35-ca292eefb0ff,xml,https://gis.blm.gov/idarcgis/rest/services/lands/BLM_ID_Right_Of_Way_Point/FeatureServer/0/metadata?format=iso19139
5d7d9567-053b-4388-bc35-ca292eefb0ff,csv,https://gbp-blm-egis.hub.arcgis.com/api/download/v1/items/21a8c894303b40199c44dcbdb5716fca/csv?layers=0
5d7d9567-053b-4388-bc35-ca292eefb0ff,html,https://gbp-blm-egis.hub.arcgis.com/datasets/BLM-EGIS::blm-id-right-of-way-point
27ea1bc7-fe8d-442d-89e3-b1517d74604e,xml,https://gis.blm.gov/idarcgis/rest/services/lands/BLM_ID_Right_Of_Way_Line/FeatureServer/0/metadata?format=iso19139
27ea1bc7-fe8d-442d-89e3-b1517d74604e,html,https://gbp-blm-egis.hub.arcgis.com/datasets/BLM-EGIS::blm-id-right-of-way-line
27ea1bc7-fe8d-442d-89e3-b1517d74604e,kml,https://gbp-blm-egis.hub.arcgis.com/api/download/v1/items/299aa829b269494fbc4e1e4138d66a97/kml?layers=0
27ea1bc7-fe8d-442d-89e3-b1517d74604e,zip,https://gbp-blm-egis.hub.arcgis.com/api/download/v1/items/299aa829b269494fbc4e1e4138d66a97/shapefile?layers=0
27ea1bc7-fe8d-442d-89e3-b1517d74604e,csv,https://gbp-blm-egis.hub.arcgis.com/api/download/v1/items/299aa829b269494fbc4e1e4138d66a97/csv?layers=0
27ea1bc7-fe8d-442d-89e3-b1517d74604e,zip,https://gbp-blm-egis.hub.arcgis.com/api/download/v1/items/299aa829b269494fbc4e1e4138d66a97/filegdb?layers=0
27ea1bc7-fe8d-442d-89e3-b1517d74604e,geojson,https://gbp-blm-egis.hub.arcgis.com/api/download/v1/items/299aa829b269494fbc4e1e4138d66a97/geojson?layers=0
27ea1bc7-fe8d-442d-89e3-b1517d74604e,arcgis geoservices rest api,https://gis.blm.gov/idarcgis/rest/services/lands/BLM_ID_Right_Of_Way_Line/FeatureServer/0
ad3cdd23-30d5-46c3-9d6f-d058dcb30639,csv,https://irma.nps.gov/DataStore/DownloadFile/755961?Reference=2316909
ad3cdd23-30d5-46c3-9d6f-d058dcb30639,csv,https://irma.nps.gov/DataStore/DownloadFile/755952?Reference=2316909
ad3cdd23-30d5-46c3-9d6f-d058dcb30639,csv,https://irma.nps.gov/DataStore/DownloadFile/755941?Reference=2316909
ad3cdd23-30d5-46c3-9d6f-d058dcb30639,csv,https://irma.nps.gov/DataStore/DownloadFile/755950?Reference=2316909
ad3cdd23-30d5-46c3-9d6f-d058dcb30639,csv,https://irma.nps.gov/DataStore/DownloadFile/755946?Reference=2316909
ad3cdd23-30d5-46c3-9d6f-d058dcb30639,csv,https://irma.nps.gov/DataStore/DownloadFile/755951?Reference=2316909
ad3cdd23-30d5-46c3-9d6f-d058dcb30639,csv,https://irma.nps.gov/DataStore/DownloadFile/755957?Reference=2316909
ad3cdd23-30d5-46c3-9d6f-d058dcb30639,csv,https://irma.nps.gov/DataStore/DownloadFile/755945?Reference=2316909
ad3cdd23-30d5-46c3-9d6f-d058dcb30639,xml,https://irma.nps.gov/DataStore/DownloadFile/756878?Reference=2316909
ad3cdd23-30d5-46c3-9d6f-d058dcb30639,csv,https://irma.nps.gov/DataStore/DownloadFile/755953?Reference=2316909
ad3cdd23-30d5-46c3-9d6f-d058dcb30639,csv,https://irma.nps.gov/DataStore/DownloadFile/755960?Reference=2316909
ad3cdd23-30d5-46c3-9d6f-d058dcb30639,csv,https://irma.nps.gov/DataStore/DownloadFile/755940?Reference=2316909
ad3cdd23-30d5-46c3-9d6f-d058dcb30639,csv,https://irma.nps.gov/DataStore/DownloadFile/755963?Reference=2316909
ad3cdd23-30d5-46c3-9d6f-d058dcb30639,csv,https://irma.nps.gov/DataStore/DownloadFile/755943?Reference=2316909
ad3cdd23-30d5-46c3-9d6f-d058dcb30639,csv,https://irma.nps.gov/DataStore/DownloadFile/755955?Reference=2316909
ad3cdd23-30d5-46c3-9d6f-d058dcb30639,csv,https://irma.nps.gov/DataStore/DownloadFile/755962?Reference=2316909
ad3cdd23-30d5-46c3-9d6f-d058dcb30639,csv,https://irma.nps.gov/DataStore/DownloadFile/755954?Reference=2316909
ad3cdd23-30d5-46c3-9d6f-d058dcb30639,csv,https://irma.nps.gov/DataStore/DownloadFile/755942?Reference=2316909
ad3cdd23-30d5-46c3-9d6f-d058dcb30639,csv,https://irma.nps.gov/DataStore/DownloadFile/755959?Reference=2316909
ad3cdd23-30d5-46c3-9d6f-d058dcb30639,csv,https://irma.nps.gov/DataStore/DownloadFile/755947?Reference=2316909
ad3cdd23-30d5-46c3-9d6f-d058dcb30639,csv,https://irma.nps.gov/DataStore/DownloadFile/755958?Reference=2316909
ad3cdd23-30d5-46c3-9d6f-d058dcb30639,csv,https://irma.nps.gov/DataStore/DownloadFile/755944?Reference=2316909
ad3cdd23-30d5-46c3-9d6f-d058dcb30639,csv,https://irma.nps.gov/DataStore/DownloadFile/755948?Reference=2316909
ad3cdd23-30d5-46c3-9d6f-d058dcb30639,csv,https://irma.nps.gov/DataStore/DownloadFile/755956?Reference=2316909
ad3cdd23-30d5-46c3-9d6f-d058dcb30639,csv,https://irma.nps.gov/DataStore/DownloadFile/755949?Reference=2316909
c21b9615-2f17-4a46-b958-b080e1fa14cc,zip,https://irma.nps.gov/DataStore/DownloadFile/458925?Reference=2190628
c21b9615-2f17-4a46-b958-b080e1fa14cc,zip,https://irma.nps.gov/DataStore/DownloadFile/458927?Reference=2190628
c21b9615-2f17-4a46-b958-b080e1fa14cc,zip,https://irma.nps.gov/DataStore/DownloadFile/458929?Reference=2190628
c21b9615-2f17-4a46-b958-b080e1fa14cc,zip,https://irma.nps.gov/DataStore/DownloadFile/458943?Reference=2190628
c21b9615-2f17-4a46-b958-b080e1fa14cc,zip,https://irma.nps.gov/DataStore/DownloadFile/458936?Reference=2190628
c21b9615-2f17-4a46-b958-b080e1fa14cc,zip,https://irma.nps.gov/DataStore/DownloadFile/458930?Reference=2190628
c21b9615-2f17-4a46-b958-b080e1fa14cc,zip,https://irma.nps.gov/DataStore/DownloadFile/458933?Reference=2190628
c21b9615-2f17-4a46-b958-b080e1fa14cc,zip,https://irma.nps.gov/DataStore/DownloadFile/458942?Reference=2190628
c21b9615-2f17-4a46-b958-b080e1fa14cc,zip,https://irma.nps.gov/DataStore/DownloadFile/458941?Reference=2190628
c21b9615-2f17-4a46-b958-b080e1fa14cc,zip,https://irma.nps.gov/DataStore/DownloadFile/458938?Reference=2190628
c21b9615-2f17-4a46-b958-b080e1fa14cc,zip,https://irma.nps.gov/DataStore/DownloadFile/458935?Reference=2190628
c21b9615-2f17-4a46-b958-b080e1fa14cc,zip,https://irma.nps.gov/DataStore/DownloadFile/458924?Reference=2190628
c21b9615-2f17-4a46-b958-b080e1fa14cc,zip,https://irma.nps.gov/DataStore/DownloadFile/458937?Reference=2190628
c21b9615-2f17-4a46-b958-b080e1fa14cc,zip,https://irma.nps.gov/DataStore/DownloadFile/458940?Reference=2190628
c21b9615-2f17-4a46-b958-b080e1fa14cc,zip,https://irma.nps.gov/DataStore/DownloadFile/458931?Reference=2190628
c21b9615-2f17-4a46-b958-b080e1fa14cc,zip,https://irma.nps.gov/DataStore/DownloadFile/458934?Reference=2190628
c21b9615-2f17-4a46-b958-b080e1fa14cc,zip,https://irma.nps.gov/DataStore/DownloadFile/458939?Reference=2190628
c21b9615-2f17-4a46-b958-b080e1fa14cc,zip,https://irma.nps.gov/DataStore/DownloadFile/458926?Reference=2190628
c21b9615-2f17-4a46-b958-b080e1fa14cc,zip,https://irma.nps.gov/DataStore/DownloadFile/458932?Reference=2190628
c21b9615-2f17-4a46-b958-b080e1fa14cc,zip,https://irma.nps.gov/DataStore/DownloadFile/458928?Reference=2190628
0495d261-02e4-46f4-af17-294b9e1b227e,xml,https://irma.nps.gov/DataStore/DownloadFile/542741?Reference=2170014
0495d261-02e4-46f4-af17-294b9e1b227e,zip,https://irma.nps.gov/DataStore/DownloadFile/427013?Reference=2170014
f505958f-d9c1-4b1b-87b0-4af4d7d93ba7,zip,https://irma.nps.gov/DataStore/DownloadFile/427016?Reference=2170016
f505958f-d9c1-4b1b-87b0-4af4d7d93ba7,xml,https://irma.nps.gov/DataStore/DownloadFile/542743?Reference=2170016
4f26df98-f169-4775-9a5a-5f9b5a4a8956,xml,https://irma.nps.gov/DataStore/DownloadFile/542742?Reference=2170015
4f26df98-f169-4775-9a5a-5f9b5a4a8956,zip,https://irma.nps.gov/DataStore/DownloadFile/427014?Reference=2170015
f2f991bf-f2db-4cb0-a56d-695ceeaea298,xml,https://irma.nps.gov/DataStore/DownloadFile/541862?Reference=2166016
f2f991bf-f2db-4cb0-a56d-695ceeaea298,zip,https://irma.nps.gov/DataStore/DownloadFile/419803?Reference=2166016
a93acb8f-0141-4cd3-8107-0d974e586362,zip,https://irma.nps.gov/DataStore/DownloadFile/420561?Reference=2166375
a93acb8f-0141-4cd3-8107-0d974e586362,xml,https://irma.nps.gov/DataStore/DownloadFile/541877?Reference=2166375
119fa435-32e2-419f-8dc0-e260727f6989,xml,https://irma.nps.gov/DataStore/DownloadFile/541878?Reference=2166376
119fa435-32e2-419f-8dc0-e260727f6989,zip,https://irma.nps.gov/DataStore/DownloadFile/420564?Reference=2166376
69d167ac-86ec-4636-86d8-5faf35bb64f2,zip,https://irma.nps.gov/DataStore/DownloadFile/420555?Reference=2166373
69d167ac-86ec-4636-86d8-5faf35bb64f2,xml,https://irma.nps.gov/DataStore/DownloadFile/541875?Reference=2166373
06db3b6b-b7b0-48d9-889b-2baf237e58be,zip,https://irma.nps.gov/DataStore/DownloadFile/420558?Reference=2166374
06db3b6b-b7b0-48d9-889b-2baf237e58be,xml,https://irma.nps.gov/DataStore/DownloadFile/541876?Reference=2166374
037884e3-1900-4c1a-80fd-ff6706cc21c4,accdb,https://irma.nps.gov/DataStore/DownloadFile/502172?Reference=2216318
037884e3-1900-4c1a-80fd-ff6706cc21c4,xml,https://irma.nps.gov/DataStore/DownloadFile/502171?Reference=2216318
57a7972b-dcb2-4f43-9e4a-f93e8f002962,zip,https://irma.nps.gov/DataStore/DownloadFile/418841?Reference=2165268
57a7972b-dcb2-4f43-9e4a-f93e8f002962,xml,https://irma.nps.gov/DataStore/DownloadFile/541760?Reference=2165268
3cfd33b6-f05f-4a75-8c8d-72474d6cab8c,xml,https://irma.nps.gov/DataStore/DownloadFile/541759?Reference=2165267
3cfd33b6-f05f-4a75-8c8d-72474d6cab8c,zip,https://irma.nps.gov/DataStore/DownloadFile/418839?Reference=2165267
b82e8ade-f1a3-486d-99ba-a08586ff709d,zip,https://irma.nps.gov/DataStore/DownloadFile/418836?Reference=2165263
b82e8ade-f1a3-486d-99ba-a08586ff709d,xml,https://irma.nps.gov/DataStore/DownloadFile/541758?Reference=2165263
cc2c5cf7-40c0-493f-bceb-1fdf0f042ff6,xml,https://irma.nps.gov/DataStore/DownloadFile/541756?Reference=2165257
cc2c5cf7-40c0-493f-bceb-1fdf0f042ff6,zip,https://irma.nps.gov/DataStore/DownloadFile/418832?Reference=2165257
374453fa-f9bd-4ab7-abbf-1290c44e298b,xml,https://irma.nps.gov/DataStore/DownloadFile/541757?Reference=2165258
374453fa-f9bd-4ab7-abbf-1290c44e298b,zip,https://irma.nps.gov/DataStore/DownloadFile/418834?Reference=2165258
55cc4309-b27a-4ce3-8476-55e1582bfb73,xml,https://irma.nps.gov/DataStore/DownloadFile/541765?Reference=2165281
55cc4309-b27a-4ce3-8476-55e1582bfb73,zip,https://irma.nps.gov/DataStore/DownloadFile/418858?Reference=2165281
78e0f3fb-94c2-455b-a5c3-27e610cff5b4,zip,https://irma.nps.gov/DataStore/DownloadFile/418852?Reference=2165277
78e0f3fb-94c2-455b-a5c3-27e610cff5b4,xml,https://irma.nps.gov/DataStore/DownloadFile/541763?Reference=2165277
df47f9fd-24f1-4393-b2f7-e0938f96485e,zip,https://irma.nps.gov/DataStore/DownloadFile/418854?Reference=2165278
df47f9fd-24f1-4393-b2f7-e0938f96485e,xml,https://irma.nps.gov/DataStore/DownloadFile/541764?Reference=2165278
22b60872-2883-46f6-a6c6-1e6011c22871,zip,https://irma.nps.gov/DataStore/DownloadFile/418849?Reference=2165275
22b60872-2883-46f6-a6c6-1e6011c22871,xml,https://irma.nps.gov/DataStore/DownloadFile/541762?Reference=2165275
61655a4f-f355-40c4-b9c4-708e7e647f0a,zip,https://irma.nps.gov/DataStore/DownloadFile/418844?Reference=2165271
61655a4f-f355-40c4-b9c4-708e7e647f0a,xml,https://irma.nps.gov/DataStore/DownloadFile/541761?Reference=2165271
a38cff84-2591-444a-83c2-31ffa76f0d87,zip,https://irma.nps.gov/DataStore/DownloadFile/674175?Reference=2291585
a38cff84-2591-444a-83c2-31ffa76f0d87,zip,https://irma.nps.gov/DataStore/DownloadFile/674179?Reference=2291585
a38cff84-2591-444a-83c2-31ffa76f0d87,zip,https://irma.nps.gov/DataStore/DownloadFile/674176?Reference=2291585
a38cff84-2591-444a-83c2-31ffa76f0d87,zip,https://irma.nps.gov/DataStore/DownloadFile/674177?Reference=2291585
a38cff84-2591-444a-83c2-31ffa76f0d87,zip,https://irma.nps.gov/DataStore/DownloadFile/674178?Reference=2291585
3a25efb0-604d-4953-9289-0cd4ffcecf08,zip,https://irma.nps.gov/DataStore/DownloadFile/376617?Reference=2125028
3a25efb0-604d-4953-9289-0cd4ffcecf08,xml,https://irma.nps.gov/DataStore/DownloadFile/541619?Reference=2125028
19f313a4-f87f-4d97-a138-002a3b3be46e,xml,https://irma.nps.gov/DataStore/DownloadFile/541608?Reference=2125010
19f313a4-f87f-4d97-a138-002a3b3be46e,zip,https://irma.nps.gov/DataStore/DownloadFile/376598?Reference=2125010
7caf93f0-ee26-4010-9b7d-5e0676c6b1d3,zip,https://irma.nps.gov/DataStore/DownloadFile/376652?Reference=2125062
7caf93f0-ee26-4010-9b7d-5e0676c6b1d3,xml,https://irma.nps.gov/DataStore/DownloadFile/541641?Reference=2125062
29e002d0-845f-4a2d-a411-ca77a927bb08,xml,https://irma.nps.gov/DataStore/DownloadFile/541640?Reference=2125061
29e002d0-845f-4a2d-a411-ca77a927bb08,zip,https://irma.nps.gov/DataStore/DownloadFile/376650?Reference=2125061
997552c1-783a-4166-92cb-ea0aa7306496,xml,https://irma.nps.gov/DataStore/DownloadFile/541639?Reference=2125060
997552c1-783a-4166-92cb-ea0aa7306496,zip,https://irma.nps.gov/DataStore/DownloadFile/376648?Reference=2125060
5ca5684e-08ba-4db0-9c36-f838e28cd86b,zip,https://irma.nps.gov/DataStore/DownloadFile/376662?Reference=2125069
5ca5684e-08ba-4db0-9c36-f838e28cd86b,xml,https://irma.nps.gov/DataStore/DownloadFile/541647?Reference=2125069
974150a2-a829-4dd9-b163-37b2db8a1378,zip,https://irma.nps.gov/DataStore/DownloadFile/376646?Reference=2125058
974150a2-a829-4dd9-b163-37b2db8a1378,xml,https://irma.nps.gov/DataStore/DownloadFile/541637?Reference=2125058
3874ca5f-0276-4619-abfd-32b648876594,zip,https://irma.nps.gov/DataStore/DownloadFile/376644?Reference=2125057
3874ca5f-0276-4619-abfd-32b648876594,xml,https://irma.nps.gov/DataStore/DownloadFile/541636?Reference=2125057
41445d54-5477-474f-a62c-d432caccc600,zip,https://irma.nps.gov/DataStore/DownloadFile/376619?Reference=2125030
41445d54-5477-474f-a62c-d432caccc600,xml,https://irma.nps.gov/DataStore/DownloadFile/541621?Reference=2125030
311cf0cd-030c-4a85-9f0c-c982bc3d2251,xml,https://irma.nps.gov/DataStore/DownloadFile/541622?Reference=2125031
311cf0cd-030c-4a85-9f0c-c982bc3d2251,zip,https://irma.nps.gov/DataStore/DownloadFile/376622?Reference=2125031
17606c80-a3c9-4ea9-8195-a14e78370693,zip,https://irma.nps.gov/DataStore/DownloadFile/376090?Reference=2124553
17606c80-a3c9-4ea9-8195-a14e78370693,xml,https://irma.nps.gov/DataStore/DownloadFile/541529?Reference=2124553
17606c80-a3c9-4ea9-8195-a14e78370693,zip,https://irma.nps.gov/DataStore/DownloadFile/376099?Reference=2124553
2b247904-229f-4b3e-85e6-6b7a3f65a419,xml,https://irma.nps.gov/DataStore/DownloadFile/536779?Reference=1048120
2b247904-229f-4b3e-85e6-6b7a3f65a419,zip,https://irma.nps.gov/DataStore/DownloadFile/373599?Reference=1048120
fe9d7a0f-cdcb-4818-bcb0-21b5bb5f261c,zip,https://irma.nps.gov/DataStore/DownloadFile/596252?Reference=1048121
fe9d7a0f-cdcb-4818-bcb0-21b5bb5f261c,xml,https://irma.nps.gov/DataStore/DownloadFile/536780?Reference=1048121
7c369549-42fb-4735-ba40-c1642fcb004c,xml,https://irma.nps.gov/DataStore/DownloadFile/541651?Reference=2125073
7c369549-42fb-4735-ba40-c1642fcb004c,zip,https://irma.nps.gov/DataStore/DownloadFile/376670?Reference=2125073
715c400e-28b4-492f-aba1-2b1762b9044c,zip,https://irma.nps.gov/DataStore/DownloadFile/376668?Reference=2125072
715c400e-28b4-492f-aba1-2b1762b9044c,xml,https://irma.nps.gov/DataStore/DownloadFile/541650?Reference=2125072
78da8ccf-10b0-4b81-91fd-720c23bfe3b3,xml,https://irma.nps.gov/DataStore/DownloadFile/541649?Reference=2125071
78da8ccf-10b0-4b81-91fd-720c23bfe3b3,zip,https://irma.nps.gov/DataStore/DownloadFile/376665?Reference=2125071
ec3fa7e5-6cb1-424a-81ad-876e3352634c,zip,https://irma.nps.gov/DataStore/DownloadFile/418612?Reference=2164920
ec3fa7e5-6cb1-424a-81ad-876e3352634c,xml,https://irma.nps.gov/DataStore/DownloadFile/541715?Reference=2164920
b6b84149-d7e8-483e-a518-5c97aefbdfac,zip,https://irma.nps.gov/DataStore/DownloadFile/418609?Reference=2164919
b6b84149-d7e8-483e-a518-5c97aefbdfac,xml,https://irma.nps.gov/DataStore/DownloadFile/541714?Reference=2164919
dd94a57e-6166-4823-9f0d-447dbcf4b6a9,xml,https://irma.nps.gov/DataStore/DownloadFile/541588?Reference=2124943
dd94a57e-6166-4823-9f0d-447dbcf4b6a9,zip,https://irma.nps.gov/DataStore/DownloadFile/376510?Reference=2124943
c24596f0-3d5a-41df-87d2-317b783ec80b,zip,https://irma.nps.gov/DataStore/DownloadFile/376507?Reference=2124942
c24596f0-3d5a-41df-87d2-317b783ec80b,xml,https://irma.nps.gov/DataStore/DownloadFile/541587?Reference=2124942
2ceab6e9-6d44-49d4-bd94-74da7672e2ef,xml,https://irma.nps.gov/DataStore/DownloadFile/541586?Reference=2124941
2ceab6e9-6d44-49d4-bd94-74da7672e2ef,zip,https://irma.nps.gov/DataStore/DownloadFile/376504?Reference=2124941
f87dac8c-e187-4acb-92e1-f63d7025c15b,zip,https://irma.nps.gov/DataStore/DownloadFile/376502?Reference=2124940
f87dac8c-e187-4acb-92e1-f63d7025c15b,xml,https://irma.nps.gov/DataStore/DownloadFile/541585?Reference=2124940
ed1503ee-0c47-4fa0-8328-96c6b89a4a7e,xml,https://irma.nps.gov/DataStore/DownloadFile/541589?Reference=2124949
ed1503ee-0c47-4fa0-8328-96c6b89a4a7e,zip,https://irma.nps.gov/DataStore/DownloadFile/376513?Reference=2124949
f308bc7b-13c5-45f5-a41f-c095cb36e59a,xml,https://irma.nps.gov/DataStore/DownloadFile/541581?Reference=2124936
f308bc7b-13c5-45f5-a41f-c095cb36e59a,zip,https://irma.nps.gov/DataStore/DownloadFile/376494?Reference=2124936
b78ad23a-386d-4a88-b247-8737ef8650e3,zip,https://irma.nps.gov/DataStore/DownloadFile/376492?Reference=2124935
b78ad23a-386d-4a88-b247-8737ef8650e3,xml,https://irma.nps.gov/DataStore/DownloadFile/541580?Reference=2124935
b49c341b-fe97-4b73-a215-f98b8ba76679,xml,https://irma.nps.gov/DataStore/DownloadFile/541584?Reference=2124939
b49c341b-fe97-4b73-a215-f98b8ba76679,zip,https://irma.nps.gov/DataStore/DownloadFile/376500?Reference=2124939
dfc5a27d-9527-4377-bf38-73cd4e237285,zip,https://irma.nps.gov/DataStore/DownloadFile/376498?Reference=2124938
dfc5a27d-9527-4377-bf38-73cd4e237285,xml,https://irma.nps.gov/DataStore/DownloadFile/541583?Reference=2124938
51944270-9b76-44d6-945a-7ba723d51912,xml,https://irma.nps.gov/DataStore/DownloadFile/541582?Reference=2124937
51944270-9b76-44d6-945a-7ba723d51912,zip,https://irma.nps.gov/DataStore/DownloadFile/376496?Reference=2124937
dccf1727-d92b-4e89-82ac-d8d7657ff5c6,xml,https://irma.nps.gov/DataStore/DownloadFile/541781?Reference=2165440
dccf1727-d92b-4e89-82ac-d8d7657ff5c6,zip,https://irma.nps.gov/DataStore/DownloadFile/418923?Reference=2165440
50dff6e6-e0d8-49b5-a517-513e5c839196,xml,https://irma.nps.gov/DataStore/DownloadFile/541576?Reference=2124925
50dff6e6-e0d8-49b5-a517-513e5c839196,zip,https://irma.nps.gov/DataStore/DownloadFile/376476?Reference=2124925
b288bc75-03aa-4313-b184-56e02e9430c4,xml,https://irma.nps.gov/DataStore/DownloadFile/541575?Reference=2124923
b288bc75-03aa-4313-b184-56e02e9430c4,zip,https://irma.nps.gov/DataStore/DownloadFile/376474?Reference=2124923
3d976baf-645c-4326-9bf6-a44abd2803d4,xml,https://irma.nps.gov/DataStore/DownloadFile/541574?Reference=2124921
3d976baf-645c-4326-9bf6-a44abd2803d4,zip,https://irma.nps.gov/DataStore/DownloadFile/376471?Reference=2124921
91d85528-76a2-42cc-a8e4-6c0a9528bbf1,xml,https://irma.nps.gov/DataStore/DownloadFile/541573?Reference=2124920
91d85528-76a2-42cc-a8e4-6c0a9528bbf1,zip,https://irma.nps.gov/DataStore/DownloadFile/376468?Reference=2124920
1a8ad8d6-0f70-437b-a634-0ce55cc3867c,xml,https://irma.nps.gov/DataStore/DownloadFile/541579?Reference=2124928
1a8ad8d6-0f70-437b-a634-0ce55cc3867c,zip,https://irma.nps.gov/DataStore/DownloadFile/376483?Reference=2124928
f594f1fa-2e0d-4af0-b98e-44d93255052e,xml,https://irma.nps.gov/DataStore/DownloadFile/541578?Reference=2124927
f594f1fa-2e0d-4af0-b98e-44d93255052e,zip,https://irma.nps.gov/DataStore/DownloadFile/376480?Reference=2124927
4f16f07f-61ae-41d6-803e-b9b2eacec49e,xml,https://irma.nps.gov/DataStore/DownloadFile/541577?Reference=2124926
4f16f07f-61ae-41d6-803e-b9b2eacec49e,zip,https://irma.nps.gov/DataStore/DownloadFile/376478?Reference=2124926
ca5207dd-8758-4340-b24c-a6b5faf238b7,xml,https://irma.nps.gov/DataStore/DownloadFile/541569?Reference=2124914
ca5207dd-8758-4340-b24c-a6b5faf238b7,zip,https://irma.nps.gov/DataStore/DownloadFile/376457?Reference=2124914
d5a55ba4-8bc7-4ad5-b0f9-5f3012005d5e,xml,https://irma.nps.gov/DataStore/DownloadFile/541568?Reference=2124913
d5a55ba4-8bc7-4ad5-b0f9-5f3012005d5e,zip,https://irma.nps.gov/DataStore/DownloadFile/376447?Reference=2124913
f3e329b8-de2b-4e4a-907d-224eea886fa4,xml,https://irma.nps.gov/DataStore/DownloadFile/541567?Reference=2124912
f3e329b8-de2b-4e4a-907d-224eea886fa4,zip,https://irma.nps.gov/DataStore/DownloadFile/376445?Reference=2124912
41488556-3dd5-4318-96b1-bc0afbfdb852,xml,https://irma.nps.gov/DataStore/DownloadFile/541566?Reference=2124911
41488556-3dd5-4318-96b1-bc0afbfdb852,zip,https://irma.nps.gov/DataStore/DownloadFile/376443?Reference=2124911
86412523-b3dd-4480-a7be-b6c2dc0b6388,zip,https://irma.nps.gov/DataStore/DownloadFile/376441?Reference=2124910
86412523-b3dd-4480-a7be-b6c2dc0b6388,xml,https://irma.nps.gov/DataStore/DownloadFile/541565?Reference=2124910
b9202a39-d77c-49a1-bf94-a2dd98289817,xml,https://irma.nps.gov/DataStore/DownloadFile/541572?Reference=2124917
b9202a39-d77c-49a1-bf94-a2dd98289817,zip,https://irma.nps.gov/DataStore/DownloadFile/376466?Reference=2124917
46c6f619-eca1-4825-9a3b-57f2591b2d19,zip,https://irma.nps.gov/DataStore/DownloadFile/376463?Reference=2124916
46c6f619-eca1-4825-9a3b-57f2591b2d19,xml,https://irma.nps.gov/DataStore/DownloadFile/541571?Reference=2124916
159f7675-315e-4a52-9ca8-9508467aacab,xml,https://irma.nps.gov/DataStore/DownloadFile/541560?Reference=2124903
159f7675-315e-4a52-9ca8-9508467aacab,zip,https://irma.nps.gov/DataStore/DownloadFile/376421?Reference=2124903
0af66776-39f2-4bae-88fc-72e6fc22dfd4,xml,https://irma.nps.gov/DataStore/DownloadFile/541559?Reference=2124902
0af66776-39f2-4bae-88fc-72e6fc22dfd4,zip,https://irma.nps.gov/DataStore/DownloadFile/376419?Reference=2124902
5312eea6-6a98-4684-a757-b61fe74ce557,zip,https://irma.nps.gov/DataStore/DownloadFile/376416?Reference=2124901
5312eea6-6a98-4684-a757-b61fe74ce557,xml,https://irma.nps.gov/DataStore/DownloadFile/541558?Reference=2124901
18cf1d91-65f2-4e8e-b4ee-580748334357,xml,https://irma.nps.gov/DataStore/DownloadFile/541557?Reference=2124900
18cf1d91-65f2-4e8e-b4ee-580748334357,zip,https://irma.nps.gov/DataStore/DownloadFile/376414?Reference=2124900
ed5fce31-dc2e-4d7e-a377-70c4b62c2fa7,zip,https://irma.nps.gov/DataStore/DownloadFile/376438?Reference=2124909
ed5fce31-dc2e-4d7e-a377-70c4b62c2fa7,xml,https://irma.nps.gov/DataStore/DownloadFile/541564?Reference=2124909
498e77a0-1139-4027-89e0-42cf81805feb,zip,https://irma.nps.gov/DataStore/DownloadFile/376436?Reference=2124908
498e77a0-1139-4027-89e0-42cf81805feb,xml,https://irma.nps.gov/DataStore/DownloadFile/541563?Reference=2124908
a4f5259a-f517-4e51-9682-046f969aaac0,zip,https://irma.nps.gov/DataStore/DownloadFile/376426?Reference=2124905
a4f5259a-f517-4e51-9682-046f969aaac0,xml,https://irma.nps.gov/DataStore/DownloadFile/541562?Reference=2124905
ea7669a9-9295-4163-8c17-55b7992df17d,xml,https://irma.nps.gov/DataStore/DownloadFile/541561?Reference=2124904
ea7669a9-9295-4163-8c17-55b7992df17d,zip,https://irma.nps.gov/DataStore/DownloadFile/376424?Reference=2124904
f912979e-39d0-42eb-aeae-303312424d26,zip,https://irma.nps.gov/DataStore/DownloadFile/418528?Reference=2164859
f912979e-39d0-42eb-aeae-303312424d26,xml,https://irma.nps.gov/DataStore/DownloadFile/541693?Reference=2164859
5e5b7e0a-e657-43b4-9036-0d3f998ccf6f,xml,https://irma.nps.gov/DataStore/DownloadFile/541692?Reference=2164858
5e5b7e0a-e657-43b4-9036-0d3f998ccf6f,zip,https://irma.nps.gov/DataStore/DownloadFile/418526?Reference=2164858
bb0cb1b3-55a7-48a9-a541-b29f4b2e74c8,zip,https://irma.nps.gov/DataStore/DownloadFile/418524?Reference=2164857
bb0cb1b3-55a7-48a9-a541-b29f4b2e74c8,xml,https://irma.nps.gov/DataStore/DownloadFile/541691?Reference=2164857
baf9d0cc-af46-4c32-901c-d6f8e3e5e579,zip,https://irma.nps.gov/DataStore/DownloadFile/418558?Reference=2164890
baf9d0cc-af46-4c32-901c-d6f8e3e5e579,xml,https://irma.nps.gov/DataStore/DownloadFile/541703?Reference=2164890
942360d2-e994-4fc5-9f12-0bedb26c35b7,zip,https://irma.nps.gov/DataStore/DownloadFile/418556?Reference=2164889
942360d2-e994-4fc5-9f12-0bedb26c35b7,xml,https://irma.nps.gov/DataStore/DownloadFile/541702?Reference=2164889
52c88183-ffd5-454e-b14e-48645ee657fe,zip,https://irma.nps.gov/DataStore/DownloadFile/418554?Reference=2164888
52c88183-ffd5-454e-b14e-48645ee657fe,xml,https://irma.nps.gov/DataStore/DownloadFile/541701?Reference=2164888
39c95dde-17f9-43d7-83b5-50a4462362b6,zip,https://irma.nps.gov/DataStore/DownloadFile/418552?Reference=2164887
39c95dde-17f9-43d7-83b5-50a4462362b6,xml,https://irma.nps.gov/DataStore/DownloadFile/541700?Reference=2164887
fd1b9bac-5a78-4825-a98a-fd0dfc9c102b,xml,https://irma.nps.gov/DataStore/DownloadFile/541699?Reference=2164886
fd1b9bac-5a78-4825-a98a-fd0dfc9c102b,zip,https://irma.nps.gov/DataStore/DownloadFile/418550?Reference=2164886
6ac0c175-88db-4057-ab7c-6342f2f7eb6c,xml,https://irma.nps.gov/DataStore/DownloadFile/541698?Reference=2164885
6ac0c175-88db-4057-ab7c-6342f2f7eb6c,zip,https://irma.nps.gov/DataStore/DownloadFile/418548?Reference=2164885
a6a3c1ea-b01c-44cc-837b-b40c97e205f9,zip,https://irma.nps.gov/DataStore/DownloadFile/418546?Reference=2164884
a6a3c1ea-b01c-44cc-837b-b40c97e205f9,xml,https://irma.nps.gov/DataStore/DownloadFile/541697?Reference=2164884
ce26fbaf-ab0a-4f20-b70e-34c84b5b9908,zip,https://irma.nps.gov/DataStore/DownloadFile/418544?Reference=2164883
ce26fbaf-ab0a-4f20-b70e-34c84b5b9908,xml,https://irma.nps.gov/DataStore/DownloadFile/541696?Reference=2164883
8667bd75-9079-4ead-8fa1-f158858a7725,xml,https://irma.nps.gov/DataStore/DownloadFile/541695?Reference=2164882
8667bd75-9079-4ead-8fa1-f158858a7725,zip,https://irma.nps.gov/DataStore/DownloadFile/418542?Reference=2164882
a69901cb-fb44-4bd4-ba83-127b996460cb,xml,https://irma.nps.gov/DataStore/DownloadFile/541556?Reference=2124899
a69901cb-fb44-4bd4-ba83-127b996460cb,zip,https://irma.nps.gov/DataStore/DownloadFile/376412?Reference=2124899
e014625b-3964-4fb6-8155-3dbc7b53db87,xml,https://irma.nps.gov/DataStore/DownloadFile/541555?Reference=2124898
e014625b-3964-4fb6-8155-3dbc7b53db87,zip,https://irma.nps.gov/DataStore/DownloadFile/376410?Reference=2124898
e0efc5ec-563b-4409-9469-c333fd5acedd,zip,https://irma.nps.gov/DataStore/DownloadFile/376408?Reference=2124897
e0efc5ec-563b-4409-9469-c333fd5acedd,xml,https://irma.nps.gov/DataStore/DownloadFile/541554?Reference=2124897
4dd762cb-94c3-42c4-aaeb-658817bddd8e,xml,https://irma.nps.gov/DataStore/DownloadFile/541553?Reference=2124891
4dd762cb-94c3-42c4-aaeb-658817bddd8e,zip,https://irma.nps.gov/DataStore/DownloadFile/376404?Reference=2124891
dfe6ab02-6b7a-4b31-a5f0-286752f28977,xml,https://irma.nps.gov/DataStore/DownloadFile/541552?Reference=2124889
dfe6ab02-6b7a-4b31-a5f0-286752f28977,zip,https://irma.nps.gov/DataStore/DownloadFile/376402?Reference=2124889
3207e47a-ad80-4e62-836a-0fdf0ff8ccaf,zip,https://irma.nps.gov/DataStore/DownloadFile/376400?Reference=2124888
3207e47a-ad80-4e62-836a-0fdf0ff8ccaf,xml,https://irma.nps.gov/DataStore/DownloadFile/541551?Reference=2124888
1d8d9a17-5a6b-4c75-91d5-55d7f21db58a,xml,https://irma.nps.gov/DataStore/DownloadFile/541550?Reference=2124887
1d8d9a17-5a6b-4c75-91d5-55d7f21db58a,zip,https://irma.nps.gov/DataStore/DownloadFile/376397?Reference=2124887
5a9f3e91-e674-439a-b86b-ec11e3cf3f04,xml,https://irma.nps.gov/DataStore/DownloadFile/541549?Reference=2124882
5a9f3e91-e674-439a-b86b-ec11e3cf3f04,zip,https://irma.nps.gov/DataStore/DownloadFile/376395?Reference=2124882
7eff68a9-8709-418a-9184-e7cac034fe04,xml,https://irma.nps.gov/DataStore/DownloadFile/541924?Reference=2166619
7eff68a9-8709-418a-9184-e7cac034fe04,zip,https://irma.nps.gov/DataStore/DownloadFile/420884?Reference=2166619
c6ed7c52-4120-42ed-9fbe-5eeb0ce71dd0,zip,https://irma.nps.gov/DataStore/DownloadFile/420878?Reference=2166616
c6ed7c52-4120-42ed-9fbe-5eeb0ce71dd0,xml,https://irma.nps.gov/DataStore/DownloadFile/541922?Reference=2166616
d8ee4b9d-0693-4fff-b7f5-5a8f652418aa,xml,https://irma.nps.gov/DataStore/DownloadFile/541923?Reference=2166617
d8ee4b9d-0693-4fff-b7f5-5a8f652418aa,zip,https://irma.nps.gov/DataStore/DownloadFile/420881?Reference=2166617
536f1770-3e2c-4d4a-bb15-e4543e4baa42,zip,https://irma.nps.gov/DataStore/DownloadFile/374012?Reference=1048788
536f1770-3e2c-4d4a-bb15-e4543e4baa42,xml,https://irma.nps.gov/DataStore/DownloadFile/537041?Reference=1048788
033a57db-7bed-4ba7-8942-7248f75ed3c8,xml,https://irma.nps.gov/DataStore/DownloadFile/541933?Reference=2166630
033a57db-7bed-4ba7-8942-7248f75ed3c8,zip,https://irma.nps.gov/DataStore/DownloadFile/420911?Reference=2166630
503e896d-23c7-4d97-bd83-9053518e7882,zip,https://irma.nps.gov/DataStore/DownloadFile/420909?Reference=2166629
503e896d-23c7-4d97-bd83-9053518e7882,xml,https://irma.nps.gov/DataStore/DownloadFile/541932?Reference=2166629
fefb03d8-41fb-49e8-88c4-dfe9ae881744,xml,https://irma.nps.gov/DataStore/DownloadFile/541931?Reference=2166628
fefb03d8-41fb-49e8-88c4-dfe9ae881744,zip,https://irma.nps.gov/DataStore/DownloadFile/420905?Reference=2166628
5edd67a0-7621-4570-8dff-7a6ed3e6d5ae,xml,https://irma.nps.gov/DataStore/DownloadFile/541928?Reference=2166625
5edd67a0-7621-4570-8dff-7a6ed3e6d5ae,zip,https://irma.nps.gov/DataStore/DownloadFile/420898?Reference=2166625
278bfa1a-8d3c-4016-a905-adea2086e17d,xml,https://irma.nps.gov/DataStore/DownloadFile/541929?Reference=2166626
278bfa1a-8d3c-4016-a905-adea2086e17d,zip,https://irma.nps.gov/DataStore/DownloadFile/420901?Reference=2166626
268065d6-c468-4386-ab05-bd6ef70f072e,zip,https://irma.nps.gov/DataStore/DownloadFile/420889?Reference=2166621
268065d6-c468-4386-ab05-bd6ef70f072e,xml,https://irma.nps.gov/DataStore/DownloadFile/541926?Reference=2166621
661cfa36-e15b-48f7-9f6a-9823e5d59400,xml,https://irma.nps.gov/DataStore/DownloadFile/541943?Reference=2166652
661cfa36-e15b-48f7-9f6a-9823e5d59400,zip,https://irma.nps.gov/DataStore/DownloadFile/420986?Reference=2166652
8a2d2934-2922-4eee-b054-329b9cdbfc91,xml,https://irma.nps.gov/DataStore/DownloadFile/541942?Reference=2166650
8a2d2934-2922-4eee-b054-329b9cdbfc91,zip,https://irma.nps.gov/DataStore/DownloadFile/420975?Reference=2166650
6578a9f2-bf0c-435d-9edd-8fa13ce57e51,xml,https://irma.nps.gov/DataStore/DownloadFile/541940?Reference=2166647
6578a9f2-bf0c-435d-9edd-8fa13ce57e51,zip,https://irma.nps.gov/DataStore/DownloadFile/420971?Reference=2166647
8ff18113-014e-4be7-b97d-87a082167647,xml,https://irma.nps.gov/DataStore/DownloadFile/541939?Reference=2166646
8ff18113-014e-4be7-b97d-87a082167647,zip,https://irma.nps.gov/DataStore/DownloadFile/420969?Reference=2166646
813b40d8-5891-43bb-bf9c-4cc1f4dbfc70,zip,https://irma.nps.gov/DataStore/DownloadFile/420973?Reference=2166648
813b40d8-5891-43bb-bf9c-4cc1f4dbfc70,xml,https://irma.nps.gov/DataStore/DownloadFile/541941?Reference=2166648
49721b70-0ce5-4bc5-9eca-7bc6735aa0de,zip,https://irma.nps.gov/DataStore/DownloadFile/420967?Reference=2166644
49721b70-0ce5-4bc5-9eca-7bc6735aa0de,xml,https://irma.nps.gov/DataStore/DownloadFile/541938?Reference=2166644
78a6ae3b-d87d-407f-9f4a-75d3e4cb392e,csv,https://download.medicaid.gov/data/nadac-comparison-03-18-2026.csv
790245be-87d3-4445-bae9-edf4b4ecaf73,csv,https://download.medicaid.gov/data/mdrp-newly-rprt-drug-03162026-to-03222026.csv
357cdcf6-0c27-4ebb-bac6-82caeadef073,csv,https://data.austintexas.gov/api/views/wysf-2xej/rows.csv?accessType=DOWNLOAD
357cdcf6-0c27-4ebb-bac6-82caeadef073,rdf,https://data.austintexas.gov/api/views/wysf-2xej/rows.rdf?accessType=DOWNLOAD
357cdcf6-0c27-4ebb-bac6-82caeadef073,json,https://data.austintexas.gov/api/views/wysf-2xej/rows.json?accessType=DOWNLOAD
357cdcf6-0c27-4ebb-bac6-82caeadef073,xml,https://data.austintexas.gov/api/views/wysf-2xej/rows.xml?accessType=DOWNLOAD
579ae065-6094-411f-8b7f-49154319026b,pdf,https://data.austintexas.gov/download/w9p4-87ys/application/pdf
988789b5-d1cd-4562-8204-7150c2e070ac,csv,https://data.austintexas.gov/api/views/uzmu-t9rn/rows.csv?accessType=DOWNLOAD
988789b5-d1cd-4562-8204-7150c2e070ac,rdf,https://data.austintexas.gov/api/views/uzmu-t9rn/rows.rdf?accessType=DOWNLOAD
988789b5-d1cd-4562-8204-7150c2e070ac,json,https://data.austintexas.gov/api/views/uzmu-t9rn/rows.json?accessType=DOWNLOAD
988789b5-d1cd-4562-8204-7150c2e070ac,xml,https://data.austintexas.gov/api/views/uzmu-t9rn/rows.xml?accessType=DOWNLOAD
5c06f7f4-dd43-47ae-afe5-63aed43ec919,csv,https://data.austintexas.gov/api/views/tgsq-5m6e/rows.csv?accessType=DOWNLOAD
5c06f7f4-dd43-47ae-afe5-63aed43ec919,rdf,https://data.austintexas.gov/api/views/tgsq-5m6e/rows.rdf?accessType=DOWNLOAD
5c06f7f4-dd43-47ae-afe5-63aed43ec919,json,https://data.austintexas.gov/api/views/tgsq-5m6e/rows.json?accessType=DOWNLOAD
5c06f7f4-dd43-47ae-afe5-63aed43ec919,xml,https://data.austintexas.gov/api/views/tgsq-5m6e/rows.xml?accessType=DOWNLOAD
982f41d6-d944-42b1-b19f-799c27258c89,pdf,https://data.austintexas.gov/download/rxsd-brfu/application/pdf
eec2cfb3-0b6b-4df2-a1ec-c7677e5e3526,csv,https://data.austintexas.gov/api/views/qurn-xwim/rows.csv?accessType=DOWNLOAD
eec2cfb3-0b6b-4df2-a1ec-c7677e5e3526,rdf,https://data.austintexas.gov/api/views/qurn-xwim/rows.rdf?accessType=DOWNLOAD
eec2cfb3-0b6b-4df2-a1ec-c7677e5e3526,json,https://data.austintexas.gov/api/views/qurn-xwim/rows.json?accessType=DOWNLOAD
eec2cfb3-0b6b-4df2-a1ec-c7677e5e3526,xml,https://data.austintexas.gov/api/views/qurn-xwim/rows.xml?accessType=DOWNLOAD
2376ab20-c517-47a7-bd51-6bd4df810716,pdf,https://data.austintexas.gov/download/qnac-i2tw/application/pdf
554da962-11d1-4502-9717-7deedc611e14,pdf,https://data.austintexas.gov/download/mvtm-g9k4/application/pdf
73d1551a-67a8-47a6-aa37-17518192a90c,csv,https://data.austintexas.gov/api/views/iap8-eqhh/rows.csv?accessType=DOWNLOAD
73d1551a-67a8-47a6-aa37-17518192a90c,rdf,https://data.austintexas.gov/api/views/iap8-eqhh/rows.rdf?accessType=DOWNLOAD
73d1551a-67a8-47a6-aa37-17518192a90c,json,https://data.austintexas.gov/api/views/iap8-eqhh/rows.json?accessType=DOWNLOAD
73d1551a-67a8-47a6-aa37-17518192a90c,xml,https://data.austintexas.gov/api/views/iap8-eqhh/rows.xml?accessType=DOWNLOAD
c53d612a-0f38-4da1-85b4-8a1614b7001d,pdf,https://data.austintexas.gov/download/i4hr-8nnc/application/pdf
b22c256c-64f3-45c4-af2e-06a40877332c,pdf,https://data.austintexas.gov/download/ggq9-wzam/application/pdf
1b3af324-b9ae-4d34-a40b-89d7c5d041b6,pdf,https://data.austintexas.gov/download/fs2x-hdgw/application/pdf
4f13ecbf-8fc5-4970-aba7-4279d7479a4b,pdf,https://data.austintexas.gov/download/fjcy-wfwr/application/pdf
c31f7009-a373-4b5f-96f2-d502966c1cf9,csv,https://data.austintexas.gov/api/views/er34-v24h/rows.csv?accessType=DOWNLOAD
c31f7009-a373-4b5f-96f2-d502966c1cf9,rdf,https://data.austintexas.gov/api/views/er34-v24h/rows.rdf?accessType=DOWNLOAD
c31f7009-a373-4b5f-96f2-d502966c1cf9,json,https://data.austintexas.gov/api/views/er34-v24h/rows.json?accessType=DOWNLOAD
c31f7009-a373-4b5f-96f2-d502966c1cf9,xml,https://data.austintexas.gov/api/views/er34-v24h/rows.xml?accessType=DOWNLOAD
b466a695-9733-4008-b4ae-cd5a07d21b3a,pdf,https://data.austintexas.gov/download/eczz-mgmz/application/pdf
320fc0b6-94e3-450e-8ea3-68a971c40464,pdf,https://data.austintexas.gov/download/dq4f-yrjx/application/pdf
8e04c29f-c1e1-440c-ab2c-577eef3e7924,pdf,https://data.austintexas.gov/download/ddvn-wuiq/application/pdf
b03e88a3-3fd4-4d1a-9d4f-74a1ed1d1bb2,csv,https://data.austintexas.gov/api/views/bnxw-h4bg/rows.csv?accessType=DOWNLOAD
b03e88a3-3fd4-4d1a-9d4f-74a1ed1d1bb2,rdf,https://data.austintexas.gov/api/views/bnxw-h4bg/rows.rdf?accessType=DOWNLOAD
b03e88a3-3fd4-4d1a-9d4f-74a1ed1d1bb2,json,https://data.austintexas.gov/api/views/bnxw-h4bg/rows.json?accessType=DOWNLOAD
b03e88a3-3fd4-4d1a-9d4f-74a1ed1d1bb2,xml,https://data.austintexas.gov/api/views/bnxw-h4bg/rows.xml?accessType=DOWNLOAD
cb214cf9-e4a1-44d0-b0d7-e354fdc4602d,pdf,https://data.austintexas.gov/download/9ybr-9zpf/application/pdf
b9328a0e-d2ec-4d1b-8ae7-ac27ae0ad107,pdf,https://data.austintexas.gov/download/9j8j-79jn/application/pdf
8ac2466c-7cc8-4ed3-a276-4792f5a6517c,csv,https://data.austintexas.gov/api/views/7fq8-wig2/rows.csv?accessType=DOWNLOAD
8ac2466c-7cc8-4ed3-a276-4792f5a6517c,rdf,https://data.austintexas.gov/api/views/7fq8-wig2/rows.rdf?accessType=DOWNLOAD
8ac2466c-7cc8-4ed3-a276-4792f5a6517c,json,https://data.austintexas.gov/api/views/7fq8-wig2/rows.json?accessType=DOWNLOAD
8ac2466c-7cc8-4ed3-a276-4792f5a6517c,xml,https://data.austintexas.gov/api/views/7fq8-wig2/rows.xml?accessType=DOWNLOAD
0ca29a64-8d12-4bcf-b625-679820f94860,csv,https://data.austintexas.gov/api/views/7brs-nemn/rows.csv?accessType=DOWNLOAD
0ca29a64-8d12-4bcf-b625-679820f94860,rdf,https://data.austintexas.gov/api/views/7brs-nemn/rows.rdf?accessType=DOWNLOAD
0ca29a64-8d12-4bcf-b625-679820f94860,json,https://data.austintexas.gov/api/views/7brs-nemn/rows.json?accessType=DOWNLOAD
0ca29a64-8d12-4bcf-b625-679820f94860,xml,https://data.austintexas.gov/api/views/7brs-nemn/rows.xml?accessType=DOWNLOAD
e3959526-f45f-4fe3-9b12-d86a616425ce,csv,https://data.austintexas.gov/api/views/6pm5-am5m/rows.csv?accessType=DOWNLOAD
e3959526-f45f-4fe3-9b12-d86a616425ce,rdf,https://data.austintexas.gov/api/views/6pm5-am5m/rows.rdf?accessType=DOWNLOAD
e3959526-f45f-4fe3-9b12-d86a616425ce,json,https://data.austintexas.gov/api/views/6pm5-am5m/rows.json?accessType=DOWNLOAD
e3959526-f45f-4fe3-9b12-d86a616425ce,xml,https://data.austintexas.gov/api/views/6pm5-am5m/rows.xml?accessType=DOWNLOAD
7e36dff4-1d6c-435a-be22-3b9d95dbf202,pdf,https://data.austintexas.gov/download/6mss-rjyu/application/pdf
bb3be766-43c2-4d51-ad58-bc9d3d107bb1,pdf,https://data.austintexas.gov/download/5z5y-64k7/application/pdf
b1c72065-5d28-4eab-936f-ed97bed5bae5,csv,https://data.austintexas.gov/api/views/4g9k-2c6m/rows.csv?accessType=DOWNLOAD
b1c72065-5d28-4eab-936f-ed97bed5bae5,rdf,https://data.austintexas.gov/api/views/4g9k-2c6m/rows.rdf?accessType=DOWNLOAD
b1c72065-5d28-4eab-936f-ed97bed5bae5,json,https://data.austintexas.gov/api/views/4g9k-2c6m/rows.json?accessType=DOWNLOAD
b1c72065-5d28-4eab-936f-ed97bed5bae5,xml,https://data.austintexas.gov/api/views/4g9k-2c6m/rows.xml?accessType=DOWNLOAD
983e5283-12a3-4213-9e7e-f6683a0f6443,csv,https://data.austintexas.gov/api/views/3ttu-gj3d/rows.csv?accessType=DOWNLOAD
983e5283-12a3-4213-9e7e-f6683a0f6443,rdf,https://data.austintexas.gov/api/views/3ttu-gj3d/rows.rdf?accessType=DOWNLOAD
983e5283-12a3-4213-9e7e-f6683a0f6443,json,https://data.austintexas.gov/api/views/3ttu-gj3d/rows.json?accessType=DOWNLOAD
983e5283-12a3-4213-9e7e-f6683a0f6443,xml,https://data.austintexas.gov/api/views/3ttu-gj3d/rows.xml?accessType=DOWNLOAD
7f5d67b1-5089-4028-8e7d-454a75c496e2,csv,https://data.austintexas.gov/api/views/2h5e-ntwt/rows.csv?accessType=DOWNLOAD
7f5d67b1-5089-4028-8e7d-454a75c496e2,rdf,https://data.austintexas.gov/api/views/2h5e-ntwt/rows.rdf?accessType=DOWNLOAD
7f5d67b1-5089-4028-8e7d-454a75c496e2,json,https://data.austintexas.gov/api/views/2h5e-ntwt/rows.json?accessType=DOWNLOAD
7f5d67b1-5089-4028-8e7d-454a75c496e2,xml,https://data.austintexas.gov/api/views/2h5e-ntwt/rows.xml?accessType=DOWNLOAD
9a66580c-48f9-486c-8253-776a842eebb8,csv,https://data.transportation.gov/api/views/ge9b-nbt9/rows.csv?accessType=DOWNLOAD
9a66580c-48f9-486c-8253-776a842eebb8,rdf,https://data.transportation.gov/api/views/ge9b-nbt9/rows.rdf?accessType=DOWNLOAD
9a66580c-48f9-486c-8253-776a842eebb8,json,https://data.transportation.gov/api/views/ge9b-nbt9/rows.json?accessType=DOWNLOAD
9a66580c-48f9-486c-8253-776a842eebb8,xml,https://data.transportation.gov/api/views/ge9b-nbt9/rows.xml?accessType=DOWNLOAD
7ddec5c7-efb6-4af9-9d08-7553e6d1d6fc,csv,https://data.transportation.gov/api/views/b55b-fde7/rows.csv?accessType=DOWNLOAD
7ddec5c7-efb6-4af9-9d08-7553e6d1d6fc,rdf,https://data.transportation.gov/api/views/b55b-fde7/rows.rdf?accessType=DOWNLOAD
7ddec5c7-efb6-4af9-9d08-7553e6d1d6fc,json,https://data.transportation.gov/api/views/b55b-fde7/rows.json?accessType=DOWNLOAD
7ddec5c7-efb6-4af9-9d08-7553e6d1d6fc,xml,https://data.transportation.gov/api/views/b55b-fde7/rows.xml?accessType=DOWNLOAD
a05aff2b-c6b1-47d5-898a-ad969f705a6a,kml,https://gbp-blm-egis.hub.arcgis.com/api/download/v1/items/b522d7eacc1e4d8690618c19834fb63c/kml?layers=0
a05aff2b-c6b1-47d5-898a-ad969f705a6a,arcgis geoservices rest api,https://gis.blm.gov/idarcgis/rest/services/range/BLM_ID_Grazing_Pastures/FeatureServer/0
a05aff2b-c6b1-47d5-898a-ad969f705a6a,zip,https://gbp-blm-egis.hub.arcgis.com/api/download/v1/items/b522d7eacc1e4d8690618c19834fb63c/shapefile?layers=0
a05aff2b-c6b1-47d5-898a-ad969f705a6a,html,https://gbp-blm-egis.hub.arcgis.com/datasets/BLM-EGIS::blm-id-grazing-pastures
a05aff2b-c6b1-47d5-898a-ad969f705a6a,geojson,https://gbp-blm-egis.hub.arcgis.com/api/download/v1/items/b522d7eacc1e4d8690618c19834fb63c/geojson?layers=0
a05aff2b-c6b1-47d5-898a-ad969f705a6a,csv,https://gbp-blm-egis.hub.arcgis.com/api/download/v1/items/b522d7eacc1e4d8690618c19834fb63c/csv?layers=0
a05aff2b-c6b1-47d5-898a-ad969f705a6a,zip,https://gbp-blm-egis.hub.arcgis.com/api/download/v1/items/b522d7eacc1e4d8690618c19834fb63c/filegdb?layers=0
a05aff2b-c6b1-47d5-898a-ad969f705a6a,xml,https://gis.blm.gov/idarcgis/rest/services/range/BLM_ID_Grazing_Pastures/FeatureServer/0/metadata?format=iso19139
3b43639d-3143-4d64-bf78-15463a0a6023,zip,https://gbp-blm-egis.hub.arcgis.com/api/download/v1/items/e01c838bdec54c9092c3963c9ec2b6b1/filegdb?layers=0
3b43639d-3143-4d64-bf78-15463a0a6023,csv,https://gbp-blm-egis.hub.arcgis.com/api/download/v1/items/e01c838bdec54c9092c3963c9ec2b6b1/csv?layers=0
3b43639d-3143-4d64-bf78-15463a0a6023,html,https://gbp-blm-egis.hub.arcgis.com/datasets/BLM-EGIS::blm-id-ground-transportation-linear-features
3b43639d-3143-4d64-bf78-15463a0a6023,geojson,https://gbp-blm-egis.hub.arcgis.com/api/download/v1/items/e01c838bdec54c9092c3963c9ec2b6b1/geojson?layers=0
3b43639d-3143-4d64-bf78-15463a0a6023,xml,https://gis.blm.gov/idarcgis/rest/services/transportation/BLM_ID_Ground_Transportation_Linear_Features/FeatureServer/0/metadata?format=iso19139
3b43639d-3143-4d64-bf78-15463a0a6023,kml,https://gbp-blm-egis.hub.arcgis.com/api/download/v1/items/e01c838bdec54c9092c3963c9ec2b6b1/kml?layers=0
3b43639d-3143-4d64-bf78-15463a0a6023,arcgis geoservices rest api,https://gis.blm.gov/idarcgis/rest/services/transportation/BLM_ID_Ground_Transportation_Linear_Features/FeatureServer/0
3b43639d-3143-4d64-bf78-15463a0a6023,zip,https://gbp-blm-egis.hub.arcgis.com/api/download/v1/items/e01c838bdec54c9092c3963c9ec2b6b1/shapefile?layers=0
94f6859b-df21-4546-a05c-9de8aab62fea,csv,https://gbp-blm-egis.hub.arcgis.com/api/download/v1/items/cdc02934914648ea8b879252dff7943b/csv?layers=0
94f6859b-df21-4546-a05c-9de8aab62fea,geojson,https://gbp-blm-egis.hub.arcgis.com/api/download/v1/items/cdc02934914648ea8b879252dff7943b/geojson?layers=0
94f6859b-df21-4546-a05c-9de8aab62fea,kml,https://gbp-blm-egis.hub.arcgis.com/api/download/v1/items/cdc02934914648ea8b879252dff7943b/kml?layers=0
94f6859b-df21-4546-a05c-9de8aab62fea,zip,https://gbp-blm-egis.hub.arcgis.com/api/download/v1/items/cdc02934914648ea8b879252dff7943b/shapefile?layers=0
94f6859b-df21-4546-a05c-9de8aab62fea,arcgis geoservices rest api,https://gis.blm.gov/idarcgis/rest/services/planning/BLM_ID_Boise_District_Orchard_Training_Area_Military_Proposed_Poly/FeatureServer/0
94f6859b-df21-4546-a05c-9de8aab62fea,xml,https://gis.blm.gov/idarcgis/rest/services/planning/BLM_ID_Boise_District_Orchard_Training_Area_Military_Proposed_Poly/FeatureServer/0/metadata?format=iso19139
94f6859b-df21-4546-a05c-9de8aab62fea,html,https://gbp-blm-egis.hub.arcgis.com/datasets/BLM-EGIS::blm-id-boise-district-orchard-training-area-military-proposed-poly
94f6859b-df21-4546-a05c-9de8aab62fea,zip,https://gbp-blm-egis.hub.arcgis.com/api/download/v1/items/cdc02934914648ea8b879252dff7943b/filegdb?layers=0
fe7b53ec-2cdf-488f-9286-e1c35a315e36,zip,https://gbp-blm-egis.hub.arcgis.com/api/download/v1/items/41fef71f926d48cabc42574a77f167f4/shapefile?layers=0
fe7b53ec-2cdf-488f-9286-e1c35a315e36,kml,https://gbp-blm-egis.hub.arcgis.com/api/download/v1/items/41fef71f926d48cabc42574a77f167f4/kml?layers=0
fe7b53ec-2cdf-488f-9286-e1c35a315e36,xml,https://gis.blm.gov/idarcgis/rest/services/range/BLM_ID_Grazing_Allotments/FeatureServer/0/metadata?format=iso19139
fe7b53ec-2cdf-488f-9286-e1c35a315e36,csv,https://gbp-blm-egis.hub.arcgis.com/api/download/v1/items/41fef71f926d48cabc42574a77f167f4/csv?layers=0
fe7b53ec-2cdf-488f-9286-e1c35a315e36,arcgis geoservices rest api,https://gis.blm.gov/idarcgis/rest/services/range/BLM_ID_Grazing_Allotments/FeatureServer/0
fe7b53ec-2cdf-488f-9286-e1c35a315e36,zip,https://gbp-blm-egis.hub.arcgis.com/api/download/v1/items/41fef71f926d48cabc42574a77f167f4/filegdb?layers=0
fe7b53ec-2cdf-488f-9286-e1c35a315e36,html,https://gbp-blm-egis.hub.arcgis.com/datasets/BLM-EGIS::blm-id-grazing-allotments
fe7b53ec-2cdf-488f-9286-e1c35a315e36,geojson,https://gbp-blm-egis.hub.arcgis.com/api/download/v1/items/41fef71f926d48cabc42574a77f167f4/geojson?layers=0
aec5d7bc-357e-45de-a33c-89a1f55fbe1d,kml,https://gbp-blm-egis.hub.arcgis.com/api/download/v1/items/70ae4638b722423e830b150f721fc770/kml?layers=0
aec5d7bc-357e-45de-a33c-89a1f55fbe1d,zip,https://gbp-blm-egis.hub.arcgis.com/api/download/v1/items/70ae4638b722423e830b150f721fc770/filegdb?layers=0
aec5d7bc-357e-45de-a33c-89a1f55fbe1d,csv,https://gbp-blm-egis.hub.arcgis.com/api/download/v1/items/70ae4638b722423e830b150f721fc770/csv?layers=0
aec5d7bc-357e-45de-a33c-89a1f55fbe1d,geojson,https://gbp-blm-egis.hub.arcgis.com/api/download/v1/items/70ae4638b722423e830b150f721fc770/geojson?layers=0
aec5d7bc-357e-45de-a33c-89a1f55fbe1d,html,https://gbp-blm-egis.hub.arcgis.com/datasets/BLM-EGIS::blm-id-boise-district-orchard-training-area-military-artillery-impact-area-poly
aec5d7bc-357e-45de-a33c-89a1f55fbe1d,xml,https://gis.blm.gov/idarcgis/rest/services/planning/BLM_ID_Boise_District_Orchard_Training_Area_Military_Artillery_Impact_Area_Poly/FeatureServer/0/metadata?format=iso19139
aec5d7bc-357e-45de-a33c-89a1f55fbe1d,arcgis geoservices rest api,https://gis.blm.gov/idarcgis/rest/services/planning/BLM_ID_Boise_District_Orchard_Training_Area_Military_Artillery_Impact_Area_Poly/FeatureServer/0
aec5d7bc-357e-45de-a33c-89a1f55fbe1d,zip,https://gbp-blm-egis.hub.arcgis.com/api/download/v1/items/70ae4638b722423e830b150f721fc770/shapefile?layers=0
63015619-05f8-45c2-bcb7-2abd8cafab1b,html,https://gbp-blm-egis.hub.arcgis.com/datasets/BLM-EGIS::blm-id-boise-district-orchard-training-area-military-impact-area-poly
63015619-05f8-45c2-bcb7-2abd8cafab1b,geojson,https://gbp-blm-egis.hub.arcgis.com/api/download/v1/items/d14a565d4f194f608e2ed6a86f9417b7/geojson?layers=0
63015619-05f8-45c2-bcb7-2abd8cafab1b,kml,https://gbp-blm-egis.hub.arcgis.com/api/download/v1/items/d14a565d4f194f608e2ed6a86f9417b7/kml?layers=0
63015619-05f8-45c2-bcb7-2abd8cafab1b,xml,https://gis.blm.gov/idarcgis/rest/services/planning/BLM_ID_Boise_District_Orchard_Training_Area_Military_Impact_Area_Poly/FeatureServer/0/metadata?format=iso19139
63015619-05f8-45c2-bcb7-2abd8cafab1b,csv,https://gbp-blm-egis.hub.arcgis.com/api/download/v1/items/d14a565d4f194f608e2ed6a86f9417b7/csv?layers=0
63015619-05f8-45c2-bcb7-2abd8cafab1b,zip,https://gbp-blm-egis.hub.arcgis.com/api/download/v1/items/d14a565d4f194f608e2ed6a86f9417b7/shapefile?layers=0
63015619-05f8-45c2-bcb7-2abd8cafab1b,zip,https://gbp-blm-egis.hub.arcgis.com/api/download/v1/items/d14a565d4f194f608e2ed6a86f9417b7/filegdb?layers=0
63015619-05f8-45c2-bcb7-2abd8cafab1b,arcgis geoservices rest api,https://gis.blm.gov/idarcgis/rest/services/planning/BLM_ID_Boise_District_Orchard_Training_Area_Military_Impact_Area_Poly/FeatureServer/0
d42d4ad8-db63-4932-8e4d-b12db17cf189,zip,https://gbp-blm-egis.hub.arcgis.com/api/download/v1/items/e01c838bdec54c9092c3963c9ec2b6b1/filegdb?layers=0
d42d4ad8-db63-4932-8e4d-b12db17cf189,csv,https://gbp-blm-egis.hub.arcgis.com/api/download/v1/items/e01c838bdec54c9092c3963c9ec2b6b1/csv?layers=0
d42d4ad8-db63-4932-8e4d-b12db17cf189,html,https://gbp-blm-egis.hub.arcgis.com/datasets/BLM-EGIS::blm-id-ground-transportation-linear-features
d42d4ad8-db63-4932-8e4d-b12db17cf189,geojson,https://gbp-blm-egis.hub.arcgis.com/api/download/v1/items/e01c838bdec54c9092c3963c9ec2b6b1/geojson?layers=0
d42d4ad8-db63-4932-8e4d-b12db17cf189,xml,https://gis.blm.gov/idarcgis/rest/services/transportation/BLM_ID_Ground_Transportation_Linear_Features/FeatureServer/0/metadata?format=iso19139
d42d4ad8-db63-4932-8e4d-b12db17cf189,kml,https://gbp-blm-egis.hub.arcgis.com/api/download/v1/items/e01c838bdec54c9092c3963c9ec2b6b1/kml?layers=0
d42d4ad8-db63-4932-8e4d-b12db17cf189,arcgis geoservices rest api,https://gis.blm.gov/idarcgis/rest/services/transportation/BLM_ID_Ground_Transportation_Linear_Features/FeatureServer/0
d42d4ad8-db63-4932-8e4d-b12db17cf189,zip,https://gbp-blm-egis.hub.arcgis.com/api/download/v1/items/e01c838bdec54c9092c3963c9ec2b6b1/shapefile?layers=0
ed0a5dbf-b22f-4f2e-b602-a0e15ac66c9f,csv,https://gbp-blm-egis.hub.arcgis.com/api/download/v1/items/cdc02934914648ea8b879252dff7943b/csv?layers=0
ed0a5dbf-b22f-4f2e-b602-a0e15ac66c9f,geojson,https://gbp-blm-egis.hub.arcgis.com/api/download/v1/items/cdc02934914648ea8b879252dff7943b/geojson?layers=0
ed0a5dbf-b22f-4f2e-b602-a0e15ac66c9f,kml,https://gbp-blm-egis.hub.arcgis.com/api/download/v1/items/cdc02934914648ea8b879252dff7943b/kml?layers=0
ed0a5dbf-b22f-4f2e-b602-a0e15ac66c9f,zip,https://gbp-blm-egis.hub.arcgis.com/api/download/v1/items/cdc02934914648ea8b879252dff7943b/shapefile?layers=0
ed0a5dbf-b22f-4f2e-b602-a0e15ac66c9f,arcgis geoservices rest api,https://gis.blm.gov/idarcgis/rest/services/planning/BLM_ID_Boise_District_Orchard_Training_Area_Military_Proposed_Poly/FeatureServer/0
ed0a5dbf-b22f-4f2e-b602-a0e15ac66c9f,xml,https://gis.blm.gov/idarcgis/rest/services/planning/BLM_ID_Boise_District_Orchard_Training_Area_Military_Proposed_Poly/FeatureServer/0/metadata?format=iso19139
ed0a5dbf-b22f-4f2e-b602-a0e15ac66c9f,html,https://gbp-blm-egis.hub.arcgis.com/datasets/BLM-EGIS::blm-id-boise-district-orchard-training-area-military-proposed-poly
ed0a5dbf-b22f-4f2e-b602-a0e15ac66c9f,zip,https://gbp-blm-egis.hub.arcgis.com/api/download/v1/items/cdc02934914648ea8b879252dff7943b/filegdb?layers=0
4cffdb6b-092b-4840-827e-ae7609e88849,zip,https://gbp-blm-egis.hub.arcgis.com/api/download/v1/items/41fef71f926d48cabc42574a77f167f4/shapefile?layers=0
4cffdb6b-092b-4840-827e-ae7609e88849,kml,https://gbp-blm-egis.hub.arcgis.com/api/download/v1/items/41fef71f926d48cabc42574a77f167f4/kml?layers=0
4cffdb6b-092b-4840-827e-ae7609e88849,xml,https://gis.blm.gov/idarcgis/rest/services/range/BLM_ID_Grazing_Allotments/FeatureServer/0/metadata?format=iso19139
4cffdb6b-092b-4840-827e-ae7609e88849,csv,https://gbp-blm-egis.hub.arcgis.com/api/download/v1/items/41fef71f926d48cabc42574a77f167f4/csv?layers=0
4cffdb6b-092b-4840-827e-ae7609e88849,arcgis geoservices rest api,https://gis.blm.gov/idarcgis/rest/services/range/BLM_ID_Grazing_Allotments/FeatureServer/0
4cffdb6b-092b-4840-827e-ae7609e88849,zip,https://gbp-blm-egis.hub.arcgis.com/api/download/v1/items/41fef71f926d48cabc42574a77f167f4/filegdb?layers=0
4cffdb6b-092b-4840-827e-ae7609e88849,html,https://gbp-blm-egis.hub.arcgis.com/datasets/BLM-EGIS::blm-id-grazing-allotments
4cffdb6b-092b-4840-827e-ae7609e88849,geojson,https://gbp-blm-egis.hub.arcgis.com/api/download/v1/items/41fef71f926d48cabc42574a77f167f4/geojson?layers=0
bc85526b-b280-4a94-9dfa-a41175bcb7b4,kml,https://gbp-blm-egis.hub.arcgis.com/api/download/v1/items/70ae4638b722423e830b150f721fc770/kml?layers=0
bc85526b-b280-4a94-9dfa-a41175bcb7b4,zip,https://gbp-blm-egis.hub.arcgis.com/api/download/v1/items/70ae4638b722423e830b150f721fc770/filegdb?layers=0
bc85526b-b280-4a94-9dfa-a41175bcb7b4,csv,https://gbp-blm-egis.hub.arcgis.com/api/download/v1/items/70ae4638b722423e830b150f721fc770/csv?layers=0
bc85526b-b280-4a94-9dfa-a41175bcb7b4,geojson,https://gbp-blm-egis.hub.arcgis.com/api/download/v1/items/70ae4638b722423e830b150f721fc770/geojson?layers=0
bc85526b-b280-4a94-9dfa-a41175bcb7b4,html,https://gbp-blm-egis.hub.arcgis.com/datasets/BLM-EGIS::blm-id-boise-district-orchard-training-area-military-artillery-impact-area-poly
bc85526b-b280-4a94-9dfa-a41175bcb7b4,xml,https://gis.blm.gov/idarcgis/rest/services/planning/BLM_ID_Boise_District_Orchard_Training_Area_Military_Artillery_Impact_Area_Poly/FeatureServer/0/metadata?format=iso19139
bc85526b-b280-4a94-9dfa-a41175bcb7b4,arcgis geoservices rest api,https://gis.blm.gov/idarcgis/rest/services/planning/BLM_ID_Boise_District_Orchard_Training_Area_Military_Artillery_Impact_Area_Poly/FeatureServer/0
bc85526b-b280-4a94-9dfa-a41175bcb7b4,zip,https://gbp-blm-egis.hub.arcgis.com/api/download/v1/items/70ae4638b722423e830b150f721fc770/shapefile?layers=0
c6100d61-eccb-42dc-b2f6-ac627d0a651e,html,https://gbp-blm-egis.hub.arcgis.com/datasets/BLM-EGIS::blm-id-boise-district-orchard-training-area-military-impact-area-poly
c6100d61-eccb-42dc-b2f6-ac627d0a651e,geojson,https://gbp-blm-egis.hub.arcgis.com/api/download/v1/items/d14a565d4f194f608e2ed6a86f9417b7/geojson?layers=0
c6100d61-eccb-42dc-b2f6-ac627d0a651e,kml,https://gbp-blm-egis.hub.arcgis.com/api/download/v1/items/d14a565d4f194f608e2ed6a86f9417b7/kml?layers=0
c6100d61-eccb-42dc-b2f6-ac627d0a651e,xml,https://gis.blm.gov/idarcgis/rest/services/planning/BLM_ID_Boise_District_Orchard_Training_Area_Military_Impact_Area_Poly/FeatureServer/0/metadata?format=iso19139
c6100d61-eccb-42dc-b2f6-ac627d0a651e,csv,https://gbp-blm-egis.hub.arcgis.com/api/download/v1/items/d14a565d4f194f608e2ed6a86f9417b7/csv?layers=0
c6100d61-eccb-42dc-b2f6-ac627d0a651e,zip,https://gbp-blm-egis.hub.arcgis.com/api/download/v1/items/d14a565d4f194f608e2ed6a86f9417b7/shapefile?layers=0
c6100d61-eccb-42dc-b2f6-ac627d0a651e,zip,https://gbp-blm-egis.hub.arcgis.com/api/download/v1/items/d14a565d4f194f608e2ed6a86f9417b7/filegdb?layers=0
c6100d61-eccb-42dc-b2f6-ac627d0a651e,arcgis geoservices rest api,https://gis.blm.gov/idarcgis/rest/services/planning/BLM_ID_Boise_District_Orchard_Training_Area_Military_Impact_Area_Poly/FeatureServer/0
e7b5d032-c587-4a1c-ac93-30ac2110e475,xml,https://gis.blm.gov/coarcgis/rest/services/lands/BLM_CO_Lands_Inventoried_w_Wilderness_Characteristics/FeatureServer/2/metadata?format=iso19139
e7b5d032-c587-4a1c-ac93-30ac2110e475,geojson,https://gbp-blm-egis.hub.arcgis.com/api/download/v1/items/5dcdc3d49a4844d7a202a47a1436c230/geojson?layers=2
e7b5d032-c587-4a1c-ac93-30ac2110e475,csv,https://gbp-blm-egis.hub.arcgis.com/api/download/v1/items/5dcdc3d49a4844d7a202a47a1436c230/csv?layers=2
e7b5d032-c587-4a1c-ac93-30ac2110e475,zip,https://gbp-blm-egis.hub.arcgis.com/api/download/v1/items/5dcdc3d49a4844d7a202a47a1436c230/shapefile?layers=2
e7b5d032-c587-4a1c-ac93-30ac2110e475,zip,https://gbp-blm-egis.hub.arcgis.com/api/download/v1/items/5dcdc3d49a4844d7a202a47a1436c230/filegdb?layers=2
e7b5d032-c587-4a1c-ac93-30ac2110e475,arcgis geoservices rest api,https://gis.blm.gov/coarcgis/rest/services/lands/BLM_CO_Lands_Inventoried_w_Wilderness_Characteristics/FeatureServer/2
e7b5d032-c587-4a1c-ac93-30ac2110e475,html,https://gbp-blm-egis.hub.arcgis.com/datasets/BLM-EGIS::blm-co-lands-inventoried-with-wilderness-characteristics
e7b5d032-c587-4a1c-ac93-30ac2110e475,kml,https://gbp-blm-egis.hub.arcgis.com/api/download/v1/items/5dcdc3d49a4844d7a202a47a1436c230/kml?layers=2
278656e0-7aa7-443f-a809-7a4c2dc687f6,html,https://opendata.dc.gov/datasets/DCGIS::moving-violations-issued-in-february-2026
278656e0-7aa7-443f-a809-7a4c2dc687f6,arcgis geoservices rest api,https://maps2.dcgis.dc.gov/dcgis/rest/services/DCGIS_DATA/Violations_Moving_2026/MapServer/1
278656e0-7aa7-443f-a809-7a4c2dc687f6,ogc wms,https://maps2.dcgis.dc.gov/dcgis/services/DCGIS_DATA/Violations_Moving_2026/MapServer/WMSServer?request=GetCapabilities&service=WMS
278656e0-7aa7-443f-a809-7a4c2dc687f6,csv,https://opendata.dc.gov/api/download/v1/items/bcc75e150d0a428f890a396f333d2fe4/csv?layers=1
278656e0-7aa7-443f-a809-7a4c2dc687f6,zip,https://opendata.dc.gov/api/download/v1/items/bcc75e150d0a428f890a396f333d2fe4/shapefile?layers=1
278656e0-7aa7-443f-a809-7a4c2dc687f6,geojson,https://opendata.dc.gov/api/download/v1/items/bcc75e150d0a428f890a396f333d2fe4/geojson?layers=1
278656e0-7aa7-443f-a809-7a4c2dc687f6,kml,https://opendata.dc.gov/api/download/v1/items/bcc75e150d0a428f890a396f333d2fe4/kml?layers=1
ed1adb7c-eff3-48e8-864a-9b76089ba56a,html,https://opendata.dc.gov/datasets/DCGIS::moving-violations-issued-in-january-2026
ed1adb7c-eff3-48e8-864a-9b76089ba56a,arcgis geoservices rest api,https://maps2.dcgis.dc.gov/dcgis/rest/services/DCGIS_DATA/Violations_Moving_2026/MapServer/0
ed1adb7c-eff3-48e8-864a-9b76089ba56a,ogc wms,https://maps2.dcgis.dc.gov/dcgis/services/DCGIS_DATA/Violations_Moving_2026/MapServer/WMSServer?request=GetCapabilities&service=WMS
ed1adb7c-eff3-48e8-864a-9b76089ba56a,csv,https://opendata.dc.gov/api/download/v1/items/05868efdd1574aa390889a1a544d328e/csv?layers=0
ed1adb7c-eff3-48e8-864a-9b76089ba56a,zip,https://opendata.dc.gov/api/download/v1/items/05868efdd1574aa390889a1a544d328e/shapefile?layers=0
ed1adb7c-eff3-48e8-864a-9b76089ba56a,geojson,https://opendata.dc.gov/api/download/v1/items/05868efdd1574aa390889a1a544d328e/geojson?layers=0
ed1adb7c-eff3-48e8-864a-9b76089ba56a,kml,https://opendata.dc.gov/api/download/v1/items/05868efdd1574aa390889a1a544d328e/kml?layers=0
f1fed9fd-55a9-41a4-9263-f591714de11e,html,https://opendata.dc.gov/datasets/DCGIS::parking-violations-issued-in-january-2026
f1fed9fd-55a9-41a4-9263-f591714de11e,arcgis geoservices rest api,https://maps2.dcgis.dc.gov/dcgis/rest/services/DCGIS_DATA/Violations_Parking_2026/MapServer/0
f1fed9fd-55a9-41a4-9263-f591714de11e,ogc wms,https://maps2.dcgis.dc.gov/dcgis/services/DCGIS_DATA/Violations_Parking_2026/MapServer/WMSServer?request=GetCapabilities&service=WMS
f1fed9fd-55a9-41a4-9263-f591714de11e,csv,https://opendata.dc.gov/api/download/v1/items/8ee7a7f2c43c471c9f436127b88cdf4b/csv?layers=0
f1fed9fd-55a9-41a4-9263-f591714de11e,zip,https://opendata.dc.gov/api/download/v1/items/8ee7a7f2c43c471c9f436127b88cdf4b/shapefile?layers=0
f1fed9fd-55a9-41a4-9263-f591714de11e,geojson,https://opendata.dc.gov/api/download/v1/items/8ee7a7f2c43c471c9f436127b88cdf4b/geojson?layers=0
f1fed9fd-55a9-41a4-9263-f591714de11e,kml,https://opendata.dc.gov/api/download/v1/items/8ee7a7f2c43c471c9f436127b88cdf4b/kml?layers=0
dd2a249b-7dd2-469d-97b6-75e20a605dff,html,https://opendata.dc.gov/datasets/DCGIS::parking-violations-issued-in-february-2026
dd2a249b-7dd2-469d-97b6-75e20a605dff,arcgis geoservices rest api,https://maps2.dcgis.dc.gov/dcgis/rest/services/DCGIS_DATA/Violations_Parking_2026/MapServer/1
dd2a249b-7dd2-469d-97b6-75e20a605dff,ogc wms,https://maps2.dcgis.dc.gov/dcgis/services/DCGIS_DATA/Violations_Parking_2026/MapServer/WMSServer?request=GetCapabilities&service=WMS
dd2a249b-7dd2-469d-97b6-75e20a605dff,csv,https://opendata.dc.gov/api/download/v1/items/8482b0b124614cd49f74baa35e7adcce/csv?layers=1
dd2a249b-7dd2-469d-97b6-75e20a605dff,zip,https://opendata.dc.gov/api/download/v1/items/8482b0b124614cd49f74baa35e7adcce/shapefile?layers=1
dd2a249b-7dd2-469d-97b6-75e20a605dff,geojson,https://opendata.dc.gov/api/download/v1/items/8482b0b124614cd49f74baa35e7adcce/geojson?layers=1
dd2a249b-7dd2-469d-97b6-75e20a605dff,kml,https://opendata.dc.gov/api/download/v1/items/8482b0b124614cd49f74baa35e7adcce/kml?layers=1
ef1ddf00-80f5-4ff5-ba92-17424905f62e,doc,https://irma.nps.gov/DataStore/DownloadFile/756843?Reference=2317624
ef1ddf00-80f5-4ff5-ba92-17424905f62e,zip,https://irma.nps.gov/DataStore/DownloadFile/756844?Reference=2317624
ef1ddf00-80f5-4ff5-ba92-17424905f62e,fmp12,https://irma.nps.gov/DataStore/DownloadFile/756845?Reference=2317624
e4106af9-2c83-41a3-a53d-30e592ca4fd9,,https://www.ncbi.nlm.nih.gov/bioproject/
e4106af9-2c83-41a3-a53d-30e592ca4fd9,xls,https://pasteur.epa.gov/uploads/10.23719/1531944/Cavallin%20et%20al_GLRI%20HTTr%202025_Science%20Hub.xlsx
5af98912-a085-4381-a6d6-95791c638ecf,csv,https://data.transportation.gov/api/views/65fa-qbkf/rows.csv?accessType=DOWNLOAD
5af98912-a085-4381-a6d6-95791c638ecf,rdf,https://data.transportation.gov/api/views/65fa-qbkf/rows.rdf?accessType=DOWNLOAD
5af98912-a085-4381-a6d6-95791c638ecf,json,https://data.transportation.gov/api/views/65fa-qbkf/rows.json?accessType=DOWNLOAD
5af98912-a085-4381-a6d6-95791c638ecf,xml,https://data.transportation.gov/api/views/65fa-qbkf/rows.xml?accessType=DOWNLOAD
bff4fef5-156c-4e47-9f48-da3549a8f9ef, ,https://data.nlr.gov/system/files/316/1774288597-wind-GE1.5MW_0.65-200.zip
bff4fef5-156c-4e47-9f48-da3549a8f9ef,bin,https://data.nlr.gov/system/files/316/1774288597-wind-GE1.5MW_0.65-400.zip
bff4fef5-156c-4e47-9f48-da3549a8f9ef,bin,https://data.nlr.gov/system/files/316/1774288597-characterization_200_0.zip
bff4fef5-156c-4e47-9f48-da3549a8f9ef,html,https://huggingface.co/NatLabRockies/ptmelt-hydrogen-electrolysis
bff4fef5-156c-4e47-9f48-da3549a8f9ef, ,https://data.nlr.gov/system/files/316/1774293076-combined_historical_wind_experiments.csv
bff4fef5-156c-4e47-9f48-da3549a8f9ef,25mw pem electrolyzer ,https://data.nlr.gov/system/files/316/1774293076-Public%20Reference%20Data%20for%20Megawatt-Scale%20Hydrogen%20Electrolysis%20.pdf
907776f0-b63d-4ca6-bb22-6678d734ef02,zip,https://gbp-blm-egis.hub.arcgis.com/api/download/v1/items/1662aa7b9d1b4d589a2634f1b015e5a4/filegdb?layers=0
907776f0-b63d-4ca6-bb22-6678d734ef02,geojson,https://gbp-blm-egis.hub.arcgis.com/api/download/v1/items/1662aa7b9d1b4d589a2634f1b015e5a4/geojson?layers=0
907776f0-b63d-4ca6-bb22-6678d734ef02,arcgis geoservices rest api,https://gis.blm.gov/idarcgis/rest/services/range/BLM_ID_Range_Improvement_Poly/FeatureServer/0
907776f0-b63d-4ca6-bb22-6678d734ef02,html,https://gbp-blm-egis.hub.arcgis.com/datasets/BLM-EGIS::blm-id-range-improvement-poly
907776f0-b63d-4ca6-bb22-6678d734ef02,zip,https://gbp-blm-egis.hub.arcgis.com/api/download/v1/items/1662aa7b9d1b4d589a2634f1b015e5a4/shapefile?layers=0
907776f0-b63d-4ca6-bb22-6678d734ef02,xml,https://gis.blm.gov/idarcgis/rest/services/range/BLM_ID_Range_Improvement_Poly/FeatureServer/0/metadata?format=iso19139
907776f0-b63d-4ca6-bb22-6678d734ef02,kml,https://gbp-blm-egis.hub.arcgis.com/api/download/v1/items/1662aa7b9d1b4d589a2634f1b015e5a4/kml?layers=0
907776f0-b63d-4ca6-bb22-6678d734ef02,csv,https://gbp-blm-egis.hub.arcgis.com/api/download/v1/items/1662aa7b9d1b4d589a2634f1b015e5a4/csv?layers=0
70eab44a-7094-4914-b185-44bcd5fd21bc,zip,https://gbp-blm-egis.hub.arcgis.com/api/download/v1/items/d2a7bd8bf73d431b87bc3f326f6fa36c/shapefile?layers=0
70eab44a-7094-4914-b185-44bcd5fd21bc,geojson,https://gbp-blm-egis.hub.arcgis.com/api/download/v1/items/d2a7bd8bf73d431b87bc3f326f6fa36c/geojson?layers=0
70eab44a-7094-4914-b185-44bcd5fd21bc,arcgis geoservices rest api,https://gis.blm.gov/idarcgis/rest/services/range/BLM_ID_Range_Improvement_Line/FeatureServer/0
70eab44a-7094-4914-b185-44bcd5fd21bc,csv,https://gbp-blm-egis.hub.arcgis.com/api/download/v1/items/d2a7bd8bf73d431b87bc3f326f6fa36c/csv?layers=0
70eab44a-7094-4914-b185-44bcd5fd21bc,zip,https://gbp-blm-egis.hub.arcgis.com/api/download/v1/items/d2a7bd8bf73d431b87bc3f326f6fa36c/filegdb?layers=0
70eab44a-7094-4914-b185-44bcd5fd21bc,xml,https://gis.blm.gov/idarcgis/rest/services/range/BLM_ID_Range_Improvement_Line/FeatureServer/0/metadata?format=iso19139
70eab44a-7094-4914-b185-44bcd5fd21bc,kml,https://gbp-blm-egis.hub.arcgis.com/api/download/v1/items/d2a7bd8bf73d431b87bc3f326f6fa36c/kml?layers=0
70eab44a-7094-4914-b185-44bcd5fd21bc,html,https://gbp-blm-egis.hub.arcgis.com/datasets/BLM-EGIS::blm-id-range-improvement-line
4e287018-b87b-473a-8817-5a4dbaee19b3,zip,https://gbp-blm-egis.hub.arcgis.com/api/download/v1/items/2b6112559dce4446a16e84757886d291/filegdb?layers=0
4e287018-b87b-473a-8817-5a4dbaee19b3,arcgis geoservices rest api,https://gis.blm.gov/idarcgis/rest/services/range/BLM_ID_Range_Improvement_Point/FeatureServer/0
4e287018-b87b-473a-8817-5a4dbaee19b3,xml,https://gis.blm.gov/idarcgis/rest/services/range/BLM_ID_Range_Improvement_Point/FeatureServer/0/metadata?format=iso19139
4e287018-b87b-473a-8817-5a4dbaee19b3,html,https://gbp-blm-egis.hub.arcgis.com/datasets/BLM-EGIS::blm-id-range-improvement-point
4e287018-b87b-473a-8817-5a4dbaee19b3,geojson,https://gbp-blm-egis.hub.arcgis.com/api/download/v1/items/2b6112559dce4446a16e84757886d291/geojson?layers=0
4e287018-b87b-473a-8817-5a4dbaee19b3,csv,https://gbp-blm-egis.hub.arcgis.com/api/download/v1/items/2b6112559dce4446a16e84757886d291/csv?layers=0
4e287018-b87b-473a-8817-5a4dbaee19b3,kml,https://gbp-blm-egis.hub.arcgis.com/api/download/v1/items/2b6112559dce4446a16e84757886d291/kml?layers=0
4e287018-b87b-473a-8817-5a4dbaee19b3,zip,https://gbp-blm-egis.hub.arcgis.com/api/download/v1/items/2b6112559dce4446a16e84757886d291/shapefile?layers=0
3c4c6df7-62e5-4f3e-8694-99a1da4d37a8,html,https://data.hartford.gov/datasets/hartfordgis::service-request-20250101-to-20251231
3c4c6df7-62e5-4f3e-8694-99a1da4d37a8,arcgis geoservices rest api,https://utility.arcgis.com/usrsvcs/servers/532b16f6053e474d9321aada607d6477/rest/services/Service_Requests_2015_to_Current/MapServer/11
3c4c6df7-62e5-4f3e-8694-99a1da4d37a8,csv,https://data.hartford.gov/api/download/v1/items/532b16f6053e474d9321aada607d6477/csv?layers=11
3c4c6df7-62e5-4f3e-8694-99a1da4d37a8,zip,https://data.hartford.gov/api/download/v1/items/532b16f6053e474d9321aada607d6477/shapefile?layers=11
3c4c6df7-62e5-4f3e-8694-99a1da4d37a8,geojson,https://data.hartford.gov/api/download/v1/items/532b16f6053e474d9321aada607d6477/geojson?layers=11
3c4c6df7-62e5-4f3e-8694-99a1da4d37a8,kml,https://data.hartford.gov/api/download/v1/items/532b16f6053e474d9321aada607d6477/kml?layers=11
e9c2d3a4-ed69-4262-81e1-208f3826d3d5,html,https://gis.data.chhs.ca.gov/datasets/7de345d230e54972bb6e3347cd083580_0
e9c2d3a4-ed69-4262-81e1-208f3826d3d5,arcgis geoservices rest api,https://services3.arcgis.com/aogSfRJCHNPulIe6/arcgis/rest/services/DDS_RegionalCenters/FeatureServer/0
e9c2d3a4-ed69-4262-81e1-208f3826d3d5,csv,https://gis.data.chhs.ca.gov/api/download/v1/items/7de345d230e54972bb6e3347cd083580/csv?layers=0
e9c2d3a4-ed69-4262-81e1-208f3826d3d5,zip,https://gis.data.chhs.ca.gov/api/download/v1/items/7de345d230e54972bb6e3347cd083580/shapefile?layers=0
e9c2d3a4-ed69-4262-81e1-208f3826d3d5,geojson,https://gis.data.chhs.ca.gov/api/download/v1/items/7de345d230e54972bb6e3347cd083580/geojson?layers=0
e9c2d3a4-ed69-4262-81e1-208f3826d3d5,kml,https://gis.data.chhs.ca.gov/api/download/v1/items/7de345d230e54972bb6e3347cd083580/kml?layers=0
e9c2d3a4-ed69-4262-81e1-208f3826d3d5,zip,https://data.chhs.ca.gov/dataset/ea080d7e-71e2-4144-b896-a827272ad2c3/resource/a4c4622f-b98e-4d80-a518-d2dfce4b0f17/download/dds-regionalcenters1-47456zvu.zip
a69d6a43-7f1c-41c8-9207-184721789df0,html,https://gis.data.chhs.ca.gov/datasets/a7fb51a97be547a1a6ad2f4834c1ca48_0
a69d6a43-7f1c-41c8-9207-184721789df0,arcgis geoservices rest api,https://services3.arcgis.com/aogSfRJCHNPulIe6/arcgis/rest/services/RegionalCenter_CatchmentAreas/FeatureServer/0
a69d6a43-7f1c-41c8-9207-184721789df0,csv,https://gis.data.chhs.ca.gov/api/download/v1/items/a7fb51a97be547a1a6ad2f4834c1ca48/csv?layers=0
a69d6a43-7f1c-41c8-9207-184721789df0,zip,https://gis.data.chhs.ca.gov/api/download/v1/items/a7fb51a97be547a1a6ad2f4834c1ca48/shapefile?layers=0
a69d6a43-7f1c-41c8-9207-184721789df0,geojson,https://gis.data.chhs.ca.gov/api/download/v1/items/a7fb51a97be547a1a6ad2f4834c1ca48/geojson?layers=0
a69d6a43-7f1c-41c8-9207-184721789df0,kml,https://gis.data.chhs.ca.gov/api/download/v1/items/a7fb51a97be547a1a6ad2f4834c1ca48/kml?layers=0
a69d6a43-7f1c-41c8-9207-184721789df0,zip,https://data.chhs.ca.gov/dataset/6d421f63-dbf2-47bc-9dbf-1306e4a36e53/resource/588c58d9-e62e-4cea-81fd-e3cb19c54eb9/download/regionalcenter-catchmentareas1-jotjiufw.zip
a69d6a43-7f1c-41c8-9207-184721789df0,zip,https://data.chhs.ca.gov/dataset/6d421f63-dbf2-47bc-9dbf-1306e4a36e53/resource/b339eaf8-2e0a-4353-8ea4-3baffd7adf34/download/regionalcenter-catchmentareas1-qvgm02do.zip
a69d6a43-7f1c-41c8-9207-184721789df0,zip,https://data.chhs.ca.gov/dataset/6d421f63-dbf2-47bc-9dbf-1306e4a36e53/resource/570760e1-ce8d-49ac-8da3-25c86e7db770/download/regionalcenter-catchmentareas1-qcyr_9dk.zip
7c8f54fa-db6f-4d58-b43e-7051cbbd1b66,zip,https://data.chhs.ca.gov/dataset/bb31bcdf-2085-4b47-92aa-13cdd6b37435/resource/07a5f9b7-a82d-45b4-9717-49d9e0e449b0/download/covid-19-probable-cases-bovbtpyf.zip
7c8f54fa-db6f-4d58-b43e-7051cbbd1b66,csv,https://data.chhs.ca.gov/dataset/bb31bcdf-2085-4b47-92aa-13cdd6b37435/resource/e787c00b-b22d-4a6e-9a93-7a90d2be2797/download/covid19probablecases.csv
7c8f54fa-db6f-4d58-b43e-7051cbbd1b66,xls,https://data.chhs.ca.gov/dataset/bb31bcdf-2085-4b47-92aa-13cdd6b37435/resource/685bc6af-f6a8-4527-b679-d38c0bcb1e4b/download/covid-19_probable_cases_data_dictionary.xlsx
c17c1579-dba3-4ed2-b12b-2c0c559350d5,html,https://cecgis-caenergy.opendata.arcgis.com/datasets/CAEnergy::nevi-6-gfo-25-603-alternative-fuel-corridors-february-20-2026
c17c1579-dba3-4ed2-b12b-2c0c559350d5,arcgis geoservices rest api,https://services3.arcgis.com/bWPjFyq029ChCGur/arcgis/rest/services/NEVI_6_GFO_25_603_Alternative_Fuel_Corridors_February_20_2026/FeatureServer/0
c17c1579-dba3-4ed2-b12b-2c0c559350d5,csv,https://cecgis-caenergy.opendata.arcgis.com/api/download/v1/items/d2a29c65d0ea427197e349dcfc3db1a6/csv?layers=0
c17c1579-dba3-4ed2-b12b-2c0c559350d5,zip,https://cecgis-caenergy.opendata.arcgis.com/api/download/v1/items/d2a29c65d0ea427197e349dcfc3db1a6/shapefile?layers=0
c17c1579-dba3-4ed2-b12b-2c0c559350d5,geojson,https://cecgis-caenergy.opendata.arcgis.com/api/download/v1/items/d2a29c65d0ea427197e349dcfc3db1a6/geojson?layers=0
c17c1579-dba3-4ed2-b12b-2c0c559350d5,kml,https://cecgis-caenergy.opendata.arcgis.com/api/download/v1/items/d2a29c65d0ea427197e349dcfc3db1a6/kml?layers=0
c17c1579-dba3-4ed2-b12b-2c0c559350d5,zip,https://cecgis-caenergy.opendata.arcgis.com/api/download/v1/items/d2a29c65d0ea427197e349dcfc3db1a6/filegdb?layers=0
c17c1579-dba3-4ed2-b12b-2c0c559350d5,text,https://cecgis-caenergy.opendata.arcgis.com/api/download/v1/items/d2a29c65d0ea427197e349dcfc3db1a6/featureCollection?layers=0
c17c1579-dba3-4ed2-b12b-2c0c559350d5,xls,https://cecgis-caenergy.opendata.arcgis.com/api/download/v1/items/d2a29c65d0ea427197e349dcfc3db1a6/excel?layers=0
c17c1579-dba3-4ed2-b12b-2c0c559350d5,gpkg,https://cecgis-caenergy.opendata.arcgis.com/api/download/v1/items/d2a29c65d0ea427197e349dcfc3db1a6/geoPackage?layers=0
c17c1579-dba3-4ed2-b12b-2c0c559350d5,gdb,https://cecgis-caenergy.opendata.arcgis.com/api/download/v1/items/d2a29c65d0ea427197e349dcfc3db1a6/sqlite?layers=0
f0c40873-c917-4e68-a8cf-e1129824d302,html,https://data-cdfw.opendata.arcgis.com/datasets/CDFW::vegetation-mojave-desert-national-preserve-ds3128
f0c40873-c917-4e68-a8cf-e1129824d302,arcgis geoservices rest api,https://services2.arcgis.com/Uq9r85Potqm3MfRV/arcgis/rest/services/biosds3128_fpu/FeatureServer/0
f0c40873-c917-4e68-a8cf-e1129824d302,csv,https://data-cdfw.opendata.arcgis.com/api/download/v1/items/ff25d6c36ef845b7a827e558f69b9d0f/csv?layers=0
f0c40873-c917-4e68-a8cf-e1129824d302,csv,https://data.ca.gov/datastore/dictionary_download/f7a40850-d786-4c03-88b4-2d3765dbcee3
f0c40873-c917-4e68-a8cf-e1129824d302,zip,https://data-cdfw.opendata.arcgis.com/api/download/v1/items/ff25d6c36ef845b7a827e558f69b9d0f/shapefile?layers=0
f0c40873-c917-4e68-a8cf-e1129824d302,geojson,https://data-cdfw.opendata.arcgis.com/api/download/v1/items/ff25d6c36ef845b7a827e558f69b9d0f/geojson?layers=0
f0c40873-c917-4e68-a8cf-e1129824d302,kml,https://data-cdfw.opendata.arcgis.com/api/download/v1/items/ff25d6c36ef845b7a827e558f69b9d0f/kml?layers=0
f0c40873-c917-4e68-a8cf-e1129824d302,,https://wildlife.ca.gov/Data/BIOS
f0c40873-c917-4e68-a8cf-e1129824d302,zip,https://filelib.wildlife.ca.gov/Public/BDB/GIS/BIOS/Public_Datasets/3100_3199/ds3128.zip
8e75dd0f-6d68-4a13-bdc6-79baba050cef,pdf,https://data.cnra.ca.gov/dataset/f93f3914-8fef-4490-ac57-a66c40365f28/resource/aae61bd1-c016-4adf-b390-4441efb7c43d/download/interagency-groundwater-trading-workplan_final.pdf
bbed7775-3cfa-4346-bc79-8fcd0521b1b0,html,https://data-cdfw.opendata.arcgis.com/content/CDFW::black-bear-predicted-habitat-cwhr-m151-ds2602
bbed7775-3cfa-4346-bc79-8fcd0521b1b0,arcgis geoservices rest api,https://tiledimageservices2.arcgis.com/Uq9r85Potqm3MfRV/arcgis/rest/services/biosds2602_cru/ImageServer
bbed7775-3cfa-4346-bc79-8fcd0521b1b0,,https://wildlife.ca.gov/Data/CWHR
bbed7775-3cfa-4346-bc79-8fcd0521b1b0,,https://wildlife.ca.gov/Data/BIOS
bbed7775-3cfa-4346-bc79-8fcd0521b1b0,zip,https://filelib.wildlife.ca.gov/Public/BDB/GIS/BIOS/Public_Datasets/2600_2699/ds2602.zip
4daef352-198d-480e-b70c-ac9451f7f6fb,csv,https://data.chhs.ca.gov/dataset/abfdba95-b1ba-4e39-a417-d006e2667a2c/resource/b63a72c4-f501-494a-9956-fa4ef4453389/download/hospital-utilization-trends_2020-2024.csv
4daef352-198d-480e-b70c-ac9451f7f6fb,csv,https://data.chhs.ca.gov/dataset/abfdba95-b1ba-4e39-a417-d006e2667a2c/resource/7996d860-0564-427a-b9c3-0914ed1b03bb/download/hospital-utilization-trends-by-demographic_2020-2024.csv
4daef352-198d-480e-b70c-ac9451f7f6fb,csv,https://data.chhs.ca.gov/dataset/abfdba95-b1ba-4e39-a417-d006e2667a2c/resource/1594dfbe-5cee-4174-9cb1-19e587655c8e/download/hospital-utilization-trends-by-health-category_2020-2024.csv
4daef352-198d-480e-b70c-ac9451f7f6fb,pdf,https://data.chhs.ca.gov/dataset/abfdba95-b1ba-4e39-a417-d006e2667a2c/resource/1b69fc01-d883-42ce-b33b-2e3ff7b75425/download/hospital-utilization-trends-data-dictionary.pdf
4daef352-198d-480e-b70c-ac9451f7f6fb,pdf,https://data.chhs.ca.gov/dataset/abfdba95-b1ba-4e39-a417-d006e2667a2c/resource/f945e0cc-b844-476a-bbd1-129f9338fd05/download/utilization-trends-by-demographic-data-dictionary.pdf
4daef352-198d-480e-b70c-ac9451f7f6fb,pdf,https://data.chhs.ca.gov/dataset/abfdba95-b1ba-4e39-a417-d006e2667a2c/resource/c7a5aa70-c30d-4f45-9b22-e98b65a8d5d2/download/utilization-trends-by-health-category-data-dictionary.pdf
4daef352-198d-480e-b70c-ac9451f7f6fb,zip,https://data.chhs.ca.gov/dataset/abfdba95-b1ba-4e39-a417-d006e2667a2c/resource/8a5953e7-0b52-4d9b-980e-608fc846aa68/download/hospital-utilization-trends-h6g_6e0d.zip
6bbea508-4f37-4487-8e77-506bafb0998a,html,https://data-cdfw.opendata.arcgis.com/content/CDFW::southern-california-slender-salamander-predicted-habitat-cwhr-a013-ds1980
6bbea508-4f37-4487-8e77-506bafb0998a,arcgis geoservices rest api,https://tiledimageservices2.arcgis.com/Uq9r85Potqm3MfRV/arcgis/rest/services/biosds1980_cru/ImageServer
6bbea508-4f37-4487-8e77-506bafb0998a,,https://wildlife.ca.gov/Data/CWHR
6bbea508-4f37-4487-8e77-506bafb0998a,,https://wildlife.ca.gov/Data/BIOS
6bbea508-4f37-4487-8e77-506bafb0998a,zip,https://filelib.wildlife.ca.gov/Public/BDB/GIS/BIOS/Public_Datasets/1900_1999/ds1980.zip
f63383bf-1260-443f-b8b0-42604f5ff026,html,https://data-cdfw.opendata.arcgis.com/content/CDFW::coast-range-newt-predicted-habitat-cwhr-a007-ds1974
f63383bf-1260-443f-b8b0-42604f5ff026,arcgis geoservices rest api,https://tiledimageservices2.arcgis.com/Uq9r85Potqm3MfRV/arcgis/rest/services/biosds1974_cru/ImageServer
f63383bf-1260-443f-b8b0-42604f5ff026,,https://wildlife.ca.gov/Data/CWHR
f63383bf-1260-443f-b8b0-42604f5ff026,,https://wildlife.ca.gov/Data/BIOS
f63383bf-1260-443f-b8b0-42604f5ff026,zip,https://filelib.wildlife.ca.gov/Public/BDB/GIS/BIOS/Public_Datasets/1900_1999/ds1974.zip
03d34ab6-d87f-4101-9ff9-5f22308b49f1,html,https://data-cdfw.opendata.arcgis.com/datasets/CDFW::santa-cruz-black-salamander-range-cwhr-a020-ds1355
03d34ab6-d87f-4101-9ff9-5f22308b49f1,arcgis geoservices rest api,https://services2.arcgis.com/Uq9r85Potqm3MfRV/arcgis/rest/services/biosds1355_fpu/FeatureServer/0
03d34ab6-d87f-4101-9ff9-5f22308b49f1,csv,https://data-cdfw.opendata.arcgis.com/api/download/v1/items/eacc2f976b964ae7a1ccd5098c530a5d/csv?layers=0
03d34ab6-d87f-4101-9ff9-5f22308b49f1,zip,https://data-cdfw.opendata.arcgis.com/api/download/v1/items/eacc2f976b964ae7a1ccd5098c530a5d/shapefile?layers=0
03d34ab6-d87f-4101-9ff9-5f22308b49f1,geojson,https://data-cdfw.opendata.arcgis.com/api/download/v1/items/eacc2f976b964ae7a1ccd5098c530a5d/geojson?layers=0
03d34ab6-d87f-4101-9ff9-5f22308b49f1,kml,https://data-cdfw.opendata.arcgis.com/api/download/v1/items/eacc2f976b964ae7a1ccd5098c530a5d/kml?layers=0
03d34ab6-d87f-4101-9ff9-5f22308b49f1,,https://www.wildlife.ca.gov/Data/CWHR
03d34ab6-d87f-4101-9ff9-5f22308b49f1,,https://www.wildlife.ca.gov/Data/BIOS
03d34ab6-d87f-4101-9ff9-5f22308b49f1,zip,https://filelib.wildlife.ca.gov/Public/BDB/GIS/BIOS/Public_Datasets/2800_2899/ds2845.zip
e71800b0-e247-4525-95f2-6d129d1c2bb6,html,https://data-cdfw.opendata.arcgis.com/content/CDFW::ensatina-predicted-habitat-cwhr-a012-ds1979
e71800b0-e247-4525-95f2-6d129d1c2bb6,arcgis geoservices rest api,https://tiledimageservices2.arcgis.com/Uq9r85Potqm3MfRV/arcgis/rest/services/biosds1979_cru/ImageServer
e71800b0-e247-4525-95f2-6d129d1c2bb6,,https://wildlife.ca.gov/Data/CWHR
e71800b0-e247-4525-95f2-6d129d1c2bb6,,https://wildlife.ca.gov/Data/BIOS
e71800b0-e247-4525-95f2-6d129d1c2bb6,zip,https://filelib.wildlife.ca.gov/Public/BDB/GIS/BIOS/Public_Datasets/1900_1999/ds1979.zip
ba52efc9-842c-40f4-a3a8-8efd16390313,html,https://data-cdfw.opendata.arcgis.com/content/CDFW::southern-mountain-yellow-legged-frog-predicted-habitat-cwhr-a044-ds2010
ba52efc9-842c-40f4-a3a8-8efd16390313,arcgis geoservices rest api,https://tiledimageservices2.arcgis.com/Uq9r85Potqm3MfRV/arcgis/rest/services/biosds2010_cru/ImageServer
ba52efc9-842c-40f4-a3a8-8efd16390313,,https://wildlife.ca.gov/Data/CWHR
ba52efc9-842c-40f4-a3a8-8efd16390313,,https://wildlife.ca.gov/Data/BIOS
ba52efc9-842c-40f4-a3a8-8efd16390313,zip,https://filelib.wildlife.ca.gov/Public/BDB/GIS/BIOS/Public_Datasets/2000_2099/ds2010.zip
6b3a479b-49c4-41bf-8d97-6b0c87fdbc12,html,https://data-cdfw.opendata.arcgis.com/content/CDFW::pacific-tailed-frog-predicted-habitat-cwhr-a026-ds1992
6b3a479b-49c4-41bf-8d97-6b0c87fdbc12,arcgis geoservices rest api,https://tiledimageservices2.arcgis.com/Uq9r85Potqm3MfRV/arcgis/rest/services/biosds1992_cru/ImageServer
6b3a479b-49c4-41bf-8d97-6b0c87fdbc12,,https://wildlife.ca.gov/Data/CWHR
6b3a479b-49c4-41bf-8d97-6b0c87fdbc12,,https://wildlife.ca.gov/Data/BIOS
6b3a479b-49c4-41bf-8d97-6b0c87fdbc12,zip,https://filelib.wildlife.ca.gov/Public/BDB/GIS/BIOS/Public_Datasets/1900_1999/ds1992.zip
2bc138d9-b418-44d1-8f30-343bd259e63a,pdf,https://data.ca.gov/dataset/bb362d0e-49de-4047-a500-e60afa7f4ed1/resource/09264191-f8b5-48a0-9d46-f62ad0a45b01/download/ftb-eitc-summary-of-ca-residents-feb-2026.pdf
efe63856-0f25-4471-bf52-67390699da59,pdf,https://data.ca.gov/dataset/7e7b34fb-b9fc-4ad3-b816-f20aef8848cb/resource/10ff2b43-a501-49f2-aeb3-caf9b03a3c92/download/ftb-eitc-summary-of-ca-residents-jan-2026.pdf
6de8b3be-4e6d-423e-81d5-cde1d4b6c5f1,pdf,https://data.ca.gov/dataset/1e961193-ec31-450e-ac68-d60c57d0f944/resource/a95eecb4-2052-4a38-9e2d-e91884693c3b/download/ftb-eitc-summary-of-ca-residents-year-comparison-jan-2026.pdf
6de8b3be-4e6d-423e-81d5-cde1d4b6c5f1,pdf,https://data.ca.gov/dataset/1e961193-ec31-450e-ac68-d60c57d0f944/resource/48321062-5314-4e7f-a94e-41b5292068b5/download/ftb-eitc-summary-of-ca-residents-year-comparison-jan-2026.pdf
e1ecb4fa-95ec-4401-abf8-3db405a0cf6b,pdf,https://data.ca.gov/dataset/d550d0f3-a662-4148-b60e-737de19bf8fb/resource/585ca337-3579-4e19-b102-4c1be5001e5c/download/ftb-eitc-summary-of-ca-residents-year-comparison-feb-2026.pdf
e1ecb4fa-95ec-4401-abf8-3db405a0cf6b,pdf,https://data.ca.gov/dataset/d550d0f3-a662-4148-b60e-737de19bf8fb/resource/1e03d30c-531a-4e64-b1a7-462cef794b0c/download/ftb-eitc-summary-of-ca-residents-year-comparison-feb-2026.pdf
6425502d-9983-4cb2-a637-45d200e7f028,html,https://data-cdfw.opendata.arcgis.com/datasets/CDFW::california-brown-pelican-range-cwhr-b043a-ds3282
6425502d-9983-4cb2-a637-45d200e7f028,arcgis geoservices rest api,https://services2.arcgis.com/Uq9r85Potqm3MfRV/arcgis/rest/services/biosds3282_fpu/FeatureServer/0
6425502d-9983-4cb2-a637-45d200e7f028,csv,https://data-cdfw.opendata.arcgis.com/api/download/v1/items/b7181c8f9c004b428b4ce85bbc8d9aa2/csv?layers=0
6425502d-9983-4cb2-a637-45d200e7f028,zip,https://data-cdfw.opendata.arcgis.com/api/download/v1/items/b7181c8f9c004b428b4ce85bbc8d9aa2/shapefile?layers=0
6425502d-9983-4cb2-a637-45d200e7f028,geojson,https://data-cdfw.opendata.arcgis.com/api/download/v1/items/b7181c8f9c004b428b4ce85bbc8d9aa2/geojson?layers=0
6425502d-9983-4cb2-a637-45d200e7f028,kml,https://data-cdfw.opendata.arcgis.com/api/download/v1/items/b7181c8f9c004b428b4ce85bbc8d9aa2/kml?layers=0
6425502d-9983-4cb2-a637-45d200e7f028,,https://wildlife.ca.gov/Data/BIOS
6425502d-9983-4cb2-a637-45d200e7f028,zip,https://filelib.wildlife.ca.gov/Public/BDB/GIS/BIOS/Public_Datasets/3200_3299/ds3282.zip
6425502d-9983-4cb2-a637-45d200e7f028,,https://www.wildlife.ca.gov/Data/CWHR
6adfd26a-fd00-4d6e-9d32-b6c9cbdc0d79,html,https://data-cdfw.opendata.arcgis.com/content/CDFW::inyo-mountains-slender-salamander-predicted-habitat-cwhr-a019-ds3281
6adfd26a-fd00-4d6e-9d32-b6c9cbdc0d79,arcgis geoservices rest api,https://tiledimageservices2.arcgis.com/Uq9r85Potqm3MfRV/arcgis/rest/services/biosds3281_cru/ImageServer
6adfd26a-fd00-4d6e-9d32-b6c9cbdc0d79,,https://wildlife.ca.gov/Data/CWHR
6adfd26a-fd00-4d6e-9d32-b6c9cbdc0d79,,https://wildlife.ca.gov/Data/BIOS
6adfd26a-fd00-4d6e-9d32-b6c9cbdc0d79,zip,https://filelib.wildlife.ca.gov/Public/BDB/GIS/BIOS/Public_Datasets/3200_3299/ds3281.zip
611a9eb4-50a1-49a6-96a2-a0d6c29575e8,html,https://data-cdfw.opendata.arcgis.com/content/CDFW::pelagic-cormorant-predicted-habitat-cwhr-b047-ds2038
611a9eb4-50a1-49a6-96a2-a0d6c29575e8,arcgis geoservices rest api,https://tiledimageservices2.arcgis.com/Uq9r85Potqm3MfRV/arcgis/rest/services/biosds2038_cru/ImageServer
611a9eb4-50a1-49a6-96a2-a0d6c29575e8,,https://wildlife.ca.gov/Data/CWHR
611a9eb4-50a1-49a6-96a2-a0d6c29575e8,,https://wildlife.ca.gov/Data/BIOS
611a9eb4-50a1-49a6-96a2-a0d6c29575e8,zip,https://filelib.wildlife.ca.gov/Public/BDB/GIS/BIOS/Public_Datasets/2000_2099/ds2038.zip
00a92ee0-bb30-4b76-890d-b9fb2e953030,html,https://data-cdfw.opendata.arcgis.com/content/CDFW::brandts-cormorant-predicted-habitat-cwhr-b046-ds2037
00a92ee0-bb30-4b76-890d-b9fb2e953030,arcgis geoservices rest api,https://tiledimageservices2.arcgis.com/Uq9r85Potqm3MfRV/arcgis/rest/services/biosds2037_cru/ImageServer
00a92ee0-bb30-4b76-890d-b9fb2e953030,,https://wildlife.ca.gov/Data/CWHR
00a92ee0-bb30-4b76-890d-b9fb2e953030,,https://wildlife.ca.gov/Data/BIOS
00a92ee0-bb30-4b76-890d-b9fb2e953030,zip,https://filelib.wildlife.ca.gov/Public/BDB/GIS/BIOS/Public_Datasets/2000_2099/ds2037.zip
ba9b9285-2c4d-44f9-886f-87b3cf7da9f6,html,https://data-cdfw.opendata.arcgis.com/content/CDFW::northern-harrier-predicted-habitat-cwhr-b114-ds2087
ba9b9285-2c4d-44f9-886f-87b3cf7da9f6,arcgis geoservices rest api,https://tiledimageservices2.arcgis.com/Uq9r85Potqm3MfRV/arcgis/rest/services/biosds2087_cru/ImageServer
ba9b9285-2c4d-44f9-886f-87b3cf7da9f6,,https://wildlife.ca.gov/Data/CWHR
ba9b9285-2c4d-44f9-886f-87b3cf7da9f6,,https://wildlife.ca.gov/Data/BIOS
ba9b9285-2c4d-44f9-886f-87b3cf7da9f6,zip,https://filelib.wildlife.ca.gov/Public/BDB/GIS/BIOS/Public_Datasets/2000_2099/ds2087.zip
76ccccec-c80a-4988-9cd3-1fbaf7df01d5,csv,https://data.chhs.ca.gov/dataset/fd6fe1cc-a973-4318-98fb-ed58b73f3d9b/resource/372e2501-eae0-4458-9936-eb6e85a4e89f/download/oral_health_ed_providers.csv
76ccccec-c80a-4988-9cd3-1fbaf7df01d5,csv,https://data.ca.gov/datastore/dictionary_download/29d7cb94-17df-4886-a984-7d5b7114f791
76ccccec-c80a-4988-9cd3-1fbaf7df01d5,csv,https://data.chhs.ca.gov/dataset/fd6fe1cc-a973-4318-98fb-ed58b73f3d9b/resource/33d9f567-4f0c-45e9-8700-0c5e3cd6a358/download/oral_health_ed_payers.csv
76ccccec-c80a-4988-9cd3-1fbaf7df01d5,csv,https://data.ca.gov/datastore/dictionary_download/419a61a5-dc41-4ca0-bbe9-609a2a769669
76ccccec-c80a-4988-9cd3-1fbaf7df01d5,xls,https://data.chhs.ca.gov/dataset/fd6fe1cc-a973-4318-98fb-ed58b73f3d9b/resource/ea0b2288-f48c-4bf1-be42-0bf1c2afc240/download/diagnosis-oralhealthprofessionals-specialties-list.xlsx
76ccccec-c80a-4988-9cd3-1fbaf7df01d5,zip,https://data.chhs.ca.gov/dataset/fd6fe1cc-a973-4318-98fb-ed58b73f3d9b/resource/7a3c7c78-4e79-4c2c-863c-8a4aef8d0e85/download/oral-health-provider-supply-and-non-traumatic-dental-emergency-department-visits-wivfjyuc.zip
6c82b998-591c-49fe-b076-ba0a1024db1f,html,https://data-cdfw.opendata.arcgis.com/datasets/CDFW::american-peregrine-falcon-range-cwhr-b129a-ds3283
6c82b998-591c-49fe-b076-ba0a1024db1f,arcgis geoservices rest api,https://services2.arcgis.com/Uq9r85Potqm3MfRV/arcgis/rest/services/biosds3283_fpu/FeatureServer/0
6c82b998-591c-49fe-b076-ba0a1024db1f,csv,https://data-cdfw.opendata.arcgis.com/api/download/v1/items/2448a4336c1f4b48bfad1764f644c07d/csv?layers=0
6c82b998-591c-49fe-b076-ba0a1024db1f,zip,https://data-cdfw.opendata.arcgis.com/api/download/v1/items/2448a4336c1f4b48bfad1764f644c07d/shapefile?layers=0
6c82b998-591c-49fe-b076-ba0a1024db1f,geojson,https://data-cdfw.opendata.arcgis.com/api/download/v1/items/2448a4336c1f4b48bfad1764f644c07d/geojson?layers=0
6c82b998-591c-49fe-b076-ba0a1024db1f,kml,https://data-cdfw.opendata.arcgis.com/api/download/v1/items/2448a4336c1f4b48bfad1764f644c07d/kml?layers=0
6c82b998-591c-49fe-b076-ba0a1024db1f,,https://wildlife.ca.gov/Data/BIOS
6c82b998-591c-49fe-b076-ba0a1024db1f,zip,https://filelib.wildlife.ca.gov/Public/BDB/GIS/BIOS/Public_Datasets/3200_3299/ds3283.zip
6c82b998-591c-49fe-b076-ba0a1024db1f,,https://www.wildlife.ca.gov/Data/CWHR
de9a9839-26fd-4e02-be98-1cc571f99a95,html,https://data-cdfw.opendata.arcgis.com/content/CDFW::peregrine-falcon-predicted-habitat-cwhr-b129-ds2099
de9a9839-26fd-4e02-be98-1cc571f99a95,arcgis geoservices rest api,https://tiledimageservices2.arcgis.com/Uq9r85Potqm3MfRV/arcgis/rest/services/biosds2099_cru/ImageServer
de9a9839-26fd-4e02-be98-1cc571f99a95,,https://wildlife.ca.gov/Data/CWHR
de9a9839-26fd-4e02-be98-1cc571f99a95,,https://wildlife.ca.gov/Data/BIOS
de9a9839-26fd-4e02-be98-1cc571f99a95,zip,https://filelib.wildlife.ca.gov/Public/BDB/GIS/BIOS/Public_Datasets/2000_2099/ds2099.zip
501258db-59c5-4b3d-be98-a14080d254cc,html,https://data-cdfw.opendata.arcgis.com/content/CDFW::american-peregrine-falcon-predicted-habitat-cwhr-b129a-ds3284
501258db-59c5-4b3d-be98-a14080d254cc,arcgis geoservices rest api,https://tiledimageservices2.arcgis.com/Uq9r85Potqm3MfRV/arcgis/rest/services/biosds3284_cru/ImageServer
501258db-59c5-4b3d-be98-a14080d254cc,,https://wildlife.ca.gov/Data/CWHR
501258db-59c5-4b3d-be98-a14080d254cc,,https://wildlife.ca.gov/Data/BIOS
501258db-59c5-4b3d-be98-a14080d254cc,zip,https://filelib.wildlife.ca.gov/Public/BDB/GIS/BIOS/Public_Datasets/3200_3299/ds3284.zip
7503ed23-4f08-4dc6-bf86-dae06789e9b9,pdf,https://data.ca.gov/dataset/04b053ac-0555-4e0c-8c72-218f41d46a10/resource/181fd1b8-338d-41f1-861d-d39d178a72f3/download/ftb-eitc-summary-of-ca-residents-2025.pdf
9e290e50-c015-4f6a-ab29-365b355e5313,pdf,https://data.ca.gov/dataset/1641ecc8-9fae-4b20-a7a9-9f8963ceab5e/resource/0e649a03-96db-4c93-b671-0daf94baadc1/download/ftb-eitc-summary-of-ca-residents-year-comparison-2025.pdf
0b26dff5-3bbc-404f-9ea7-6ec6a06cd20d,xls,https://data.cnra.ca.gov/dataset/189fa7df-b186-4e77-8bf6-617e5bebc93e/resource/3778f493-5184-404e-8ff6-f098f7a92d23/download/2021_statewide_irrigation_methods_survey.xls
0b26dff5-3bbc-404f-9ea7-6ec6a06cd20d,xls,https://data.cnra.ca.gov/dataset/189fa7df-b186-4e77-8bf6-617e5bebc93e/resource/8a49aba6-6e8e-4336-8f2b-51b2deddca4f/download/2021_sae_cwp.xls
c5b94307-c4e2-46ed-bd0e-f1ffab31230f,pdf,https://data.chhs.ca.gov/dataset/946f57be-dd22-46de-8fcf-18b1a8372c7c/resource/d86c7632-1d80-4cec-a253-0d7dcd5a935c/download/hospital-equity-measures-reporting-program-file-upload-coversheet-_ada.pdf
c5b94307-c4e2-46ed-bd0e-f1ffab31230f,xls,https://data.chhs.ca.gov/dataset/946f57be-dd22-46de-8fcf-18b1a8372c7c/resource/f0faf3b2-2966-4c6d-afcc-c7422a2d090c/download/individual-general-acute-care-hospital-reporting.xlsx
c5b94307-c4e2-46ed-bd0e-f1ffab31230f,xls,https://data.chhs.ca.gov/dataset/946f57be-dd22-46de-8fcf-18b1a8372c7c/resource/50589917-d918-47e6-a89f-376eabd465c6/download/individual-childrens-hospital-reporting.xlsx
c5b94307-c4e2-46ed-bd0e-f1ffab31230f,xls,https://data.chhs.ca.gov/dataset/946f57be-dd22-46de-8fcf-18b1a8372c7c/resource/16edc7c5-b962-45a7-b125-64e47e27a25d/download/individual-acute-psychiatric-hospital-reporting.xlsx
c5b94307-c4e2-46ed-bd0e-f1ffab31230f,xls,https://data.chhs.ca.gov/dataset/946f57be-dd22-46de-8fcf-18b1a8372c7c/resource/38debb3a-cedc-44f8-80ed-45440b02a9e0/download/system-level-reporting.xlsx
c5b94307-c4e2-46ed-bd0e-f1ffab31230f,pdf,https://data.chhs.ca.gov/dataset/946f57be-dd22-46de-8fcf-18b1a8372c7c/resource/b1ea1d27-d07f-4990-b5c2-e97192e88db0/download/system-reports.zip
c5b94307-c4e2-46ed-bd0e-f1ffab31230f,zip,https://data.chhs.ca.gov/dataset/946f57be-dd22-46de-8fcf-18b1a8372c7c/resource/bb0f7f01-5090-49b6-9f9b-33acec1d893a/download/hospital-equity-measures-reports-s86d8vd0.zip
a8f2fede-1a57-41e4-92e0-9f2b16ba1f16,html,https://gis.data.ca.gov/datasets/OEHHA::calheatscore-live-data-for-api-use-1
a8f2fede-1a57-41e4-92e0-9f2b16ba1f16,arcgis geoservices rest api,https://services1.arcgis.com/PCHfdHz4GlDNAhBb/arcgis/rest/services/CalHeatScore_Live_Data_for_API_Use/FeatureServer/0
a8f2fede-1a57-41e4-92e0-9f2b16ba1f16,csv,https://gis.data.ca.gov/api/download/v1/items/361a6b4e0f8b4ce3a1a10d72928fc858/csv?layers=0
a8f2fede-1a57-41e4-92e0-9f2b16ba1f16,zip,https://gis.data.ca.gov/api/download/v1/items/361a6b4e0f8b4ce3a1a10d72928fc858/shapefile?layers=0
a8f2fede-1a57-41e4-92e0-9f2b16ba1f16,geojson,https://gis.data.ca.gov/api/download/v1/items/361a6b4e0f8b4ce3a1a10d72928fc858/geojson?layers=0
a8f2fede-1a57-41e4-92e0-9f2b16ba1f16,kml,https://gis.data.ca.gov/api/download/v1/items/361a6b4e0f8b4ce3a1a10d72928fc858/kml?layers=0
a8f2fede-1a57-41e4-92e0-9f2b16ba1f16,zip,https://gis.data.ca.gov/api/download/v1/items/361a6b4e0f8b4ce3a1a10d72928fc858/filegdb?layers=0
a8f2fede-1a57-41e4-92e0-9f2b16ba1f16,text,https://gis.data.ca.gov/api/download/v1/items/361a6b4e0f8b4ce3a1a10d72928fc858/featureCollection?layers=0
a8f2fede-1a57-41e4-92e0-9f2b16ba1f16,xls,https://gis.data.ca.gov/api/download/v1/items/361a6b4e0f8b4ce3a1a10d72928fc858/excel?layers=0
a8f2fede-1a57-41e4-92e0-9f2b16ba1f16,gpkg,https://gis.data.ca.gov/api/download/v1/items/361a6b4e0f8b4ce3a1a10d72928fc858/geoPackage?layers=0
a8f2fede-1a57-41e4-92e0-9f2b16ba1f16,gdb,https://gis.data.ca.gov/api/download/v1/items/361a6b4e0f8b4ce3a1a10d72928fc858/sqlite?layers=0
d4b797ca-a020-481d-84b3-ff21b21c884a,xls,https://pasteur.epa.gov/uploads/10.23719/1532483/SciHib_In%20vitro%20confirmation%20of%20estrogenic%20and%20antiandrogenic%20pesticide%20bioactivity%20using%20schild%20regression%20analysis.xlsx
aecca277-116f-4aad-9ca0-9a8760f39ec6,,https://www.pandonia-global-network.org
aecca277-116f-4aad-9ca0-9a8760f39ec6,,https://www.epa.gov/hesc/remote-sensing-information-gateway
aecca277-116f-4aad-9ca0-9a8760f39ec6,,https://search.earthdata.nasa.gov/
aecca277-116f-4aad-9ca0-9a8760f39ec6,,https://aeronet.gsfc.nasa.gov/
5f35728f-6f23-49e6-bade-a23f31e529f1,xls,https://pasteur.epa.gov/uploads/10.23719/d-dnd5/Haugland_QPCR%20Method%20Modification%20Dataset_Post%20External%20Review_final.xlsx
76accacd-9edc-49f9-8ce9-7a9d572dc50d,csv,https://data.sfgov.org/api/views/bfhx-j6n5/rows.csv?accessType=DOWNLOAD
76accacd-9edc-49f9-8ce9-7a9d572dc50d,rdf,https://data.sfgov.org/api/views/bfhx-j6n5/rows.rdf?accessType=DOWNLOAD
76accacd-9edc-49f9-8ce9-7a9d572dc50d,json,https://data.sfgov.org/api/views/bfhx-j6n5/rows.json?accessType=DOWNLOAD
76accacd-9edc-49f9-8ce9-7a9d572dc50d,xml,https://data.sfgov.org/api/views/bfhx-j6n5/rows.xml?accessType=DOWNLOAD
5bae9525-7ea5-446c-ac3c-53b0d6bbb820,csv,https://data.mo.gov/api/views/bkz7-5dby/rows.csv?accessType=DOWNLOAD
5bae9525-7ea5-446c-ac3c-53b0d6bbb820,rdf,https://data.mo.gov/api/views/bkz7-5dby/rows.rdf?accessType=DOWNLOAD
5bae9525-7ea5-446c-ac3c-53b0d6bbb820,json,https://data.mo.gov/api/views/bkz7-5dby/rows.json?accessType=DOWNLOAD
5bae9525-7ea5-446c-ac3c-53b0d6bbb820,xml,https://data.mo.gov/api/views/bkz7-5dby/rows.xml?accessType=DOWNLOAD
3eb1142f-83c3-46e4-b000-364098cac118,csv,https://data.oregon.gov/api/views/yjwx-8gnx/rows.csv?accessType=DOWNLOAD
3eb1142f-83c3-46e4-b000-364098cac118,rdf,https://data.oregon.gov/api/views/yjwx-8gnx/rows.rdf?accessType=DOWNLOAD
3eb1142f-83c3-46e4-b000-364098cac118,json,https://data.oregon.gov/api/views/yjwx-8gnx/rows.json?accessType=DOWNLOAD
3eb1142f-83c3-46e4-b000-364098cac118,xml,https://data.oregon.gov/api/views/yjwx-8gnx/rows.xml?accessType=DOWNLOAD
85cfcd0d-5ce5-4e5c-a7ad-283d20105c0b,csv,https://data.oregon.gov/api/views/kj3t-mx9d/rows.csv?accessType=DOWNLOAD
85cfcd0d-5ce5-4e5c-a7ad-283d20105c0b,rdf,https://data.oregon.gov/api/views/kj3t-mx9d/rows.rdf?accessType=DOWNLOAD
85cfcd0d-5ce5-4e5c-a7ad-283d20105c0b,json,https://data.oregon.gov/api/views/kj3t-mx9d/rows.json?accessType=DOWNLOAD
85cfcd0d-5ce5-4e5c-a7ad-283d20105c0b,xml,https://data.oregon.gov/api/views/kj3t-mx9d/rows.xml?accessType=DOWNLOAD
661c86e6-673a-4f80-97a0-8b01d90a3597,csv,https://data.wa.gov/api/views/vjrh-5urx/rows.csv?accessType=DOWNLOAD
661c86e6-673a-4f80-97a0-8b01d90a3597,rdf,https://data.wa.gov/api/views/vjrh-5urx/rows.rdf?accessType=DOWNLOAD
661c86e6-673a-4f80-97a0-8b01d90a3597,json,https://data.wa.gov/api/views/vjrh-5urx/rows.json?accessType=DOWNLOAD
661c86e6-673a-4f80-97a0-8b01d90a3597,xml,https://data.wa.gov/api/views/vjrh-5urx/rows.xml?accessType=DOWNLOAD
50e53936-1761-487e-a5d2-89178ede78b5,csv,https://data.wa.gov/api/views/u25x-vdun/rows.csv?accessType=DOWNLOAD
50e53936-1761-487e-a5d2-89178ede78b5,rdf,https://data.wa.gov/api/views/u25x-vdun/rows.rdf?accessType=DOWNLOAD
50e53936-1761-487e-a5d2-89178ede78b5,json,https://data.wa.gov/api/views/u25x-vdun/rows.json?accessType=DOWNLOAD
50e53936-1761-487e-a5d2-89178ede78b5,xml,https://data.wa.gov/api/views/u25x-vdun/rows.xml?accessType=DOWNLOAD
5db3a89d-0891-4871-87d9-63d284809732,csv,https://data.wa.gov/api/views/n998-iz76/rows.csv?accessType=DOWNLOAD
5db3a89d-0891-4871-87d9-63d284809732,rdf,https://data.wa.gov/api/views/n998-iz76/rows.rdf?accessType=DOWNLOAD
5db3a89d-0891-4871-87d9-63d284809732,json,https://data.wa.gov/api/views/n998-iz76/rows.json?accessType=DOWNLOAD
5db3a89d-0891-4871-87d9-63d284809732,xml,https://data.wa.gov/api/views/n998-iz76/rows.xml?accessType=DOWNLOAD
f5e95318-e159-4cb5-a1e8-e2465e4b0eff,csv,https://data.wa.gov/api/views/m8rc-shum/rows.csv?accessType=DOWNLOAD
f5e95318-e159-4cb5-a1e8-e2465e4b0eff,rdf,https://data.wa.gov/api/views/m8rc-shum/rows.rdf?accessType=DOWNLOAD
f5e95318-e159-4cb5-a1e8-e2465e4b0eff,json,https://data.wa.gov/api/views/m8rc-shum/rows.json?accessType=DOWNLOAD
f5e95318-e159-4cb5-a1e8-e2465e4b0eff,xml,https://data.wa.gov/api/views/m8rc-shum/rows.xml?accessType=DOWNLOAD
e7d0f6d0-7e8b-4253-8652-fa72cca7c9c9,html,https://geo.wa.gov/datasets/WADOH::commercial-harvest-sites
e7d0f6d0-7e8b-4253-8652-fa72cca7c9c9,json,https://services8.arcgis.com/rGGrs6HCnw87OFOT/arcgis/rest/services/Commercial_Harvest_Sites/FeatureServer/0
e7d0f6d0-7e8b-4253-8652-fa72cca7c9c9,csv,https://geo.wa.gov/api/download/v1/items/b625d6bce5864180bcc7d4e59a03a000/csv?layers=0
e7d0f6d0-7e8b-4253-8652-fa72cca7c9c9,zip,https://geo.wa.gov/api/download/v1/items/b625d6bce5864180bcc7d4e59a03a000/shapefile?layers=0
e7d0f6d0-7e8b-4253-8652-fa72cca7c9c9,application/vnd.geo+json,https://geo.wa.gov/api/download/v1/items/b625d6bce5864180bcc7d4e59a03a000/geojson?layers=0
e7d0f6d0-7e8b-4253-8652-fa72cca7c9c9,kml,https://geo.wa.gov/api/download/v1/items/b625d6bce5864180bcc7d4e59a03a000/kml?layers=0
e7d0f6d0-7e8b-4253-8652-fa72cca7c9c9,zip,https://geo.wa.gov/api/download/v1/items/b625d6bce5864180bcc7d4e59a03a000/filegdb?layers=0
e7d0f6d0-7e8b-4253-8652-fa72cca7c9c9,text,https://geo.wa.gov/api/download/v1/items/b625d6bce5864180bcc7d4e59a03a000/featureCollection?layers=0
e7d0f6d0-7e8b-4253-8652-fa72cca7c9c9,xls,https://geo.wa.gov/api/download/v1/items/b625d6bce5864180bcc7d4e59a03a000/excel?layers=0
e7d0f6d0-7e8b-4253-8652-fa72cca7c9c9,application/geopackage+sqlite3,https://geo.wa.gov/api/download/v1/items/b625d6bce5864180bcc7d4e59a03a000/geoPackage?layers=0
e7d0f6d0-7e8b-4253-8652-fa72cca7c9c9,application/geopackage+sqlite3,https://geo.wa.gov/api/download/v1/items/b625d6bce5864180bcc7d4e59a03a000/sqlite?layers=0
fd69f69c-ad8f-45b8-b654-752a23a1c487,html,https://data-wake.opendata.arcgis.com/datasets/Wake::code-cases-past-90-days
fd69f69c-ad8f-45b8-b654-752a23a1c487,arcgis geoservices rest api,https://services1.arcgis.com/a7CWfuGP5ZnLYE7I/arcgis/rest/services/codecases_90days_test/FeatureServer/0
fd69f69c-ad8f-45b8-b654-752a23a1c487,csv,https://data-wake.opendata.arcgis.com/api/download/v1/items/2215e49fe7e1443cb21ed95b176916e9/csv?layers=0
fd69f69c-ad8f-45b8-b654-752a23a1c487,zip,https://data-wake.opendata.arcgis.com/api/download/v1/items/2215e49fe7e1443cb21ed95b176916e9/shapefile?layers=0
fd69f69c-ad8f-45b8-b654-752a23a1c487,geojson,https://data-wake.opendata.arcgis.com/api/download/v1/items/2215e49fe7e1443cb21ed95b176916e9/geojson?layers=0
fd69f69c-ad8f-45b8-b654-752a23a1c487,kml,https://data-wake.opendata.arcgis.com/api/download/v1/items/2215e49fe7e1443cb21ed95b176916e9/kml?layers=0
be7fa50f-d84c-457a-8a00-241d3b0cf475,html,https://data-wake.opendata.arcgis.com/datasets/Wake::zip-codes
be7fa50f-d84c-457a-8a00-241d3b0cf475,arcgis geoservices rest api,https://maps.wake.gov/arcgis/rest/services/Boundaries/ZipCodes/MapServer/0
be7fa50f-d84c-457a-8a00-241d3b0cf475,csv,https://data-wake.opendata.arcgis.com/api/download/v1/items/c36af46caf914c9992964b8fd9eeb035/csv?layers=0
be7fa50f-d84c-457a-8a00-241d3b0cf475,zip,https://data-wake.opendata.arcgis.com/api/download/v1/items/c36af46caf914c9992964b8fd9eeb035/shapefile?layers=0
be7fa50f-d84c-457a-8a00-241d3b0cf475,geojson,https://data-wake.opendata.arcgis.com/api/download/v1/items/c36af46caf914c9992964b8fd9eeb035/geojson?layers=0
be7fa50f-d84c-457a-8a00-241d3b0cf475,kml,https://data-wake.opendata.arcgis.com/api/download/v1/items/c36af46caf914c9992964b8fd9eeb035/kml?layers=0
fe2348b5-6c04-48cb-92a9-40d139ed1b7c,,https://accession.nodc.noaa.gov/0244392
fe2348b5-6c04-48cb-92a9-40d139ed1b7c,,https://accession.nodc.noaa.gov/0209239
fe2348b5-6c04-48cb-92a9-40d139ed1b7c,,https://accession.nodc.noaa.gov/0244392
fe2348b5-6c04-48cb-92a9-40d139ed1b7c,,https://accession.nodc.noaa.gov/0283598
fe2348b5-6c04-48cb-92a9-40d139ed1b7c,,https://accession.nodc.noaa.gov/0283598
fe2348b5-6c04-48cb-92a9-40d139ed1b7c,,https://accession.nodc.noaa.gov/0283598
fe2348b5-6c04-48cb-92a9-40d139ed1b7c,,https://www.fisheries.noaa.gov/inport/item/65764
fe2348b5-6c04-48cb-92a9-40d139ed1b7c,,https://www.pifsc.noaa.gov
fe2348b5-6c04-48cb-92a9-40d139ed1b7c,,https://doi.org/10.3354/meps14918
fe2348b5-6c04-48cb-92a9-40d139ed1b7c,,https://www.fisheries.noaa.gov/feature-story/surveys-assess-2019-hawaii-coral-bleaching-event
fe2348b5-6c04-48cb-92a9-40d139ed1b7c,,https://forum.earthdata.nasa.gov/app.php/tag/GCMD%2BKeywords
fe2348b5-6c04-48cb-92a9-40d139ed1b7c,pdf,https://www.fisheries.noaa.gov/inportserve/waf/noaa/nmfs/pifsc/dmp/pdf/65764.pdf
f7702f63-d4c3-4edc-8c56-158973207bea,,https://accession.nodc.noaa.gov/0210811
f7702f63-d4c3-4edc-8c56-158973207bea,,https://accession.nodc.noaa.gov/0210812
f7702f63-d4c3-4edc-8c56-158973207bea,,https://accession.nodc.noaa.gov/0210740
f7702f63-d4c3-4edc-8c56-158973207bea,,https://accession.nodc.noaa.gov/0210812
f7702f63-d4c3-4edc-8c56-158973207bea,,https://accession.nodc.noaa.gov/0210811
f7702f63-d4c3-4edc-8c56-158973207bea,,https://accession.nodc.noaa.gov/0210740
f7702f63-d4c3-4edc-8c56-158973207bea,,https://accession.nodc.noaa.gov/0253649
f7702f63-d4c3-4edc-8c56-158973207bea,,https://accession.nodc.noaa.gov/0253648
f7702f63-d4c3-4edc-8c56-158973207bea,,https://accession.nodc.noaa.gov/0253649
f7702f63-d4c3-4edc-8c56-158973207bea,,https://accession.nodc.noaa.gov/0253648
f7702f63-d4c3-4edc-8c56-158973207bea,,https://www.fisheries.noaa.gov/inport/item/59423
f7702f63-d4c3-4edc-8c56-158973207bea,,https://www.pifsc.noaa.gov
f7702f63-d4c3-4edc-8c56-158973207bea,,https://www.fisheries.noaa.gov/pacific-islands/marine-debris-research-and-removal-northwestern-hawaiian-islands
f7702f63-d4c3-4edc-8c56-158973207bea,,https://noaa.maps.arcgis.com/apps/MapTour/index.html?appid=852aeea527834cfbbc53248850065b4a
f7702f63-d4c3-4edc-8c56-158973207bea,,https://forum.earthdata.nasa.gov/app.php/tag/GCMD%2BKeywords
f7702f63-d4c3-4edc-8c56-158973207bea,pdf,https://www.fisheries.noaa.gov/inportserve/waf/noaa/nmfs/pifsc/dmp/pdf/59423.pdf
0a282eaf-3d13-456d-8096-6f95f72fe53c,,https://accession.nodc.noaa.gov/0162472
0a282eaf-3d13-456d-8096-6f95f72fe53c,,https://accession.nodc.noaa.gov/0178974
0a282eaf-3d13-456d-8096-6f95f72fe53c,,https://mapper.obis.org/?datasetid=2ae2a2bd-8412-405b-8a9f-b71adc41d4c5
0a282eaf-3d13-456d-8096-6f95f72fe53c,,https://accession.nodc.noaa.gov/0157633
0a282eaf-3d13-456d-8096-6f95f72fe53c,,https://www.fisheries.noaa.gov/inport/item/34515
0a282eaf-3d13-456d-8096-6f95f72fe53c,,https://www.pifsc.noaa.gov/cred/fish.php
0a282eaf-3d13-456d-8096-6f95f72fe53c,pdf,https://www.pifsc.noaa.gov/library/pubs/admin/PIFSC_Admin_Rep_11-08.pdf
0a282eaf-3d13-456d-8096-6f95f72fe53c,pdf,https://www.pifsc.noaa.gov/cred/reef_fish_survey_methods_and_data.pdf
0a282eaf-3d13-456d-8096-6f95f72fe53c,,https://www.pifsc.noaa.gov/cred/survey_methods.php#new_stationary_point_count
0a282eaf-3d13-456d-8096-6f95f72fe53c,,https://www.pifsc.noaa.gov/cred/survey_methods/fish_surveys/rapid_ecological_assessment_of_fish-survey_method_training.php
0a282eaf-3d13-456d-8096-6f95f72fe53c,,https://www.pifsc.noaa.gov/cred/pacific_ramp.php
0a282eaf-3d13-456d-8096-6f95f72fe53c,,https://www.papahanaumokuakea.gov/
0a282eaf-3d13-456d-8096-6f95f72fe53c,,https://forum.earthdata.nasa.gov/app.php/tag/GCMD%2BKeywords
0a282eaf-3d13-456d-8096-6f95f72fe53c,pdf,https://www.fisheries.noaa.gov/inportserve/waf/noaa/nmfs/pifsc/dmp/pdf/34515.pdf
839385b5-c29f-4cbf-afd7-ed0cb4a732fb,,https://accession.nodc.noaa.gov/0159172
839385b5-c29f-4cbf-afd7-ed0cb4a732fb,,https://accession.nodc.noaa.gov/0164296
839385b5-c29f-4cbf-afd7-ed0cb4a732fb,,https://accession.nodc.noaa.gov/0240600
839385b5-c29f-4cbf-afd7-ed0cb4a732fb,,https://accession.nodc.noaa.gov/0240600
839385b5-c29f-4cbf-afd7-ed0cb4a732fb,,https://accession.nodc.noaa.gov/#
839385b5-c29f-4cbf-afd7-ed0cb4a732fb,,https://www.fisheries.noaa.gov/inport/item/36143
839385b5-c29f-4cbf-afd7-ed0cb4a732fb,,https://www.pifsc.noaa.gov
839385b5-c29f-4cbf-afd7-ed0cb4a732fb,,https://coralreef.noaa.gov
839385b5-c29f-4cbf-afd7-ed0cb4a732fb,,https://www.pifsc.noaa.gov/cred/corals.php
839385b5-c29f-4cbf-afd7-ed0cb4a732fb,,https://www.coris.noaa.gov/monitoring/
839385b5-c29f-4cbf-afd7-ed0cb4a732fb,,https://forum.earthdata.nasa.gov/app.php/tag/GCMD%2BKeywords
839385b5-c29f-4cbf-afd7-ed0cb4a732fb,pdf,https://www.fisheries.noaa.gov/inportserve/waf/noaa/nmfs/pifsc/dmp/pdf/36143.pdf
f620587a-9869-4d71-92fb-9406c1c46353,xls,https://pasteur.epa.gov/uploads/10.23719/d-z23f/6_BTEX%20paper%20SI%20Tables%201-6.xlsx
f620587a-9869-4d71-92fb-9406c1c46353,xls,https://pasteur.epa.gov/uploads/10.23719/d-z23f/5_SI%20Tables%204-5%20gene%20and%20Reactome%20details%20.xlsx
f620587a-9869-4d71-92fb-9406c1c46353,xls,https://pasteur.epa.gov/uploads/10.23719/d-z23f/4_Fig3-6%20Table1%20SI%20Fig1%2C3-5%20SI%20Tables%204-6%20tissue%20gene%20counts.xlsx
f620587a-9869-4d71-92fb-9406c1c46353,xls,https://pasteur.epa.gov/uploads/10.23719/d-z23f/3_Fig2%20SI%20Table2%20SI%20Table3%20blood%20BALF.xlsx
f620587a-9869-4d71-92fb-9406c1c46353,xls,https://pasteur.epa.gov/uploads/10.23719/d-z23f/2_SI%20Fig2%20SI%20Table1%20plethysmography.xlsx
f620587a-9869-4d71-92fb-9406c1c46353,xls,https://pasteur.epa.gov/uploads/10.23719/d-z23f/1_Fig1%20BTEX%20exposure%20data.xlsx
1adc7ca7-8089-460d-b25b-39c016a952aa,zip,https://pasteur.epa.gov/uploads/10.23719/1532255/KelleherEtAl25_FilesAndScripts.zip
349c5fd2-1e0a-4c56-89c8-b7351c8d47bc,zip,https://pasteur.epa.gov/uploads/10.23719/d-bcck/vgaf072_supplementary_data.zip
119781ad-0245-4745-a826-a836c2adc475,bin,https://data.nlr.gov/system/files/302/1773544299-esif.hpc.kestrel.job-anon.zip
119781ad-0245-4745-a826-a836c2adc475,bin,https://data.nlr.gov/system/files/302/1773549083-datacard_0.md
5c72d8c4-5469-4d1c-a6d0-8e419cc5c0e4,bin,https://data.nlr.gov/system/files/295/1773544762-esif.hpc.eagle.job-anon.zip
5c72d8c4-5469-4d1c-a6d0-8e419cc5c0e4,bin,https://data.nlr.gov/system/files/295/1773547999-esif.hpc.eagle.job-anon-energy-metrics.zip
5c72d8c4-5469-4d1c-a6d0-8e419cc5c0e4,bin,https://data.nlr.gov/system/files/295/1773549035-datacard_0.md
9e4d59fb-ab00-41ab-ad6f-71b232d7d4c1,readme,https://gdr.openei.org/files/1823/README
9e4d59fb-ab00-41ab-ad6f-71b232d7d4c1,py,https://gdr.openei.org/files/1823/read_cat_plot_spectra.py
9e4d59fb-ab00-41ab-ad6f-71b232d7d4c1,py,https://gdr.openei.org/files/1823/plot_Q_well_logs.py
9e4d59fb-ab00-41ab-ad6f-71b232d7d4c1,npz,https://gdr.openei.org/files/1823/Qp_profile_20-200Hz.npz
9e4d59fb-ab00-41ab-ad6f-71b232d7d4c1,npz,https://gdr.openei.org/files/1823/well_config.npz
9e4d59fb-ab00-41ab-ad6f-71b232d7d4c1,csv,https://gdr.openei.org/files/1823/event_catalog.csv
9e4d59fb-ab00-41ab-ad6f-71b232d7d4c1,zip,https://gdr.openei.org/files/1823/spectra.zip
cb47cea7-5cb4-4769-be6f-908e7c2b8821,text,https://gdr.openei.org/files/1821/MR68_Granitoid_CR0p05_6_1.txt
cb47cea7-5cb4-4769-be6f-908e7c2b8821,text,https://gdr.openei.org/files/1821/MR3_Granitoid_CR0p05_1.txt
cb47cea7-5cb4-4769-be6f-908e7c2b8821,text,https://gdr.openei.org/files/1821/MR14_Granitoid_CR0p05_2.txt
cb47cea7-5cb4-4769-be6f-908e7c2b8821,text,https://gdr.openei.org/files/1821/MR15_Granitoid_CR0p05_3.txt
cb47cea7-5cb4-4769-be6f-908e7c2b8821,text,https://gdr.openei.org/files/1821/MR23_Granitoid_CR0p05_4.txt
cb47cea7-5cb4-4769-be6f-908e7c2b8821,text,https://gdr.openei.org/files/1821/MR80_Granitoid_CR0p05_8.txt
cb47cea7-5cb4-4769-be6f-908e7c2b8821,text,https://gdr.openei.org/files/1821/MR71_Granitoid_CR0p25_7.txt
cb47cea7-5cb4-4769-be6f-908e7c2b8821,text,https://gdr.openei.org/files/1821/MR1_Granitoid_CR0p25_1.txt
cb47cea7-5cb4-4769-be6f-908e7c2b8821,text,https://gdr.openei.org/files/1821/MR17_Granitoid_CR0p25_4.txt
cb47cea7-5cb4-4769-be6f-908e7c2b8821,text,https://gdr.openei.org/files/1821/MR22_Granitoid_CR0p25_5.txt
cb47cea7-5cb4-4769-be6f-908e7c2b8821,text,https://gdr.openei.org/files/1821/MR79_Granitoid_CR0p25_8.txt
cb47cea7-5cb4-4769-be6f-908e7c2b8821,text,https://gdr.openei.org/files/1821/MR74_Granitoid_CR0p75_14_1.txt
cb47cea7-5cb4-4769-be6f-908e7c2b8821,text,https://gdr.openei.org/files/1821/MR2_Granitoid_CR0p75_1.txt
cb47cea7-5cb4-4769-be6f-908e7c2b8821,text,https://gdr.openei.org/files/1821/MR41_Granitoid_CR0p75_11.txt
cb47cea7-5cb4-4769-be6f-908e7c2b8821,text,https://gdr.openei.org/files/1821/MR78_Granitoid_CR0p75_18.txt
cb47cea7-5cb4-4769-be6f-908e7c2b8821,csv,https://gdr.openei.org/files/1821/MR68_AE_catalog.csv
cb47cea7-5cb4-4769-be6f-908e7c2b8821,csv,https://gdr.openei.org/files/1821/MR3_AE_catalog.csv
cb47cea7-5cb4-4769-be6f-908e7c2b8821,csv,https://gdr.openei.org/files/1821/MR14_AE_catalog.csv
cb47cea7-5cb4-4769-be6f-908e7c2b8821,csv,https://gdr.openei.org/files/1821/MR15_AE_catalog.csv
cb47cea7-5cb4-4769-be6f-908e7c2b8821,csv,https://gdr.openei.org/files/1821/MR23_AE_catalog.csv
cb47cea7-5cb4-4769-be6f-908e7c2b8821,csv,https://gdr.openei.org/files/1821/MR80_AE_catalog.csv
cb47cea7-5cb4-4769-be6f-908e7c2b8821,csv,https://gdr.openei.org/files/1821/MR71_AE_catalog.csv
cb47cea7-5cb4-4769-be6f-908e7c2b8821,csv,https://gdr.openei.org/files/1821/MR1_AE_catalog.csv
cb47cea7-5cb4-4769-be6f-908e7c2b8821,csv,https://gdr.openei.org/files/1821/MR17_AE_catalog.csv
cb47cea7-5cb4-4769-be6f-908e7c2b8821,csv,https://gdr.openei.org/files/1821/MR22_AE_catalog.csv
cb47cea7-5cb4-4769-be6f-908e7c2b8821,csv,https://gdr.openei.org/files/1821/MR79_AE_catalog.csv
cb47cea7-5cb4-4769-be6f-908e7c2b8821,csv,https://gdr.openei.org/files/1821/MR74_AE_catalog.csv
cb47cea7-5cb4-4769-be6f-908e7c2b8821,csv,https://gdr.openei.org/files/1821/MR2_AE_catalog.csv
cb47cea7-5cb4-4769-be6f-908e7c2b8821,csv,https://gdr.openei.org/files/1821/MR41_AE_catalog.csv
cb47cea7-5cb4-4769-be6f-908e7c2b8821,csv,https://gdr.openei.org/files/1821/MR78_AE_catalog.csv
cb47cea7-5cb4-4769-be6f-908e7c2b8821,m,https://gdr.openei.org/files/1821/Uniform_PorePressure_RawData_Script.m
cb47cea7-5cb4-4769-be6f-908e7c2b8821,m,https://gdr.openei.org/files/1821/NonUniform_PorePressure_RawData_Script.m
39503434-ce9d-497f-b53c-d25e71548417,h5,https://gdr.openei.org/files/1816/16B-DAS_SM_UTC_20250831_231651.872.h5
39503434-ce9d-497f-b53c-d25e71548417,h5,https://gdr.openei.org/files/1816/16B-DAS_SM_UTC_20250831_232151.872.h5
39503434-ce9d-497f-b53c-d25e71548417,h5,https://gdr.openei.org/files/1816/16B-DAS_SM_UTC_20250831_230851.872.h5
39503434-ce9d-497f-b53c-d25e71548417,h5,https://gdr.openei.org/files/1816/16B-DAS_SM_UTC_20250831_230951.872.h5
39503434-ce9d-497f-b53c-d25e71548417,h5,https://gdr.openei.org/files/1816/16B-DAS_SM_UTC_20250831_231551.872.h5
39503434-ce9d-497f-b53c-d25e71548417,h5,https://gdr.openei.org/files/1816/16B-DAS_SM_UTC_20250831_231051.872.h5
39503434-ce9d-497f-b53c-d25e71548417,h5,https://gdr.openei.org/files/1816/16B-DAS_SM_UTC_20250831_231151.872.h5
39503434-ce9d-497f-b53c-d25e71548417,h5,https://gdr.openei.org/files/1816/16B-DAS_SM_UTC_20250831_231251.872.h5
39503434-ce9d-497f-b53c-d25e71548417,h5,https://gdr.openei.org/files/1816/16B-DAS_SM_UTC_20250831_231351.872.h5
39503434-ce9d-497f-b53c-d25e71548417,h5,https://gdr.openei.org/files/1816/16B-DAS_SM_UTC_20250831_231451.872.h5
39503434-ce9d-497f-b53c-d25e71548417,h5,https://gdr.openei.org/files/1816/16B-DAS_SM_UTC_20250831_232251.872.h5
39503434-ce9d-497f-b53c-d25e71548417,h5,https://gdr.openei.org/files/1816/16B-DAS_SM_UTC_20250831_232051.872.h5
39503434-ce9d-497f-b53c-d25e71548417,h5,https://gdr.openei.org/files/1816/16B-DAS_SM_UTC_20250831_231951.872.h5
39503434-ce9d-497f-b53c-d25e71548417,h5,https://gdr.openei.org/files/1816/16B-DAS_SM_UTC_20250831_232451.872.h5
39503434-ce9d-497f-b53c-d25e71548417,h5,https://gdr.openei.org/files/1816/16B-DAS_SM_UTC_20250831_232551.872.h5
39503434-ce9d-497f-b53c-d25e71548417,h5,https://gdr.openei.org/files/1816/16B-DAS_SM_UTC_20250831_232351.872.h5
39503434-ce9d-497f-b53c-d25e71548417,h5,https://gdr.openei.org/files/1816/16B-DAS_SM_UTC_20250831_231851.872.h5
39503434-ce9d-497f-b53c-d25e71548417,h5,https://gdr.openei.org/files/1816/16B-DAS_SM_UTC_20250831_232151.872.h5
39503434-ce9d-497f-b53c-d25e71548417,h5,https://gdr.openei.org/files/1816/16B-DAS_SM_UTC_20250831_231751.872.h5
39503434-ce9d-497f-b53c-d25e71548417,h5,https://gdr.openei.org/files/1816/16B-DAS_SM_UTC_20250831_233151.872.h5
39503434-ce9d-497f-b53c-d25e71548417,h5,https://gdr.openei.org/files/1816/16B-DAS_SM_UTC_20250831_233551.872.h5
39503434-ce9d-497f-b53c-d25e71548417,h5,https://gdr.openei.org/files/1816/16B-DAS_SM_UTC_20250831_233351.872.h5
39503434-ce9d-497f-b53c-d25e71548417,h5,https://gdr.openei.org/files/1816/16B-DAS_SM_UTC_20250831_233751.872.h5
39503434-ce9d-497f-b53c-d25e71548417,h5,https://gdr.openei.org/files/1816/16B-DAS_SM_UTC_20250831_233851.872.h5
39503434-ce9d-497f-b53c-d25e71548417,h5,https://gdr.openei.org/files/1816/16B-DAS_SM_UTC_20250831_233451.872.h5
39503434-ce9d-497f-b53c-d25e71548417,h5,https://gdr.openei.org/files/1816/16B-DAS_SM_UTC_20250831_232651.872.h5
39503434-ce9d-497f-b53c-d25e71548417,h5,https://gdr.openei.org/files/1816/16B-DAS_SM_UTC_20250831_233051.872.h5
39503434-ce9d-497f-b53c-d25e71548417,h5,https://gdr.openei.org/files/1816/16B-DAS_SM_UTC_20250831_232951.872.h5
39503434-ce9d-497f-b53c-d25e71548417,h5,https://gdr.openei.org/files/1816/16B-DAS_SM_UTC_20250831_233651.872.h5
39503434-ce9d-497f-b53c-d25e71548417,h5,https://gdr.openei.org/files/1816/16B-DAS_SM_UTC_20250831_234051.872.h5
39503434-ce9d-497f-b53c-d25e71548417,h5,https://gdr.openei.org/files/1816/16B-DAS_SM_UTC_20250831_233951.872.h5
39503434-ce9d-497f-b53c-d25e71548417,h5,https://gdr.openei.org/files/1816/16B-DAS_SM_UTC_20250831_234151.872.h5
39503434-ce9d-497f-b53c-d25e71548417,h5,https://gdr.openei.org/files/1816/16B-DAS_SM_UTC_20250831_232751.872.h5
39503434-ce9d-497f-b53c-d25e71548417,h5,https://gdr.openei.org/files/1816/16B-DAS_SM_UTC_20250831_232851.872.h5
39503434-ce9d-497f-b53c-d25e71548417,h5,https://gdr.openei.org/files/1816/16B-DAS_SM_UTC_20250831_233251.872.h5
39503434-ce9d-497f-b53c-d25e71548417,h5,https://gdr.openei.org/files/1816/16B-DAS_SM_UTC_20250831_234351.872.h5
39503434-ce9d-497f-b53c-d25e71548417,h5,https://gdr.openei.org/files/1816/16B-DAS_SM_UTC_20250831_234251.872.h5
39503434-ce9d-497f-b53c-d25e71548417,h5,https://gdr.openei.org/files/1816/16B-DAS_SM_UTC_20250831_234651.872.h5
39503434-ce9d-497f-b53c-d25e71548417,h5,https://gdr.openei.org/files/1816/16B-DAS_SM_UTC_20250831_234551.872.h5
39503434-ce9d-497f-b53c-d25e71548417,h5,https://gdr.openei.org/files/1816/16B-DAS_SM_UTC_20250831_234451.872.h5
39503434-ce9d-497f-b53c-d25e71548417,h5,https://gdr.openei.org/files/1816/16B-DAS_SM_UTC_20250831_234751.872.h5
39503434-ce9d-497f-b53c-d25e71548417,h5,https://gdr.openei.org/files/1816/16B-DAS_SM_UTC_20250831_234851.872.h5
39503434-ce9d-497f-b53c-d25e71548417,h5,https://gdr.openei.org/files/1816/16B-DAS_SM_UTC_20250901_015851.872.h5
39503434-ce9d-497f-b53c-d25e71548417,h5,https://gdr.openei.org/files/1816/16B-DAS_SM_UTC_20250901_020651.872.h5
39503434-ce9d-497f-b53c-d25e71548417,h5,https://gdr.openei.org/files/1816/16B-DAS_SM_UTC_20250901_015551.872.h5
39503434-ce9d-497f-b53c-d25e71548417,h5,https://gdr.openei.org/files/1816/16B-DAS_SM_UTC_20250901_021551.872.h5
39503434-ce9d-497f-b53c-d25e71548417,h5,https://gdr.openei.org/files/1816/16B-DAS_SM_UTC_20250901_020051.872.h5
39503434-ce9d-497f-b53c-d25e71548417,h5,https://gdr.openei.org/files/1816/16B-DAS_SM_UTC_20250901_020151.872.h5
39503434-ce9d-497f-b53c-d25e71548417,h5,https://gdr.openei.org/files/1816/16B-DAS_SM_UTC_20250901_020951.872.h5
39503434-ce9d-497f-b53c-d25e71548417,h5,https://gdr.openei.org/files/1816/16B-DAS_SM_UTC_20250901_015451.872.h5
39503434-ce9d-497f-b53c-d25e71548417,h5,https://gdr.openei.org/files/1816/16B-DAS_SM_UTC_20250901_021151.872.h5
39503434-ce9d-497f-b53c-d25e71548417,h5,https://gdr.openei.org/files/1816/16B-DAS_SM_UTC_20250901_021351.872.h5
39503434-ce9d-497f-b53c-d25e71548417,h5,https://gdr.openei.org/files/1816/16B-DAS_SM_UTC_20250901_021451.872.h5
39503434-ce9d-497f-b53c-d25e71548417,h5,https://gdr.openei.org/files/1816/16B-DAS_SM_UTC_20250901_015751.872.h5
39503434-ce9d-497f-b53c-d25e71548417,h5,https://gdr.openei.org/files/1816/16B-DAS_SM_UTC_20250901_015651.872.h5
39503434-ce9d-497f-b53c-d25e71548417,h5,https://gdr.openei.org/files/1816/16B-DAS_SM_UTC_20250901_015951.872.h5
39503434-ce9d-497f-b53c-d25e71548417,h5,https://gdr.openei.org/files/1816/16B-DAS_SM_UTC_20250901_020251.872.h5
39503434-ce9d-497f-b53c-d25e71548417,h5,https://gdr.openei.org/files/1816/16B-DAS_SM_UTC_20250901_020351.872.h5
39503434-ce9d-497f-b53c-d25e71548417,h5,https://gdr.openei.org/files/1816/16B-DAS_SM_UTC_20250901_020551.872.h5
39503434-ce9d-497f-b53c-d25e71548417,h5,https://gdr.openei.org/files/1816/16B-DAS_SM_UTC_20250901_020751.872.h5
39503434-ce9d-497f-b53c-d25e71548417,h5,https://gdr.openei.org/files/1816/16B-DAS_SM_UTC_20250901_021051.872.h5
39503434-ce9d-497f-b53c-d25e71548417,h5,https://gdr.openei.org/files/1816/16B-DAS_SM_UTC_20250901_020851.872.h5
39503434-ce9d-497f-b53c-d25e71548417,h5,https://gdr.openei.org/files/1816/16B-DAS_SM_UTC_20250901_021251.872.h5
39503434-ce9d-497f-b53c-d25e71548417,h5,https://gdr.openei.org/files/1816/16B-DAS_SM_UTC_20250901_020451.872.h5
39503434-ce9d-497f-b53c-d25e71548417,h5,https://gdr.openei.org/files/1816/16B-DAS_SM_UTC_20250901_024151.872.h5
39503434-ce9d-497f-b53c-d25e71548417,h5,https://gdr.openei.org/files/1816/16B-DAS_SM_UTC_20250901_072751.872.h5
39503434-ce9d-497f-b53c-d25e71548417,h5,https://gdr.openei.org/files/1816/16B-DAS_SM_UTC_20250901_073251.872.h5
39503434-ce9d-497f-b53c-d25e71548417,h5,https://gdr.openei.org/files/1816/16B-DAS_SM_UTC_20250901_072951.872.h5
39503434-ce9d-497f-b53c-d25e71548417,h5,https://gdr.openei.org/files/1816/16B-DAS_SM_UTC_20250901_073351.872.h5
39503434-ce9d-497f-b53c-d25e71548417,h5,https://gdr.openei.org/files/1816/16B-DAS_SM_UTC_20250901_072851.872.h5
39503434-ce9d-497f-b53c-d25e71548417,h5,https://gdr.openei.org/files/1816/16B-DAS_SM_UTC_20250901_073151.872.h5
39503434-ce9d-497f-b53c-d25e71548417,h5,https://gdr.openei.org/files/1816/16B-DAS_SM_UTC_20250901_062851.872.h5
39503434-ce9d-497f-b53c-d25e71548417,h5,https://gdr.openei.org/files/1816/16B-DAS_SM_UTC_20250901_061651.872.h5
39503434-ce9d-497f-b53c-d25e71548417,h5,https://gdr.openei.org/files/1816/16B-DAS_SM_UTC_20250901_060351.872.h5
39503434-ce9d-497f-b53c-d25e71548417,h5,https://gdr.openei.org/files/1816/16B-DAS_SM_UTC_20250901_073051.872.h5
39503434-ce9d-497f-b53c-d25e71548417,h5,https://gdr.openei.org/files/1816/16B-DAS_SM_UTC_20250901_072551.872.h5
39503434-ce9d-497f-b53c-d25e71548417,h5,https://gdr.openei.org/files/1816/16B-DAS_SM_UTC_20250901_072651.872.h5
39503434-ce9d-497f-b53c-d25e71548417,h5,https://gdr.openei.org/files/1816/16B-DAS_SM_UTC_20250901_060551.872.h5
39503434-ce9d-497f-b53c-d25e71548417,h5,https://gdr.openei.org/files/1816/16B-DAS_SM_UTC_20250901_060251.872.h5
39503434-ce9d-497f-b53c-d25e71548417,h5,https://gdr.openei.org/files/1816/16B-DAS_SM_UTC_20250901_063351.872.h5
39503434-ce9d-497f-b53c-d25e71548417,h5,https://gdr.openei.org/files/1816/16B-DAS_SM_UTC_20250901_062351.872.h5
39503434-ce9d-497f-b53c-d25e71548417,h5,https://gdr.openei.org/files/1816/16B-DAS_SM_UTC_20250901_060151.872.h5
39503434-ce9d-497f-b53c-d25e71548417,h5,https://gdr.openei.org/files/1816/16B-DAS_SM_UTC_20250901_061351.872.h5
39503434-ce9d-497f-b53c-d25e71548417,h5,https://gdr.openei.org/files/1816/16B-DAS_SM_UTC_20250901_063651.872.h5
39503434-ce9d-497f-b53c-d25e71548417,h5,https://gdr.openei.org/files/1816/16B-DAS_SM_UTC_20250901_060051.872.h5
39503434-ce9d-497f-b53c-d25e71548417,h5,https://gdr.openei.org/files/1816/16B-DAS_SM_UTC_20250901_060951.872.h5
39503434-ce9d-497f-b53c-d25e71548417,h5,https://gdr.openei.org/files/1816/16B-DAS_SM_UTC_20250901_060451.872.h5
39503434-ce9d-497f-b53c-d25e71548417,h5,https://gdr.openei.org/files/1816/16B-DAS_SM_UTC_20250901_062451.872.h5
39503434-ce9d-497f-b53c-d25e71548417,h5,https://gdr.openei.org/files/1816/16B-DAS_SM_UTC_20250901_060651.872.h5
39503434-ce9d-497f-b53c-d25e71548417,h5,https://gdr.openei.org/files/1816/16B-DAS_SM_UTC_20250901_060851.872.h5
39503434-ce9d-497f-b53c-d25e71548417,h5,https://gdr.openei.org/files/1816/16B-DAS_SM_UTC_20250901_061251.872.h5
39503434-ce9d-497f-b53c-d25e71548417,h5,https://gdr.openei.org/files/1816/16B-DAS_SM_UTC_20250901_055951.872.h5
39503434-ce9d-497f-b53c-d25e71548417,h5,https://gdr.openei.org/files/1816/16B-DAS_SM_UTC_20250901_062251.872.h5
39503434-ce9d-497f-b53c-d25e71548417,h5,https://gdr.openei.org/files/1816/16B-DAS_SM_UTC_20250901_063751.872.h5
39503434-ce9d-497f-b53c-d25e71548417,h5,https://gdr.openei.org/files/1816/16B-DAS_SM_UTC_20250901_062151.872.h5
39503434-ce9d-497f-b53c-d25e71548417,h5,https://gdr.openei.org/files/1816/16B-DAS_SM_UTC_20250901_062051.872.h5
39503434-ce9d-497f-b53c-d25e71548417,h5,https://gdr.openei.org/files/1816/16B-DAS_SM_UTC_20250901_060751.872.h5
39503434-ce9d-497f-b53c-d25e71548417,h5,https://gdr.openei.org/files/1816/16B-DAS_SM_UTC_20250901_061951.872.h5
39503434-ce9d-497f-b53c-d25e71548417,h5,https://gdr.openei.org/files/1816/16B-DAS_SM_UTC_20250901_061851.872.h5
39503434-ce9d-497f-b53c-d25e71548417,h5,https://gdr.openei.org/files/1816/16B-DAS_SM_UTC_20250901_062751.872.h5
39503434-ce9d-497f-b53c-d25e71548417,h5,https://gdr.openei.org/files/1816/16B-DAS_SM_UTC_20250901_063551.872.h5
39503434-ce9d-497f-b53c-d25e71548417,h5,https://gdr.openei.org/files/1816/16B-DAS_SM_UTC_20250901_063451.872.h5
39503434-ce9d-497f-b53c-d25e71548417,h5,https://gdr.openei.org/files/1816/16B-DAS_SM_UTC_20250901_062651.872.h5
39503434-ce9d-497f-b53c-d25e71548417,h5,https://gdr.openei.org/files/1816/16B-DAS_SM_UTC_20250901_061551.872.h5
39503434-ce9d-497f-b53c-d25e71548417,h5,https://gdr.openei.org/files/1816/16B-DAS_SM_UTC_20250901_061451.872.h5
39503434-ce9d-497f-b53c-d25e71548417,h5,https://gdr.openei.org/files/1816/16B-DAS_SM_UTC_20250901_062551.872.h5
39503434-ce9d-497f-b53c-d25e71548417,h5,https://gdr.openei.org/files/1816/16B-DAS_SM_UTC_20250901_064051.872.h5
39503434-ce9d-497f-b53c-d25e71548417,h5,https://gdr.openei.org/files/1816/16B-DAS_SM_UTC_20250901_063251.872.h5
39503434-ce9d-497f-b53c-d25e71548417,h5,https://gdr.openei.org/files/1816/16B-DAS_SM_UTC_20250901_063951.872.h5
39503434-ce9d-497f-b53c-d25e71548417,h5,https://gdr.openei.org/files/1816/16B-DAS_SM_UTC_20250901_063851.872.h5
39503434-ce9d-497f-b53c-d25e71548417,h5,https://gdr.openei.org/files/1816/16B-DAS_SM_UTC_20250901_063051.872.h5
39503434-ce9d-497f-b53c-d25e71548417,h5,https://gdr.openei.org/files/1816/16B-DAS_SM_UTC_20250901_063151.872.h5
39503434-ce9d-497f-b53c-d25e71548417,h5,https://gdr.openei.org/files/1816/16B-DAS_SM_UTC_20250901_064851.872.h5
4f82196f-7b43-40d9-bc12-b778b550915b,html,https://doi.org/10.1002/2015GC006129
4f82196f-7b43-40d9-bc12-b778b550915b,m,https://gdr.openei.org/files/1814/Heath_Model.m
4f82196f-7b43-40d9-bc12-b778b550915b,csv,https://gdr.openei.org/files/1814/Beachly_1D.csv
4f82196f-7b43-40d9-bc12-b778b550915b,mat,https://gdr.openei.org/files/1814/srModel_it5.mat
4f82196f-7b43-40d9-bc12-b778b550915b,csv,https://gdr.openei.org/files/1814/3d_grid_clipped.csv
4f82196f-7b43-40d9-bc12-b778b550915b,text,https://gdr.openei.org/files/1814/CSV_README.txt
4f82196f-7b43-40d9-bc12-b778b550915b,ipynb,https://gdr.openei.org/files/1814/mat_to_CSV.ipynb
4f82196f-7b43-40d9-bc12-b778b550915b,csv,https://gdr.openei.org/files/1814/newberry_seismic_3d_grid_full.csv
0d0ba4cd-88c6-4710-8607-99245ecc7d45,bin,https://data.nlr.gov/system/files/256/1734982215-Figure_2_3a_S5_S6.pxp
0d0ba4cd-88c6-4710-8607-99245ecc7d45, ,https://data.nlr.gov/system/files/256/1734982215-Figure%202.xlsx
0d0ba4cd-88c6-4710-8607-99245ecc7d45, ,https://data.nlr.gov/system/files/256/1734982215-Figure_3a.xlsx
0d0ba4cd-88c6-4710-8607-99245ecc7d45,bin,https://data.nlr.gov/system/files/256/1734982215-Figure_S5.xlsx
0d0ba4cd-88c6-4710-8607-99245ecc7d45, ,https://data.nlr.gov/system/files/256/1734982215-Figure_S6.xlsx
0d0ba4cd-88c6-4710-8607-99245ecc7d45,bin,https://data.nlr.gov/system/files/256/1734982215-Figure_3b.pxp
0d0ba4cd-88c6-4710-8607-99245ecc7d45, ,https://data.nlr.gov/system/files/256/1734982215-Figure_3b.xlsx
0d0ba4cd-88c6-4710-8607-99245ecc7d45,bin,https://data.nlr.gov/system/files/256/1734982578-Figure_4.pxp
0d0ba4cd-88c6-4710-8607-99245ecc7d45,bin,https://data.nlr.gov/system/files/256/1734982578-Figure_4.xlsx
0d0ba4cd-88c6-4710-8607-99245ecc7d45,bin,https://data.nlr.gov/system/files/256/1734983018-Figure_5.pxp
0d0ba4cd-88c6-4710-8607-99245ecc7d45, ,https://data.nlr.gov/system/files/256/1734983018-Figure_5.xlsx
0d0ba4cd-88c6-4710-8607-99245ecc7d45,bin,https://data.nlr.gov/system/files/256/1734983375-Figure_6.pxp
0d0ba4cd-88c6-4710-8607-99245ecc7d45,bin,https://data.nlr.gov/system/files/256/1734983375-Figure_6.xlsx
0d0ba4cd-88c6-4710-8607-99245ecc7d45,bin,https://data.nlr.gov/system/files/256/1734983925-Figure_7.pxp
0d0ba4cd-88c6-4710-8607-99245ecc7d45, ,https://data.nlr.gov/system/files/256/1734983925-Figure_7.xlsx
0d0ba4cd-88c6-4710-8607-99245ecc7d45,bin,https://data.nlr.gov/system/files/256/1734983925-Figure_8_9_S4_S8.pxp
0d0ba4cd-88c6-4710-8607-99245ecc7d45, ,https://data.nlr.gov/system/files/256/1734984408-Figure_8.xlsx
0d0ba4cd-88c6-4710-8607-99245ecc7d45, ,https://data.nlr.gov/system/files/256/1734984408-Figure_9.xlsx
0d0ba4cd-88c6-4710-8607-99245ecc7d45, ,https://data.nlr.gov/system/files/256/1734984408-Figure_S4_0.xlsx
0d0ba4cd-88c6-4710-8607-99245ecc7d45, ,https://data.nlr.gov/system/files/256/1734984408-Figure_S8_0.xlsx
0d0ba4cd-88c6-4710-8607-99245ecc7d45,bin,https://data.nlr.gov/system/files/256/1734984847-Figure_10.pxp
0d0ba4cd-88c6-4710-8607-99245ecc7d45, ,https://data.nlr.gov/system/files/256/1734984847-Figure_10.xlsx
0d0ba4cd-88c6-4710-8607-99245ecc7d45,bin,https://data.nlr.gov/system/files/256/1734985445-Figure_S2a.pxp
0d0ba4cd-88c6-4710-8607-99245ecc7d45,bin,https://data.nlr.gov/system/files/256/1734985445-Figure_S2b.pxp
0d0ba4cd-88c6-4710-8607-99245ecc7d45,bin,https://data.nlr.gov/system/files/256/1734985445-Figure_S2c.pxp
0d0ba4cd-88c6-4710-8607-99245ecc7d45,bin,https://data.nlr.gov/system/files/256/1734985445-Figure_S2d.pxp
0d0ba4cd-88c6-4710-8607-99245ecc7d45,bin,https://data.nlr.gov/system/files/256/1734985445-Figure_S2e.pxp
0d0ba4cd-88c6-4710-8607-99245ecc7d45,bin,https://data.nlr.gov/system/files/256/1734985445-Figure_S2f.pxp
0d0ba4cd-88c6-4710-8607-99245ecc7d45,bin,https://data.nlr.gov/system/files/256/1734985445-Figure_S2g.pxp
0d0ba4cd-88c6-4710-8607-99245ecc7d45,bin,https://data.nlr.gov/system/files/256/1734985445-Figure_S2h.pxp
0d0ba4cd-88c6-4710-8607-99245ecc7d45,bin,https://data.nlr.gov/system/files/256/1734985445-Figure_S2.xlsx
0d0ba4cd-88c6-4710-8607-99245ecc7d45,bin,https://data.nlr.gov/system/files/256/1734985716-Figure_S3.pxp
0d0ba4cd-88c6-4710-8607-99245ecc7d45, ,https://data.nlr.gov/system/files/256/1734985716-Figure_S3.xlsx
0d0ba4cd-88c6-4710-8607-99245ecc7d45,bin,https://data.nlr.gov/system/files/256/1734986138-Figure_S7.pxp
0d0ba4cd-88c6-4710-8607-99245ecc7d45,bin,https://data.nlr.gov/system/files/256/1734986138-Figure_S7.xlsx
0d0ba4cd-88c6-4710-8607-99245ecc7d45,bin,https://data.nlr.gov/system/files/256/1734986968-Figure_S9.pxp
0d0ba4cd-88c6-4710-8607-99245ecc7d45, ,https://data.nlr.gov/system/files/256/1734986968-Figure_S9.xlsx
5acfea78-1484-4479-b669-ce900b1cc778,zip,https://irma.nps.gov/DataStore/DownloadFile/755132?Reference=2274310
69002dc8-b0c7-4295-8ef5-7eea3eb90493,zip,https://data.cdc.gov/download/mqpe-3mce/application/x-zip-compressed
dcfed4ab-ba98-4c01-b104-7de408c47301,csv,https://download.medicaid.gov/data/pi-dataset-march-2026release.csv
80d5bfac-b0ef-45b2-b529-f9f2abbef103,zip,https://data.cdc.gov/download/d93e-ghgr/application/x-zip-compressed
fc1b2368-c085-4a8a-b3f2-8f0a38a5ac49,zip,https://data.cdc.gov/download/ptfs-mnuh/application/x-zip-compressed
7f01fe8e-5dbb-4735-a44e-331487f42ba7,zip,https://data.cdc.gov/download/ppbu-i872/application/x-zip-compressed
2f3abd6f-046b-4b31-a31f-1cba282ce001,xls,https://pasteur.epa.gov/uploads/10.23719/d-cfz8/GreatLakes_Benchmarks_SI_Dataset_final.xlsx
2f3abd6f-046b-4b31-a31f-1cba282ce001,doc,https://pasteur.epa.gov/uploads/10.23719/d-cfz8/GreatLakes_Benchmarks_SI_final.docx
1cf1bac2-11de-4717-91df-b73c3d24b2d5,csv,https://data.transportation.gov/api/views/2eye-i5cs/rows.csv?accessType=DOWNLOAD
1cf1bac2-11de-4717-91df-b73c3d24b2d5,rdf,https://data.transportation.gov/api/views/2eye-i5cs/rows.rdf?accessType=DOWNLOAD
1cf1bac2-11de-4717-91df-b73c3d24b2d5,json,https://data.transportation.gov/api/views/2eye-i5cs/rows.json?accessType=DOWNLOAD
1cf1bac2-11de-4717-91df-b73c3d24b2d5,xml,https://data.transportation.gov/api/views/2eye-i5cs/rows.xml?accessType=DOWNLOAD
8fcb6914-3c31-4d05-b4fb-805441067dd9,csv,https://data.transportation.gov/api/views/26bt-cq5y/rows.csv?accessType=DOWNLOAD
8fcb6914-3c31-4d05-b4fb-805441067dd9,rdf,https://data.transportation.gov/api/views/26bt-cq5y/rows.rdf?accessType=DOWNLOAD
8fcb6914-3c31-4d05-b4fb-805441067dd9,json,https://data.transportation.gov/api/views/26bt-cq5y/rows.json?accessType=DOWNLOAD
8fcb6914-3c31-4d05-b4fb-805441067dd9,xml,https://data.transportation.gov/api/views/26bt-cq5y/rows.xml?accessType=DOWNLOAD
fa539a70-42cc-4cdb-88f9-f2b0c66ce720,,"https://coast.noaa.gov/dataviewer/#/lidar/search/where:ID=10249
/details/10249"
fa539a70-42cc-4cdb-88f9-f2b0c66ce720,html,https://noaa-nos-coastal-lidar-pds.s3.amazonaws.com/laz/geoid18/10249/index.html
fa539a70-42cc-4cdb-88f9-f2b0c66ce720,,https://www.fisheries.noaa.gov/inport/item/79406
fa539a70-42cc-4cdb-88f9-f2b0c66ce720,,https://coast.noaa.gov/dataviewer/
fa539a70-42cc-4cdb-88f9-f2b0c66ce720,,https://coast.noaa.gov
fa539a70-42cc-4cdb-88f9-f2b0c66ce720,,https://coast.noaa.gov
fa539a70-42cc-4cdb-88f9-f2b0c66ce720,,https://forum.earthdata.nasa.gov/app.php/tag/GCMD%2BKeywords
fa539a70-42cc-4cdb-88f9-f2b0c66ce720,pdf,https://www.fisheries.noaa.gov/inportserve/waf/noaa/nos/ocm/dmp/pdf/79406.pdf
db44c919-ce8e-4ea0-b704-5333d1f4706a,,https://www.ngs.noaa.gov/NSDE/
db44c919-ce8e-4ea0-b704-5333d1f4706a,pdf,https://www.ngs.noaa.gov/desc_reports/FL2322B-CS-N.pdf
db44c919-ce8e-4ea0-b704-5333d1f4706a,,https://www.fisheries.noaa.gov/inport/item/79388
db44c919-ce8e-4ea0-b704-5333d1f4706a,,https://www.ngs.noaa.gov/
db44c919-ce8e-4ea0-b704-5333d1f4706a,html,https://www.ngs.noaa.gov/INFO/remote-sensing.shtml
db44c919-ce8e-4ea0-b704-5333d1f4706a,,https://shoreline.noaa.gov/
db44c919-ce8e-4ea0-b704-5333d1f4706a,,https://forum.earthdata.nasa.gov/app.php/tag/GCMD%2BKeywords
db44c919-ce8e-4ea0-b704-5333d1f4706a,pdf,https://www.fisheries.noaa.gov/inportserve/waf/noaa/nos/ngs/dmp/pdf/79388.pdf
f3c0efc6-5694-46da-8d68-66ea33bd05fd,,https://www.ngs.noaa.gov/NSDE/
f3c0efc6-5694-46da-8d68-66ea33bd05fd,pdf,https://www.ngs.noaa.gov/desc_reports/NC1901D-TB-C.pdf
f3c0efc6-5694-46da-8d68-66ea33bd05fd,,https://www.fisheries.noaa.gov/inport/item/79383
f3c0efc6-5694-46da-8d68-66ea33bd05fd,,https://www.ngs.noaa.gov/
f3c0efc6-5694-46da-8d68-66ea33bd05fd,html,https://www.ngs.noaa.gov/INFO/remote-sensing.shtml
f3c0efc6-5694-46da-8d68-66ea33bd05fd,,https://shoreline.noaa.gov/
f3c0efc6-5694-46da-8d68-66ea33bd05fd,,https://forum.earthdata.nasa.gov/app.php/tag/GCMD%2BKeywords
f3c0efc6-5694-46da-8d68-66ea33bd05fd,pdf,https://www.fisheries.noaa.gov/inportserve/waf/noaa/nos/ngs/dmp/pdf/79383.pdf
fc8c40f3-fb13-48ec-a47a-3f5fb84df379,,https://www.ngs.noaa.gov/NSDE/
fc8c40f3-fb13-48ec-a47a-3f5fb84df379,pdf,https://www.ngs.noaa.gov/desc_reports/AK2509-CS-N.pdf
fc8c40f3-fb13-48ec-a47a-3f5fb84df379,,https://www.fisheries.noaa.gov/inport/item/79400
fc8c40f3-fb13-48ec-a47a-3f5fb84df379,,https://www.ngs.noaa.gov/
fc8c40f3-fb13-48ec-a47a-3f5fb84df379,html,https://www.ngs.noaa.gov/INFO/remote-sensing.shtml
fc8c40f3-fb13-48ec-a47a-3f5fb84df379,,https://shoreline.noaa.gov/
fc8c40f3-fb13-48ec-a47a-3f5fb84df379,,https://forum.earthdata.nasa.gov/app.php/tag/GCMD%2BKeywords
fc8c40f3-fb13-48ec-a47a-3f5fb84df379,pdf,https://www.fisheries.noaa.gov/inportserve/waf/noaa/nos/ngs/dmp/pdf/79400.pdf
41ff9ca9-21a6-433a-b788-499257c26aa8,,https://www.ngs.noaa.gov/NSDE/
41ff9ca9-21a6-433a-b788-499257c26aa8,pdf,https://www.ngs.noaa.gov/desc_reports/MI2406B-CS-N.pdf
41ff9ca9-21a6-433a-b788-499257c26aa8,,https://www.fisheries.noaa.gov/inport/item/79389
41ff9ca9-21a6-433a-b788-499257c26aa8,,https://www.ngs.noaa.gov/
41ff9ca9-21a6-433a-b788-499257c26aa8,html,https://www.ngs.noaa.gov/INFO/remote-sensing.shtml
41ff9ca9-21a6-433a-b788-499257c26aa8,,https://shoreline.noaa.gov/
41ff9ca9-21a6-433a-b788-499257c26aa8,,https://forum.earthdata.nasa.gov/app.php/tag/GCMD%2BKeywords
41ff9ca9-21a6-433a-b788-499257c26aa8,pdf,https://www.fisheries.noaa.gov/inportserve/waf/noaa/nos/ngs/dmp/pdf/79389.pdf
325741ca-eefb-4b38-97dc-6cdc69916826,html,https://www.ospo.noaa.gov/products/land/hms.html
325741ca-eefb-4b38-97dc-6cdc69916826,,https://www.epa.gov/national-aquatic-resource-surveys/lakecat-dataset
325741ca-eefb-4b38-97dc-6cdc69916826,,https://www.epa.gov/water-research/cyanobacteria-assessment-network-cyan
040c1543-c517-445f-a7db-e14e0f747433,arcgis geoservices rest api,https://gis.blm.gov/idarcgis/rest/services/cadastral/BLM_ID_CADNSDI_PLSS_Special_Survey/FeatureServer/0
040c1543-c517-445f-a7db-e14e0f747433,html,https://gbp-blm-egis.hub.arcgis.com/datasets/BLM-EGIS::blm-id-cadnsdi-plss-special-survey
040c1543-c517-445f-a7db-e14e0f747433,geojson,https://gbp-blm-egis.hub.arcgis.com/api/download/v1/items/e58a1fe8207640f0bec4ceab8a23b8d8/geojson?layers=0
040c1543-c517-445f-a7db-e14e0f747433,kml,https://gbp-blm-egis.hub.arcgis.com/api/download/v1/items/e58a1fe8207640f0bec4ceab8a23b8d8/kml?layers=0
040c1543-c517-445f-a7db-e14e0f747433,csv,https://gbp-blm-egis.hub.arcgis.com/api/download/v1/items/e58a1fe8207640f0bec4ceab8a23b8d8/csv?layers=0
040c1543-c517-445f-a7db-e14e0f747433,xml,https://gis.blm.gov/idarcgis/rest/services/cadastral/BLM_ID_CADNSDI_PLSS_Special_Survey/FeatureServer/0/metadata?format=iso19139
040c1543-c517-445f-a7db-e14e0f747433,zip,https://gbp-blm-egis.hub.arcgis.com/api/download/v1/items/e58a1fe8207640f0bec4ceab8a23b8d8/shapefile?layers=0
040c1543-c517-445f-a7db-e14e0f747433,zip,https://gbp-blm-egis.hub.arcgis.com/api/download/v1/items/e58a1fe8207640f0bec4ceab8a23b8d8/filegdb?layers=0
caa4a14d-1c20-4fd2-a415-8bcd60b2f120,xml,https://gis.blm.gov/idarcgis/rest/services/cadastral/BLM_ID_CADNSDI_PLSS_Township/FeatureServer/0/metadata?format=iso19139
caa4a14d-1c20-4fd2-a415-8bcd60b2f120,html,https://gbp-blm-egis.hub.arcgis.com/datasets/BLM-EGIS::blm-id-cadnsdi-plss-township
caa4a14d-1c20-4fd2-a415-8bcd60b2f120,zip,https://gbp-blm-egis.hub.arcgis.com/api/download/v1/items/fae28ae0cfe94291b019045a5b98b1ff/filegdb?layers=0
caa4a14d-1c20-4fd2-a415-8bcd60b2f120,kml,https://gbp-blm-egis.hub.arcgis.com/api/download/v1/items/fae28ae0cfe94291b019045a5b98b1ff/kml?layers=0
caa4a14d-1c20-4fd2-a415-8bcd60b2f120,csv,https://gbp-blm-egis.hub.arcgis.com/api/download/v1/items/fae28ae0cfe94291b019045a5b98b1ff/csv?layers=0
caa4a14d-1c20-4fd2-a415-8bcd60b2f120,geojson,https://gbp-blm-egis.hub.arcgis.com/api/download/v1/items/fae28ae0cfe94291b019045a5b98b1ff/geojson?layers=0
caa4a14d-1c20-4fd2-a415-8bcd60b2f120,zip,https://gbp-blm-egis.hub.arcgis.com/api/download/v1/items/fae28ae0cfe94291b019045a5b98b1ff/shapefile?layers=0
caa4a14d-1c20-4fd2-a415-8bcd60b2f120,arcgis geoservices rest api,https://gis.blm.gov/idarcgis/rest/services/cadastral/BLM_ID_CADNSDI_PLSS_Township/FeatureServer/0
82a1a186-1e6e-48bf-bad7-462dcb63eef1,geojson,https://gbp-blm-egis.hub.arcgis.com/api/download/v1/items/50fe3605c3664405a7e68f58f018ff4f/geojson?layers=0
82a1a186-1e6e-48bf-bad7-462dcb63eef1,arcgis geoservices rest api,https://gis.blm.gov/idarcgis/rest/services/cadastral/BLM_ID_CADNSDI_PLSS_Metadata_Glance/FeatureServer/0
82a1a186-1e6e-48bf-bad7-462dcb63eef1,zip,https://gbp-blm-egis.hub.arcgis.com/api/download/v1/items/50fe3605c3664405a7e68f58f018ff4f/filegdb?layers=0
82a1a186-1e6e-48bf-bad7-462dcb63eef1,xml,https://gis.blm.gov/idarcgis/rest/services/cadastral/BLM_ID_CADNSDI_PLSS_Metadata_Glance/FeatureServer/0/metadata?format=iso19139
82a1a186-1e6e-48bf-bad7-462dcb63eef1,zip,https://gbp-blm-egis.hub.arcgis.com/api/download/v1/items/50fe3605c3664405a7e68f58f018ff4f/shapefile?layers=0
82a1a186-1e6e-48bf-bad7-462dcb63eef1,kml,https://gbp-blm-egis.hub.arcgis.com/api/download/v1/items/50fe3605c3664405a7e68f58f018ff4f/kml?layers=0
82a1a186-1e6e-48bf-bad7-462dcb63eef1,html,https://gbp-blm-egis.hub.arcgis.com/datasets/BLM-EGIS::blm-id-cadnsdi-plss-metadata-glance
82a1a186-1e6e-48bf-bad7-462dcb63eef1,csv,https://gbp-blm-egis.hub.arcgis.com/api/download/v1/items/50fe3605c3664405a7e68f58f018ff4f/csv?layers=0
97da095e-089a-4487-9e0c-6f3a3468f0ee,geojson,https://gbp-blm-egis.hub.arcgis.com/api/download/v1/items/2a161ab80f9b477ab9097568de14e15d/geojson?layers=0
97da095e-089a-4487-9e0c-6f3a3468f0ee,xml,https://gis.blm.gov/idarcgis/rest/services/cadastral/BLM_ID_CADNSDI_PLSS_Intersected/FeatureServer/0/metadata?format=iso19139
97da095e-089a-4487-9e0c-6f3a3468f0ee,zip,https://gbp-blm-egis.hub.arcgis.com/api/download/v1/items/2a161ab80f9b477ab9097568de14e15d/shapefile?layers=0
97da095e-089a-4487-9e0c-6f3a3468f0ee,csv,https://gbp-blm-egis.hub.arcgis.com/api/download/v1/items/2a161ab80f9b477ab9097568de14e15d/csv?layers=0
97da095e-089a-4487-9e0c-6f3a3468f0ee,arcgis geoservices rest api,https://gis.blm.gov/idarcgis/rest/services/cadastral/BLM_ID_CADNSDI_PLSS_Intersected/FeatureServer/0
97da095e-089a-4487-9e0c-6f3a3468f0ee,kml,https://gbp-blm-egis.hub.arcgis.com/api/download/v1/items/2a161ab80f9b477ab9097568de14e15d/kml?layers=0
97da095e-089a-4487-9e0c-6f3a3468f0ee,zip,https://gbp-blm-egis.hub.arcgis.com/api/download/v1/items/2a161ab80f9b477ab9097568de14e15d/filegdb?layers=0
97da095e-089a-4487-9e0c-6f3a3468f0ee,html,https://gbp-blm-egis.hub.arcgis.com/datasets/BLM-EGIS::blm-id-cadnsdi-plss-intersected
515fcb1e-39d2-4d42-8aff-f2878dc65b84,arcgis geoservices rest api,https://gis.blm.gov/utarcgis/rest/services/Lands/BLM_UT_Federal_Minerals/FeatureServer/0
515fcb1e-39d2-4d42-8aff-f2878dc65b84,kml,https://gbp-blm-egis.hub.arcgis.com/api/download/v1/items/a9059e4665fe4a8190c6d90fd767a591/kml?layers=0
515fcb1e-39d2-4d42-8aff-f2878dc65b84,xml,https://gis.blm.gov/utarcgis/rest/services/Lands/BLM_UT_Federal_Minerals/FeatureServer/0/metadata?format=iso19139
515fcb1e-39d2-4d42-8aff-f2878dc65b84,zip,https://gbp-blm-egis.hub.arcgis.com/api/download/v1/items/a9059e4665fe4a8190c6d90fd767a591/filegdb?layers=0
515fcb1e-39d2-4d42-8aff-f2878dc65b84,html,https://gbp-blm-egis.hub.arcgis.com/datasets/BLM-EGIS::blm-utah-federal-minerals-estate
515fcb1e-39d2-4d42-8aff-f2878dc65b84,zip,https://gbp-blm-egis.hub.arcgis.com/api/download/v1/items/a9059e4665fe4a8190c6d90fd767a591/shapefile?layers=0
515fcb1e-39d2-4d42-8aff-f2878dc65b84,geojson,https://gbp-blm-egis.hub.arcgis.com/api/download/v1/items/a9059e4665fe4a8190c6d90fd767a591/geojson?layers=0
515fcb1e-39d2-4d42-8aff-f2878dc65b84,csv,https://gbp-blm-egis.hub.arcgis.com/api/download/v1/items/a9059e4665fe4a8190c6d90fd767a591/csv?layers=0
fe92c702-b5ae-4bf6-ad96-83c5a09bcf3f,arcgis geoservices rest api,https://gis.blm.gov/idarcgis/rest/services/cadastral/BLM_ID_CADNSDI_PLSS_Second_Division/FeatureServer/0
fe92c702-b5ae-4bf6-ad96-83c5a09bcf3f,kml,https://gbp-blm-egis.hub.arcgis.com/api/download/v1/items/022805b7848a4d1f8461b77349d7b4d5/kml?layers=0
fe92c702-b5ae-4bf6-ad96-83c5a09bcf3f,xml,https://gis.blm.gov/idarcgis/rest/services/cadastral/BLM_ID_CADNSDI_PLSS_Second_Division/FeatureServer/0/metadata?format=iso19139
fe92c702-b5ae-4bf6-ad96-83c5a09bcf3f,zip,https://gbp-blm-egis.hub.arcgis.com/api/download/v1/items/022805b7848a4d1f8461b77349d7b4d5/shapefile?layers=0
fe92c702-b5ae-4bf6-ad96-83c5a09bcf3f,html,https://gbp-blm-egis.hub.arcgis.com/datasets/BLM-EGIS::blm-id-cadnsdi-plss-second-division
fe92c702-b5ae-4bf6-ad96-83c5a09bcf3f,zip,https://gbp-blm-egis.hub.arcgis.com/api/download/v1/items/022805b7848a4d1f8461b77349d7b4d5/filegdb?layers=0
fe92c702-b5ae-4bf6-ad96-83c5a09bcf3f,csv,https://gbp-blm-egis.hub.arcgis.com/api/download/v1/items/022805b7848a4d1f8461b77349d7b4d5/csv?layers=0
fe92c702-b5ae-4bf6-ad96-83c5a09bcf3f,geojson,https://gbp-blm-egis.hub.arcgis.com/api/download/v1/items/022805b7848a4d1f8461b77349d7b4d5/geojson?layers=0
c90bed09-373d-4e8a-b53b-1b7ff5c55432,xml,https://irma.nps.gov/DataStore/DownloadFile/756244?Reference=2317355
c90bed09-373d-4e8a-b53b-1b7ff5c55432,csv,https://irma.nps.gov/DataStore/DownloadFile/756247?Reference=2317355
c90bed09-373d-4e8a-b53b-1b7ff5c55432,csv,https://irma.nps.gov/DataStore/DownloadFile/756245?Reference=2317355
c90bed09-373d-4e8a-b53b-1b7ff5c55432,csv,https://irma.nps.gov/DataStore/DownloadFile/756246?Reference=2317355
c90bed09-373d-4e8a-b53b-1b7ff5c55432,csv,https://irma.nps.gov/DataStore/DownloadFile/756248?Reference=2317355
c90bed09-373d-4e8a-b53b-1b7ff5c55432,csv,https://irma.nps.gov/DataStore/DownloadFile/756254?Reference=2317355
f07a8016-fdd3-4a11-bf4c-6144d093fcc8,csv,https://irma.nps.gov/DataStore/DownloadFile/756264?Reference=2317360
f07a8016-fdd3-4a11-bf4c-6144d093fcc8,csv,https://irma.nps.gov/DataStore/DownloadFile/756262?Reference=2317360
f07a8016-fdd3-4a11-bf4c-6144d093fcc8,csv,https://irma.nps.gov/DataStore/DownloadFile/756267?Reference=2317360
f07a8016-fdd3-4a11-bf4c-6144d093fcc8,xml,https://irma.nps.gov/DataStore/DownloadFile/756260?Reference=2317360
f07a8016-fdd3-4a11-bf4c-6144d093fcc8,csv,https://irma.nps.gov/DataStore/DownloadFile/756261?Reference=2317360
f07a8016-fdd3-4a11-bf4c-6144d093fcc8,csv,https://irma.nps.gov/DataStore/DownloadFile/756266?Reference=2317360
14627df3-a173-4f5a-a383-334e08659bbf,xml,https://irma.nps.gov/DataStore/DownloadFile/756689?Reference=2317309
14627df3-a173-4f5a-a383-334e08659bbf,csv,https://irma.nps.gov/DataStore/DownloadFile/756671?Reference=2317309
afae331a-a0fd-4caf-baa5-4b7b8093b216,zip,https://data.cdc.gov/download/eg2p-49pd/application/x-zip-compressed
f9050035-e2ee-4fbe-bddb-4dfb7b15a9e5,zip,https://data.cdc.gov/download/ha59-j5yk/application/x-zip-compressed
331035a6-5731-415d-8cba-45273ee758fa,xml,https://gis.blm.gov/idarcgis/rest/services/admin_boundaries/BLM_ID_Field_Office_Administrative_Unit_Boundary/FeatureServer/0/metadata?format=iso19139
331035a6-5731-415d-8cba-45273ee758fa,arcgis geoservices rest api,https://gis.blm.gov/idarcgis/rest/services/admin_boundaries/BLM_ID_Field_Office_Administrative_Unit_Boundary/FeatureServer/0
331035a6-5731-415d-8cba-45273ee758fa,html,https://gbp-blm-egis.hub.arcgis.com/datasets/BLM-EGIS::blm-id-field-office-administrative-unit-boundary
331035a6-5731-415d-8cba-45273ee758fa,zip,https://gbp-blm-egis.hub.arcgis.com/api/download/v1/items/8dcd30fb0e62401dbf66a14b5ef944cd/filegdb?layers=0
331035a6-5731-415d-8cba-45273ee758fa,geojson,https://gbp-blm-egis.hub.arcgis.com/api/download/v1/items/8dcd30fb0e62401dbf66a14b5ef944cd/geojson?layers=0
331035a6-5731-415d-8cba-45273ee758fa,kml,https://gbp-blm-egis.hub.arcgis.com/api/download/v1/items/8dcd30fb0e62401dbf66a14b5ef944cd/kml?layers=0
331035a6-5731-415d-8cba-45273ee758fa,zip,https://gbp-blm-egis.hub.arcgis.com/api/download/v1/items/8dcd30fb0e62401dbf66a14b5ef944cd/shapefile?layers=0
331035a6-5731-415d-8cba-45273ee758fa,csv,https://gbp-blm-egis.hub.arcgis.com/api/download/v1/items/8dcd30fb0e62401dbf66a14b5ef944cd/csv?layers=0
b527e6de-edb6-46e7-b144-90c96a5b6a6e,xls,https://gbp-blm-egis.hub.arcgis.com/api/download/v1/items/1b9cb36f5a6941f5acb4cdc72098b54a/excel?layers=0
b527e6de-edb6-46e7-b144-90c96a5b6a6e,zip,https://gbp-blm-egis.hub.arcgis.com/api/download/v1/items/1b9cb36f5a6941f5acb4cdc72098b54a/gpkg?layers=0
b527e6de-edb6-46e7-b144-90c96a5b6a6e,html,https://gbp-blm-egis.hub.arcgis.com/datasets/BLM-EGIS::blm-or-leases-and-claims-polygon-hub
b527e6de-edb6-46e7-b144-90c96a5b6a6e,csv,https://gbp-blm-egis.hub.arcgis.com/api/download/v1/items/1b9cb36f5a6941f5acb4cdc72098b54a/csv?layers=0
b527e6de-edb6-46e7-b144-90c96a5b6a6e,text,https://gbp-blm-egis.hub.arcgis.com/api/download/v1/items/1b9cb36f5a6941f5acb4cdc72098b54a/featureCollection?layers=0
b527e6de-edb6-46e7-b144-90c96a5b6a6e,geojson,https://gbp-blm-egis.hub.arcgis.com/api/download/v1/items/1b9cb36f5a6941f5acb4cdc72098b54a/geojson?layers=0
b527e6de-edb6-46e7-b144-90c96a5b6a6e,gdb,https://gbp-blm-egis.hub.arcgis.com/api/download/v1/items/1b9cb36f5a6941f5acb4cdc72098b54a/sqlite?layers=0
b527e6de-edb6-46e7-b144-90c96a5b6a6e,zip,https://gbp-blm-egis.hub.arcgis.com/api/download/v1/items/1b9cb36f5a6941f5acb4cdc72098b54a/shapefile?layers=0
b527e6de-edb6-46e7-b144-90c96a5b6a6e,zip,https://gbp-blm-egis.hub.arcgis.com/api/download/v1/items/1b9cb36f5a6941f5acb4cdc72098b54a/filegdb?layers=0
b527e6de-edb6-46e7-b144-90c96a5b6a6e,arcgis geoservices rest api,https://services1.arcgis.com/KbxwQRRfWyEYLgp4/arcgis/rest/services/BLM_OR_Leases_and_Claims_Polygon_Hub/FeatureServer/0
b527e6de-edb6-46e7-b144-90c96a5b6a6e,kml,https://gbp-blm-egis.hub.arcgis.com/api/download/v1/items/1b9cb36f5a6941f5acb4cdc72098b54a/kml?layers=0
b527e6de-edb6-46e7-b144-90c96a5b6a6e,xml,https://blm-egis.maps.arcgis.com/sharing/rest/content/items/1b9cb36f5a6941f5acb4cdc72098b54a/info/metadata/metadata.xml?format=iso19139
7768672d-09b7-4d21-9c30-b9e60575c861,xml,https://gis.blm.gov/idarcgis/rest/services/admin_boundaries/BLM_ID_District_Office_Administrative_Unit_Boundary/FeatureServer/0/metadata?format=iso19139
7768672d-09b7-4d21-9c30-b9e60575c861,arcgis geoservices rest api,https://gis.blm.gov/idarcgis/rest/services/admin_boundaries/BLM_ID_District_Office_Administrative_Unit_Boundary/FeatureServer/0
7768672d-09b7-4d21-9c30-b9e60575c861,zip,https://gbp-blm-egis.hub.arcgis.com/api/download/v1/items/51780c17eaff4e07a23ee99cef7124a7/filegdb?layers=0
7768672d-09b7-4d21-9c30-b9e60575c861,csv,https://gbp-blm-egis.hub.arcgis.com/api/download/v1/items/51780c17eaff4e07a23ee99cef7124a7/csv?layers=0
7768672d-09b7-4d21-9c30-b9e60575c861,kml,https://gbp-blm-egis.hub.arcgis.com/api/download/v1/items/51780c17eaff4e07a23ee99cef7124a7/kml?layers=0
7768672d-09b7-4d21-9c30-b9e60575c861,geojson,https://gbp-blm-egis.hub.arcgis.com/api/download/v1/items/51780c17eaff4e07a23ee99cef7124a7/geojson?layers=0
7768672d-09b7-4d21-9c30-b9e60575c861,zip,https://gbp-blm-egis.hub.arcgis.com/api/download/v1/items/51780c17eaff4e07a23ee99cef7124a7/shapefile?layers=0
7768672d-09b7-4d21-9c30-b9e60575c861,html,https://gbp-blm-egis.hub.arcgis.com/datasets/BLM-EGIS::blm-id-district-office-administrative-unit-boundary
c75d528b-c18a-4bdc-9fea-7127b6ea49a4,zip,https://gbp-blm-egis.hub.arcgis.com/api/download/v1/items/989305aeaec84fd8841c5c559a22521b/shapefile?layers=0
c75d528b-c18a-4bdc-9fea-7127b6ea49a4,arcgis geoservices rest api,https://gis.blm.gov/idarcgis/rest/services/cadastral/BLM_ID_CADNSDI_PLSS_State_Boundary_Poly/FeatureServer/0
c75d528b-c18a-4bdc-9fea-7127b6ea49a4,csv,https://gbp-blm-egis.hub.arcgis.com/api/download/v1/items/989305aeaec84fd8841c5c559a22521b/csv?layers=0
c75d528b-c18a-4bdc-9fea-7127b6ea49a4,kml,https://gbp-blm-egis.hub.arcgis.com/api/download/v1/items/989305aeaec84fd8841c5c559a22521b/kml?layers=0
c75d528b-c18a-4bdc-9fea-7127b6ea49a4,geojson,https://gbp-blm-egis.hub.arcgis.com/api/download/v1/items/989305aeaec84fd8841c5c559a22521b/geojson?layers=0
c75d528b-c18a-4bdc-9fea-7127b6ea49a4,xml,https://gis.blm.gov/idarcgis/rest/services/cadastral/BLM_ID_CADNSDI_PLSS_State_Boundary_Poly/FeatureServer/0/metadata?format=iso19139
c75d528b-c18a-4bdc-9fea-7127b6ea49a4,html,https://gbp-blm-egis.hub.arcgis.com/datasets/BLM-EGIS::blm-id-cadnsdi-plss-state-boundary-poly
c75d528b-c18a-4bdc-9fea-7127b6ea49a4,zip,https://gbp-blm-egis.hub.arcgis.com/api/download/v1/items/989305aeaec84fd8841c5c559a22521b/filegdb?layers=0
cc7974e4-1227-49f3-b12d-8f84160beb90,geojson,https://gbp-blm-egis.hub.arcgis.com/api/download/v1/items/116c2cbe41d7436db06e274a3537480f/geojson?layers=0
cc7974e4-1227-49f3-b12d-8f84160beb90,kml,https://gbp-blm-egis.hub.arcgis.com/api/download/v1/items/116c2cbe41d7436db06e274a3537480f/kml?layers=0
cc7974e4-1227-49f3-b12d-8f84160beb90,arcgis geoservices rest api,https://gis.blm.gov/idarcgis/rest/services/cadastral/BLM_ID_CADNSDI_PLSS_State_Boundary_Line/FeatureServer/0
cc7974e4-1227-49f3-b12d-8f84160beb90,html,https://gbp-blm-egis.hub.arcgis.com/datasets/BLM-EGIS::blm-id-cadnsdi-plss-state-boundary-line
cc7974e4-1227-49f3-b12d-8f84160beb90,csv,https://gbp-blm-egis.hub.arcgis.com/api/download/v1/items/116c2cbe41d7436db06e274a3537480f/csv?layers=0
cc7974e4-1227-49f3-b12d-8f84160beb90,zip,https://gbp-blm-egis.hub.arcgis.com/api/download/v1/items/116c2cbe41d7436db06e274a3537480f/shapefile?layers=0
cc7974e4-1227-49f3-b12d-8f84160beb90,zip,https://gbp-blm-egis.hub.arcgis.com/api/download/v1/items/116c2cbe41d7436db06e274a3537480f/filegdb?layers=0
cc7974e4-1227-49f3-b12d-8f84160beb90,xml,https://gis.blm.gov/idarcgis/rest/services/cadastral/BLM_ID_CADNSDI_PLSS_State_Boundary_Line/FeatureServer/0/metadata?format=iso19139
217de64e-6a4d-4a29-996a-923595e3e376,zip,https://gbp-blm-egis.hub.arcgis.com/api/download/v1/items/d00c16fc465b492f9212b287800ccc07/shapefile?layers=0
217de64e-6a4d-4a29-996a-923595e3e376,kml,https://gbp-blm-egis.hub.arcgis.com/api/download/v1/items/d00c16fc465b492f9212b287800ccc07/kml?layers=0
217de64e-6a4d-4a29-996a-923595e3e376,csv,https://gbp-blm-egis.hub.arcgis.com/api/download/v1/items/d00c16fc465b492f9212b287800ccc07/csv?layers=0
217de64e-6a4d-4a29-996a-923595e3e376,xml,https://gis.blm.gov/idarcgis/rest/services/admin_boundaries/BLM_ID_Administrative_Unit_Office_Locations/FeatureServer/0/metadata?format=iso19139
217de64e-6a4d-4a29-996a-923595e3e376,zip,https://gbp-blm-egis.hub.arcgis.com/api/download/v1/items/d00c16fc465b492f9212b287800ccc07/filegdb?layers=0
217de64e-6a4d-4a29-996a-923595e3e376,html,https://gbp-blm-egis.hub.arcgis.com/datasets/BLM-EGIS::blm-id-administrative-unit-office-locations
217de64e-6a4d-4a29-996a-923595e3e376,geojson,https://gbp-blm-egis.hub.arcgis.com/api/download/v1/items/d00c16fc465b492f9212b287800ccc07/geojson?layers=0
217de64e-6a4d-4a29-996a-923595e3e376,arcgis geoservices rest api,https://gis.blm.gov/idarcgis/rest/services/admin_boundaries/BLM_ID_Administrative_Unit_Office_Locations/FeatureServer/0
7e99cbcd-9c8e-483d-ab28-3a2270b37b29,gdb,https://gbp-blm-egis.hub.arcgis.com/api/download/v1/items/7438e9e800914c94bad99f70a4f2092d/sqlite?layers=2
7e99cbcd-9c8e-483d-ab28-3a2270b37b29,zip,https://gbp-blm-egis.hub.arcgis.com/api/download/v1/items/7438e9e800914c94bad99f70a4f2092d/shapefile?layers=2
7e99cbcd-9c8e-483d-ab28-3a2270b37b29,zip,https://gbp-blm-egis.hub.arcgis.com/api/download/v1/items/7438e9e800914c94bad99f70a4f2092d/filegdb?layers=2
7e99cbcd-9c8e-483d-ab28-3a2270b37b29,xls,https://gbp-blm-egis.hub.arcgis.com/api/download/v1/items/7438e9e800914c94bad99f70a4f2092d/excel?layers=2
7e99cbcd-9c8e-483d-ab28-3a2270b37b29,xml,https://blm-egis.maps.arcgis.com/sharing/rest/content/items/7438e9e800914c94bad99f70a4f2092d/info/metadata/metadata.xml?format=iso19139
7e99cbcd-9c8e-483d-ab28-3a2270b37b29,geojson,https://gbp-blm-egis.hub.arcgis.com/api/download/v1/items/7438e9e800914c94bad99f70a4f2092d/geojson?layers=2
7e99cbcd-9c8e-483d-ab28-3a2270b37b29,kml,https://gbp-blm-egis.hub.arcgis.com/api/download/v1/items/7438e9e800914c94bad99f70a4f2092d/kml?layers=2
7e99cbcd-9c8e-483d-ab28-3a2270b37b29,zip,https://gbp-blm-egis.hub.arcgis.com/api/download/v1/items/7438e9e800914c94bad99f70a4f2092d/gpkg?layers=2
7e99cbcd-9c8e-483d-ab28-3a2270b37b29,html,https://gbp-blm-egis.hub.arcgis.com/datasets/BLM-EGIS::blm-natl-recreation-site-points
7e99cbcd-9c8e-483d-ab28-3a2270b37b29,csv,https://gbp-blm-egis.hub.arcgis.com/api/download/v1/items/7438e9e800914c94bad99f70a4f2092d/csv?layers=2
7e99cbcd-9c8e-483d-ab28-3a2270b37b29,arcgis geoservices rest api,https://services1.arcgis.com/KbxwQRRfWyEYLgp4/arcgis/rest/services/BLM_National_Recreation_Site_Points/FeatureServer/2
7e99cbcd-9c8e-483d-ab28-3a2270b37b29,text,https://gbp-blm-egis.hub.arcgis.com/api/download/v1/items/7438e9e800914c94bad99f70a4f2092d/featureCollection?layers=2
cf52683c-2b12-4988-95dc-181866121955,xml,https://gis.blm.gov/idarcgis/rest/services/cadastral/BLM_ID_CADNSDI_PLSS_Conflicted_Areas/FeatureServer/0/metadata?format=iso19139
cf52683c-2b12-4988-95dc-181866121955,kml,https://gbp-blm-egis.hub.arcgis.com/api/download/v1/items/d707084e55f9403ab02a4fa5a9575f70/kml?layers=0
cf52683c-2b12-4988-95dc-181866121955,geojson,https://gbp-blm-egis.hub.arcgis.com/api/download/v1/items/d707084e55f9403ab02a4fa5a9575f70/geojson?layers=0
cf52683c-2b12-4988-95dc-181866121955,arcgis geoservices rest api,https://gis.blm.gov/idarcgis/rest/services/cadastral/BLM_ID_CADNSDI_PLSS_Conflicted_Areas/FeatureServer/0
cf52683c-2b12-4988-95dc-181866121955,zip,https://gbp-blm-egis.hub.arcgis.com/api/download/v1/items/d707084e55f9403ab02a4fa5a9575f70/shapefile?layers=0
cf52683c-2b12-4988-95dc-181866121955,zip,https://gbp-blm-egis.hub.arcgis.com/api/download/v1/items/d707084e55f9403ab02a4fa5a9575f70/filegdb?layers=0
cf52683c-2b12-4988-95dc-181866121955,csv,https://gbp-blm-egis.hub.arcgis.com/api/download/v1/items/d707084e55f9403ab02a4fa5a9575f70/csv?layers=0
cf52683c-2b12-4988-95dc-181866121955,html,https://gbp-blm-egis.hub.arcgis.com/datasets/BLM-EGIS::blm-id-cadnsdi-plss-conflicted-areas
4c7855fc-4b91-47dd-9dd0-e54b481eb7ae,xml,https://gis.blm.gov/idarcgis/rest/services/admin_boundaries/BLM_ID_Field_Office_Administrative_Unit_Boundary/FeatureServer/0/metadata?format=iso19139
4c7855fc-4b91-47dd-9dd0-e54b481eb7ae,arcgis geoservices rest api,https://gis.blm.gov/idarcgis/rest/services/admin_boundaries/BLM_ID_Field_Office_Administrative_Unit_Boundary/FeatureServer/0
4c7855fc-4b91-47dd-9dd0-e54b481eb7ae,html,https://gbp-blm-egis.hub.arcgis.com/datasets/BLM-EGIS::blm-id-field-office-administrative-unit-boundary
4c7855fc-4b91-47dd-9dd0-e54b481eb7ae,zip,https://gbp-blm-egis.hub.arcgis.com/api/download/v1/items/8dcd30fb0e62401dbf66a14b5ef944cd/filegdb?layers=0
4c7855fc-4b91-47dd-9dd0-e54b481eb7ae,geojson,https://gbp-blm-egis.hub.arcgis.com/api/download/v1/items/8dcd30fb0e62401dbf66a14b5ef944cd/geojson?layers=0
4c7855fc-4b91-47dd-9dd0-e54b481eb7ae,kml,https://gbp-blm-egis.hub.arcgis.com/api/download/v1/items/8dcd30fb0e62401dbf66a14b5ef944cd/kml?layers=0
4c7855fc-4b91-47dd-9dd0-e54b481eb7ae,zip,https://gbp-blm-egis.hub.arcgis.com/api/download/v1/items/8dcd30fb0e62401dbf66a14b5ef944cd/shapefile?layers=0
4c7855fc-4b91-47dd-9dd0-e54b481eb7ae,csv,https://gbp-blm-egis.hub.arcgis.com/api/download/v1/items/8dcd30fb0e62401dbf66a14b5ef944cd/csv?layers=0
f0a29f24-c44d-40d1-9f8d-69c8c0520021,kml,https://gbp-blm-egis.hub.arcgis.com/api/download/v1/items/1b9cb36f5a6941f5acb4cdc72098b54a/kml?layers=0
f0a29f24-c44d-40d1-9f8d-69c8c0520021,geojson,https://gbp-blm-egis.hub.arcgis.com/api/download/v1/items/1b9cb36f5a6941f5acb4cdc72098b54a/geojson?layers=0
f0a29f24-c44d-40d1-9f8d-69c8c0520021,xml,https://blm-egis.maps.arcgis.com/sharing/rest/content/items/1b9cb36f5a6941f5acb4cdc72098b54a/info/metadata/metadata.xml?format=iso19139
f0a29f24-c44d-40d1-9f8d-69c8c0520021,zip,https://gbp-blm-egis.hub.arcgis.com/api/download/v1/items/1b9cb36f5a6941f5acb4cdc72098b54a/gpkg?layers=0
f0a29f24-c44d-40d1-9f8d-69c8c0520021,html,https://gbp-blm-egis.hub.arcgis.com/datasets/BLM-EGIS::blm-or-leases-and-claims-polygon-hub
f0a29f24-c44d-40d1-9f8d-69c8c0520021,zip,https://gbp-blm-egis.hub.arcgis.com/api/download/v1/items/1b9cb36f5a6941f5acb4cdc72098b54a/filegdb?layers=0
f0a29f24-c44d-40d1-9f8d-69c8c0520021,xls,https://gbp-blm-egis.hub.arcgis.com/api/download/v1/items/1b9cb36f5a6941f5acb4cdc72098b54a/excel?layers=0
f0a29f24-c44d-40d1-9f8d-69c8c0520021,gdb,https://gbp-blm-egis.hub.arcgis.com/api/download/v1/items/1b9cb36f5a6941f5acb4cdc72098b54a/sqlite?layers=0
f0a29f24-c44d-40d1-9f8d-69c8c0520021,text,https://gbp-blm-egis.hub.arcgis.com/api/download/v1/items/1b9cb36f5a6941f5acb4cdc72098b54a/featureCollection?layers=0
f0a29f24-c44d-40d1-9f8d-69c8c0520021,zip,https://gbp-blm-egis.hub.arcgis.com/api/download/v1/items/1b9cb36f5a6941f5acb4cdc72098b54a/shapefile?layers=0
f0a29f24-c44d-40d1-9f8d-69c8c0520021,arcgis geoservices rest api,https://services1.arcgis.com/KbxwQRRfWyEYLgp4/arcgis/rest/services/BLM_OR_Leases_and_Claims_Polygon_Hub/FeatureServer/0
f0a29f24-c44d-40d1-9f8d-69c8c0520021,csv,https://gbp-blm-egis.hub.arcgis.com/api/download/v1/items/1b9cb36f5a6941f5acb4cdc72098b54a/csv?layers=0
957ce7f1-d239-4af7-bdd4-495c1a6e1445,xml,https://gis.blm.gov/idarcgis/rest/services/admin_boundaries/BLM_ID_District_Office_Administrative_Unit_Boundary/FeatureServer/0/metadata?format=iso19139
957ce7f1-d239-4af7-bdd4-495c1a6e1445,arcgis geoservices rest api,https://gis.blm.gov/idarcgis/rest/services/admin_boundaries/BLM_ID_District_Office_Administrative_Unit_Boundary/FeatureServer/0
957ce7f1-d239-4af7-bdd4-495c1a6e1445,zip,https://gbp-blm-egis.hub.arcgis.com/api/download/v1/items/51780c17eaff4e07a23ee99cef7124a7/filegdb?layers=0
957ce7f1-d239-4af7-bdd4-495c1a6e1445,csv,https://gbp-blm-egis.hub.arcgis.com/api/download/v1/items/51780c17eaff4e07a23ee99cef7124a7/csv?layers=0
957ce7f1-d239-4af7-bdd4-495c1a6e1445,kml,https://gbp-blm-egis.hub.arcgis.com/api/download/v1/items/51780c17eaff4e07a23ee99cef7124a7/kml?layers=0
957ce7f1-d239-4af7-bdd4-495c1a6e1445,geojson,https://gbp-blm-egis.hub.arcgis.com/api/download/v1/items/51780c17eaff4e07a23ee99cef7124a7/geojson?layers=0
957ce7f1-d239-4af7-bdd4-495c1a6e1445,zip,https://gbp-blm-egis.hub.arcgis.com/api/download/v1/items/51780c17eaff4e07a23ee99cef7124a7/shapefile?layers=0
957ce7f1-d239-4af7-bdd4-495c1a6e1445,html,https://gbp-blm-egis.hub.arcgis.com/datasets/BLM-EGIS::blm-id-district-office-administrative-unit-boundary
c19abe28-92ac-48b9-b5da-648e2f67e3f8,zip,https://gbp-blm-egis.hub.arcgis.com/api/download/v1/items/989305aeaec84fd8841c5c559a22521b/shapefile?layers=0
c19abe28-92ac-48b9-b5da-648e2f67e3f8,arcgis geoservices rest api,https://gis.blm.gov/idarcgis/rest/services/cadastral/BLM_ID_CADNSDI_PLSS_State_Boundary_Poly/FeatureServer/0
c19abe28-92ac-48b9-b5da-648e2f67e3f8,csv,https://gbp-blm-egis.hub.arcgis.com/api/download/v1/items/989305aeaec84fd8841c5c559a22521b/csv?layers=0
c19abe28-92ac-48b9-b5da-648e2f67e3f8,kml,https://gbp-blm-egis.hub.arcgis.com/api/download/v1/items/989305aeaec84fd8841c5c559a22521b/kml?layers=0
c19abe28-92ac-48b9-b5da-648e2f67e3f8,geojson,https://gbp-blm-egis.hub.arcgis.com/api/download/v1/items/989305aeaec84fd8841c5c559a22521b/geojson?layers=0
c19abe28-92ac-48b9-b5da-648e2f67e3f8,xml,https://gis.blm.gov/idarcgis/rest/services/cadastral/BLM_ID_CADNSDI_PLSS_State_Boundary_Poly/FeatureServer/0/metadata?format=iso19139
c19abe28-92ac-48b9-b5da-648e2f67e3f8,html,https://gbp-blm-egis.hub.arcgis.com/datasets/BLM-EGIS::blm-id-cadnsdi-plss-state-boundary-poly
c19abe28-92ac-48b9-b5da-648e2f67e3f8,zip,https://gbp-blm-egis.hub.arcgis.com/api/download/v1/items/989305aeaec84fd8841c5c559a22521b/filegdb?layers=0
da40adbb-9ca6-491e-857d-95a46663b2d5,geojson,https://gbp-blm-egis.hub.arcgis.com/api/download/v1/items/116c2cbe41d7436db06e274a3537480f/geojson?layers=0
da40adbb-9ca6-491e-857d-95a46663b2d5,kml,https://gbp-blm-egis.hub.arcgis.com/api/download/v1/items/116c2cbe41d7436db06e274a3537480f/kml?layers=0
da40adbb-9ca6-491e-857d-95a46663b2d5,arcgis geoservices rest api,https://gis.blm.gov/idarcgis/rest/services/cadastral/BLM_ID_CADNSDI_PLSS_State_Boundary_Line/FeatureServer/0
da40adbb-9ca6-491e-857d-95a46663b2d5,html,https://gbp-blm-egis.hub.arcgis.com/datasets/BLM-EGIS::blm-id-cadnsdi-plss-state-boundary-line
da40adbb-9ca6-491e-857d-95a46663b2d5,csv,https://gbp-blm-egis.hub.arcgis.com/api/download/v1/items/116c2cbe41d7436db06e274a3537480f/csv?layers=0
da40adbb-9ca6-491e-857d-95a46663b2d5,zip,https://gbp-blm-egis.hub.arcgis.com/api/download/v1/items/116c2cbe41d7436db06e274a3537480f/shapefile?layers=0
da40adbb-9ca6-491e-857d-95a46663b2d5,zip,https://gbp-blm-egis.hub.arcgis.com/api/download/v1/items/116c2cbe41d7436db06e274a3537480f/filegdb?layers=0
da40adbb-9ca6-491e-857d-95a46663b2d5,xml,https://gis.blm.gov/idarcgis/rest/services/cadastral/BLM_ID_CADNSDI_PLSS_State_Boundary_Line/FeatureServer/0/metadata?format=iso19139
a2bc6d1c-b396-48ac-8ed7-0cb83965a44f,zip,https://gbp-blm-egis.hub.arcgis.com/api/download/v1/items/d00c16fc465b492f9212b287800ccc07/shapefile?layers=0
a2bc6d1c-b396-48ac-8ed7-0cb83965a44f,kml,https://gbp-blm-egis.hub.arcgis.com/api/download/v1/items/d00c16fc465b492f9212b287800ccc07/kml?layers=0
a2bc6d1c-b396-48ac-8ed7-0cb83965a44f,csv,https://gbp-blm-egis.hub.arcgis.com/api/download/v1/items/d00c16fc465b492f9212b287800ccc07/csv?layers=0
a2bc6d1c-b396-48ac-8ed7-0cb83965a44f,xml,https://gis.blm.gov/idarcgis/rest/services/admin_boundaries/BLM_ID_Administrative_Unit_Office_Locations/FeatureServer/0/metadata?format=iso19139
a2bc6d1c-b396-48ac-8ed7-0cb83965a44f,zip,https://gbp-blm-egis.hub.arcgis.com/api/download/v1/items/d00c16fc465b492f9212b287800ccc07/filegdb?layers=0
a2bc6d1c-b396-48ac-8ed7-0cb83965a44f,html,https://gbp-blm-egis.hub.arcgis.com/datasets/BLM-EGIS::blm-id-administrative-unit-office-locations
a2bc6d1c-b396-48ac-8ed7-0cb83965a44f,geojson,https://gbp-blm-egis.hub.arcgis.com/api/download/v1/items/d00c16fc465b492f9212b287800ccc07/geojson?layers=0
a2bc6d1c-b396-48ac-8ed7-0cb83965a44f,arcgis geoservices rest api,https://gis.blm.gov/idarcgis/rest/services/admin_boundaries/BLM_ID_Administrative_Unit_Office_Locations/FeatureServer/0
ccc55233-de69-4e49-968a-c3da7b0f7c67,gdb,https://gbp-blm-egis.hub.arcgis.com/api/download/v1/items/7438e9e800914c94bad99f70a4f2092d/sqlite?layers=2
ccc55233-de69-4e49-968a-c3da7b0f7c67,zip,https://gbp-blm-egis.hub.arcgis.com/api/download/v1/items/7438e9e800914c94bad99f70a4f2092d/shapefile?layers=2
ccc55233-de69-4e49-968a-c3da7b0f7c67,zip,https://gbp-blm-egis.hub.arcgis.com/api/download/v1/items/7438e9e800914c94bad99f70a4f2092d/filegdb?layers=2
ccc55233-de69-4e49-968a-c3da7b0f7c67,xls,https://gbp-blm-egis.hub.arcgis.com/api/download/v1/items/7438e9e800914c94bad99f70a4f2092d/excel?layers=2
ccc55233-de69-4e49-968a-c3da7b0f7c67,xml,https://blm-egis.maps.arcgis.com/sharing/rest/content/items/7438e9e800914c94bad99f70a4f2092d/info/metadata/metadata.xml?format=iso19139
ccc55233-de69-4e49-968a-c3da7b0f7c67,geojson,https://gbp-blm-egis.hub.arcgis.com/api/download/v1/items/7438e9e800914c94bad99f70a4f2092d/geojson?layers=2
ccc55233-de69-4e49-968a-c3da7b0f7c67,kml,https://gbp-blm-egis.hub.arcgis.com/api/download/v1/items/7438e9e800914c94bad99f70a4f2092d/kml?layers=2
ccc55233-de69-4e49-968a-c3da7b0f7c67,zip,https://gbp-blm-egis.hub.arcgis.com/api/download/v1/items/7438e9e800914c94bad99f70a4f2092d/gpkg?layers=2
ccc55233-de69-4e49-968a-c3da7b0f7c67,html,https://gbp-blm-egis.hub.arcgis.com/datasets/BLM-EGIS::blm-natl-recreation-site-points
ccc55233-de69-4e49-968a-c3da7b0f7c67,csv,https://gbp-blm-egis.hub.arcgis.com/api/download/v1/items/7438e9e800914c94bad99f70a4f2092d/csv?layers=2
ccc55233-de69-4e49-968a-c3da7b0f7c67,arcgis geoservices rest api,https://services1.arcgis.com/KbxwQRRfWyEYLgp4/arcgis/rest/services/BLM_National_Recreation_Site_Points/FeatureServer/2
ccc55233-de69-4e49-968a-c3da7b0f7c67,text,https://gbp-blm-egis.hub.arcgis.com/api/download/v1/items/7438e9e800914c94bad99f70a4f2092d/featureCollection?layers=2
41916ec0-a59f-423e-a9dd-7a699c72edf7,xml,https://gis.blm.gov/idarcgis/rest/services/cadastral/BLM_ID_CADNSDI_PLSS_Conflicted_Areas/FeatureServer/0/metadata?format=iso19139
41916ec0-a59f-423e-a9dd-7a699c72edf7,kml,https://gbp-blm-egis.hub.arcgis.com/api/download/v1/items/d707084e55f9403ab02a4fa5a9575f70/kml?layers=0
41916ec0-a59f-423e-a9dd-7a699c72edf7,geojson,https://gbp-blm-egis.hub.arcgis.com/api/download/v1/items/d707084e55f9403ab02a4fa5a9575f70/geojson?layers=0
41916ec0-a59f-423e-a9dd-7a699c72edf7,arcgis geoservices rest api,https://gis.blm.gov/idarcgis/rest/services/cadastral/BLM_ID_CADNSDI_PLSS_Conflicted_Areas/FeatureServer/0
41916ec0-a59f-423e-a9dd-7a699c72edf7,zip,https://gbp-blm-egis.hub.arcgis.com/api/download/v1/items/d707084e55f9403ab02a4fa5a9575f70/shapefile?layers=0
41916ec0-a59f-423e-a9dd-7a699c72edf7,zip,https://gbp-blm-egis.hub.arcgis.com/api/download/v1/items/d707084e55f9403ab02a4fa5a9575f70/filegdb?layers=0
41916ec0-a59f-423e-a9dd-7a699c72edf7,csv,https://gbp-blm-egis.hub.arcgis.com/api/download/v1/items/d707084e55f9403ab02a4fa5a9575f70/csv?layers=0
41916ec0-a59f-423e-a9dd-7a699c72edf7,html,https://gbp-blm-egis.hub.arcgis.com/datasets/BLM-EGIS::blm-id-cadnsdi-plss-conflicted-areas
03be7da3-b1b8-42bf-984f-3c4580e79654,html,https://opendata.dc.gov/datasets/DCGIS::school-gardens-program
03be7da3-b1b8-42bf-984f-3c4580e79654,arcgis geoservices rest api,https://maps2.dcgis.dc.gov/dcgis/rest/services/DCGIS_DATA/Environment_Land_WebMercator/MapServer/0
03be7da3-b1b8-42bf-984f-3c4580e79654,ogc wms,https://maps2.dcgis.dc.gov/dcgis/services/DCGIS_DATA/Environment_Land_WebMercator/MapServer/WMSServer?request=GetCapabilities&service=WMS
03be7da3-b1b8-42bf-984f-3c4580e79654,csv,https://opendata.dc.gov/api/download/v1/items/7cccd408ea084d91a30d6a0bc97bb3cb/csv?layers=0
03be7da3-b1b8-42bf-984f-3c4580e79654,zip,https://opendata.dc.gov/api/download/v1/items/7cccd408ea084d91a30d6a0bc97bb3cb/shapefile?layers=0
03be7da3-b1b8-42bf-984f-3c4580e79654,geojson,https://opendata.dc.gov/api/download/v1/items/7cccd408ea084d91a30d6a0bc97bb3cb/geojson?layers=0
03be7da3-b1b8-42bf-984f-3c4580e79654,kml,https://opendata.dc.gov/api/download/v1/items/7cccd408ea084d91a30d6a0bc97bb3cb/kml?layers=0
afb20508-21b4-499b-9ad0-e69842639618,html,https://opendata.dc.gov/apps/DCGIS::thriving-district-of-columbia-school-gardens
afb20508-21b4-499b-9ad0-e69842639618,arcgis geoservices rest api,https://storymaps.arcgis.com/stories/84be2cedaef444759cafc4f29678fd5d
8f402f79-73ce-457b-b843-b34ab5a36aca,csv,https://irma.nps.gov/DataStore/DownloadFile/756673?Reference=2317556
8f402f79-73ce-457b-b843-b34ab5a36aca,pdf,https://irma.nps.gov/DataStore/DownloadFile/756675?Reference=2317556
8f402f79-73ce-457b-b843-b34ab5a36aca,html,https://irma.nps.gov/DataStore/DownloadFile/756674?Reference=2317556
9bc0b0ef-a826-413e-ad40-ed6cb18814df,csv,https://irma.nps.gov/DataStore/DownloadFile/756406?Reference=2316799
9bc0b0ef-a826-413e-ad40-ed6cb18814df,csv,https://irma.nps.gov/DataStore/DownloadFile/756411?Reference=2316799
9bc0b0ef-a826-413e-ad40-ed6cb18814df,xml,https://irma.nps.gov/DataStore/DownloadFile/756413?Reference=2316799
9bc0b0ef-a826-413e-ad40-ed6cb18814df,csv,https://irma.nps.gov/DataStore/DownloadFile/756409?Reference=2316799
9bc0b0ef-a826-413e-ad40-ed6cb18814df,csv,https://irma.nps.gov/DataStore/DownloadFile/756404?Reference=2316799
9bc0b0ef-a826-413e-ad40-ed6cb18814df,csv,https://irma.nps.gov/DataStore/DownloadFile/756410?Reference=2316799
9bc0b0ef-a826-413e-ad40-ed6cb18814df,csv,https://irma.nps.gov/DataStore/DownloadFile/756407?Reference=2316799
9bc0b0ef-a826-413e-ad40-ed6cb18814df,csv,https://irma.nps.gov/DataStore/DownloadFile/756405?Reference=2316799
9bc0b0ef-a826-413e-ad40-ed6cb18814df,csv,https://irma.nps.gov/DataStore/DownloadFile/756412?Reference=2316799
9bc0b0ef-a826-413e-ad40-ed6cb18814df,csv,https://irma.nps.gov/DataStore/DownloadFile/756408?Reference=2316799
ac6123bb-35ce-43d4-ae72-5ed259c7755f,,https://tidesandcurrents.noaa.gov/stations.html?type=Meteorological+Observations
ac6123bb-35ce-43d4-ae72-5ed259c7755f,html,https://tidesandcurrents.noaa.gov/web_services_info.html
ac6123bb-35ce-43d4-ae72-5ed259c7755f,,https://tidesandcurrents.noaa.gov/
ac6123bb-35ce-43d4-ae72-5ed259c7755f,,https://tidesandcurrents.noaa.gov/map/
ac6123bb-35ce-43d4-ae72-5ed259c7755f,,https://www.fisheries.noaa.gov/inport/item/67953
ac6123bb-35ce-43d4-ae72-5ed259c7755f,html,https://tidesandcurrents.noaa.gov/web_services_info.html
ac6123bb-35ce-43d4-ae72-5ed259c7755f,,https://tidesandcurrents.noaa.gov/stations.html?type=Meteorological+Observations
ac6123bb-35ce-43d4-ae72-5ed259c7755f,,https://tidesandcurrents.noaa.gov/map/
ac6123bb-35ce-43d4-ae72-5ed259c7755f,,https://forum.earthdata.nasa.gov/app.php/tag/GCMD%2BKeywords
ac6123bb-35ce-43d4-ae72-5ed259c7755f,pdf,https://www.fisheries.noaa.gov/inportserve/waf/noaa/nos/co-ops/dmp/pdf/67953.pdf
b2f6c725-40db-449f-91a3-8609b1641d67,,https://tidesandcurrents.noaa.gov/est/
b2f6c725-40db-449f-91a3-8609b1641d67,,https://api.tidesandcurrents.noaa.gov/dpapi/prod/
b2f6c725-40db-449f-91a3-8609b1641d67,,https://www.fisheries.noaa.gov/inport/item/69876
b2f6c725-40db-449f-91a3-8609b1641d67,pdf,https://tidesandcurrents.noaa.gov/publications/NOAA_Technical_Report_NOS_COOPS_067a.pdf
b2f6c725-40db-449f-91a3-8609b1641d67,html,https://tidesandcurrents.noaa.gov/sea_level_info.html
b2f6c725-40db-449f-91a3-8609b1641d67,,https://tidesandcurrents.noaa.gov/
b2f6c725-40db-449f-91a3-8609b1641d67,,https://forum.earthdata.nasa.gov/app.php/tag/GCMD%2BKeywords
b2f6c725-40db-449f-91a3-8609b1641d67,pdf,https://www.fisheries.noaa.gov/inportserve/waf/noaa/nos/co-ops/dmp/pdf/69876.pdf
965d45b5-c8d4-49ce-bd1d-3959368e153e,html,https://tidesandcurrents.noaa.gov/ports_info.html
965d45b5-c8d4-49ce-bd1d-3959368e153e,,https://api.tidesandcurrents.noaa.gov/api/prod/
965d45b5-c8d4-49ce-bd1d-3959368e153e,,https://tidesandcurrents.noaa.gov/map/
965d45b5-c8d4-49ce-bd1d-3959368e153e,html,https://tidesandcurrents.noaa.gov/api-helper/url-generator.html
965d45b5-c8d4-49ce-bd1d-3959368e153e,,https://www.fisheries.noaa.gov/inport/item/71336
965d45b5-c8d4-49ce-bd1d-3959368e153e,,https://tidesandcurrents.noaa.gov/
965d45b5-c8d4-49ce-bd1d-3959368e153e,,https://forum.earthdata.nasa.gov/app.php/tag/GCMD%2BKeywords
965d45b5-c8d4-49ce-bd1d-3959368e153e,pdf,https://www.fisheries.noaa.gov/inportserve/waf/noaa/nos/co-ops/dmp/pdf/71336.pdf
d67f8fb3-37da-4961-9c5e-530457d11a7a,html,https://data.cms.gov/data-api/v1/dataset/7dae1d4a-1e14-4dd5-81b6-ba1dc0509a25/data
d67f8fb3-37da-4961-9c5e-530457d11a7a,csv,https://data.cms.gov/sites/default/files/2026-02/f58b9561-bbb2-4ada-8232-cdf9c139ee34/Medicare%20Alternative%20Payment%20Model%20%28APM%29%20Adoption_CY24_v2.csv
d67f8fb3-37da-4961-9c5e-530457d11a7a,html,https://data.cms.gov/data-api/v1/dataset/678b33e1-9185-4154-8e0b-126cf371d101/data
1b5c81f3-ade1-4a7f-88c0-a2029a7832a7,csv,https://download.medicaid.gov/data/mdrp-newly-rprt-drug-03092026-to-03152026.csv
059e0f2b-356b-43d0-a7b1-0fc1f7306f45,kml,https://gbp-blm-egis.hub.arcgis.com/api/download/v1/items/246a4bcb234842a0a82c7d02147ac62b/kml?layers=0
059e0f2b-356b-43d0-a7b1-0fc1f7306f45,html,https://gbp-blm-egis.hub.arcgis.com/datasets/BLM-EGIS::blm-id-areas-of-critical-environmental-concern-acec-historical
059e0f2b-356b-43d0-a7b1-0fc1f7306f45,arcgis geoservices rest api,https://gis.blm.gov/idarcgis/rest/services/lands/BLM_ID_Areas_of_Critical_Environmental_Concern_ACEC_Historical/FeatureServer/0
059e0f2b-356b-43d0-a7b1-0fc1f7306f45,geojson,https://gbp-blm-egis.hub.arcgis.com/api/download/v1/items/246a4bcb234842a0a82c7d02147ac62b/geojson?layers=0
059e0f2b-356b-43d0-a7b1-0fc1f7306f45,zip,https://gbp-blm-egis.hub.arcgis.com/api/download/v1/items/246a4bcb234842a0a82c7d02147ac62b/filegdb?layers=0
059e0f2b-356b-43d0-a7b1-0fc1f7306f45,csv,https://gbp-blm-egis.hub.arcgis.com/api/download/v1/items/246a4bcb234842a0a82c7d02147ac62b/csv?layers=0
059e0f2b-356b-43d0-a7b1-0fc1f7306f45,xml,https://gis.blm.gov/idarcgis/rest/services/lands/BLM_ID_Areas_of_Critical_Environmental_Concern_ACEC_Historical/FeatureServer/0/metadata?format=iso19139
059e0f2b-356b-43d0-a7b1-0fc1f7306f45,zip,https://gbp-blm-egis.hub.arcgis.com/api/download/v1/items/246a4bcb234842a0a82c7d02147ac62b/shapefile?layers=0
9b84b96a-b4ae-4625-a63c-2af9539573b1,xls,https://pasteur.epa.gov/uploads/10.23719/d-9f81/ac5c02223_si_002.xlsx
9b84b96a-b4ae-4625-a63c-2af9539573b1,pdf,https://pasteur.epa.gov/uploads/10.23719/d-9f81/ac5c02223_si_001.pdf
8efb2248-36d8-4876-aa9f-3b44ea7da694,xls,https://pasteur.epa.gov/uploads/10.23719/1532212/2025%200410_PLJ%20stability%20data%20for%20RAPID.xlsx
baafb18b-4c3c-4b42-b55b-96404b6d5006,api,https://services1.arcgis.com/fBc8EJBxQRMcHlei/arcgis/rest/services/Descent_Trail/FeatureServer
4c5f040b-b0d1-4545-afb8-0ff47730af60,,https://doi.org/10.1371/journal.pone.0108936.s001
3c91e2fc-32ba-4a3a-ab7d-9ec82678de87,zip,https://pasteur.epa.gov/uploads/10.23719/1531859/ROAR_2198_Final_Data_File.zip
1aa7fe29-6623-4596-8071-273f6ba728e8,,https://doi.org/10.14509/32063
1aa7fe29-6623-4596-8071-273f6ba728e8,,https://doi.org/10.14509/32063
1aa7fe29-6623-4596-8071-273f6ba728e8,,https://doi.org/10.14509/31971
1aa7fe29-6623-4596-8071-273f6ba728e8,,https://doi.org/10.14509/31970
1aa7fe29-6623-4596-8071-273f6ba728e8,,https://doi.org/10.14509/32062
1aa7fe29-6623-4596-8071-273f6ba728e8,,https://doi.org/10.14509/31520
5bc939d3-1382-4773-aedc-ff5e6d702869,,http://dx.doi.org/10.14509/32075
5bc939d3-1382-4773-aedc-ff5e6d702869,,https://doi.org/10.14509/32075
5bc939d3-1382-4773-aedc-ff5e6d702869,,https://doi.org/10.14509/31972
5bc939d3-1382-4773-aedc-ff5e6d702869,,https://doi.org/10.14509/31725
5bc939d3-1382-4773-aedc-ff5e6d702869,,https://doi.org/10.14509/31536
5bc939d3-1382-4773-aedc-ff5e6d702869,,https://doi.org/10.14509/31734
36f9e5c9-04dc-40e8-b366-6c9d4f1372f0,,https://doi.org/10.14509/32064
36f9e5c9-04dc-40e8-b366-6c9d4f1372f0,,https://doi.org/10.14509/32064
36f9e5c9-04dc-40e8-b366-6c9d4f1372f0,,https://doi.org/10.14509/31731
36f9e5c9-04dc-40e8-b366-6c9d4f1372f0,,https://doi.org/10.14509/31537
36f9e5c9-04dc-40e8-b366-6c9d4f1372f0,,https://doi.org/10.14509/31736
36f9e5c9-04dc-40e8-b366-6c9d4f1372f0,,https://doi.org/10.14509/31476
36f9e5c9-04dc-40e8-b366-6c9d4f1372f0,,https://doi.org/10.14509/31692
5d6796d3-69ef-4247-b5a4-b6ac03e30faa,pdf,https://data.oregon.gov/download/6ssh-tpcz/application/pdf
ac5de3c9-22cb-4012-b118-b02b573b6ad0,csv,https://irma.nps.gov/DataStore/DownloadFile/756624?Reference=2317499
ac5de3c9-22cb-4012-b118-b02b573b6ad0,pdf,https://irma.nps.gov/DataStore/DownloadFile/756625?Reference=2317499
a9624740-21cc-467f-a538-a964ce7270a2,xml,https://irma.nps.gov/DataStore/DownloadFile/756600?Reference=2316719
a9624740-21cc-467f-a538-a964ce7270a2,csv,https://irma.nps.gov/DataStore/DownloadFile/756597?Reference=2316719
a9624740-21cc-467f-a538-a964ce7270a2,csv,https://irma.nps.gov/DataStore/DownloadFile/756599?Reference=2316719
a9624740-21cc-467f-a538-a964ce7270a2,csv,https://irma.nps.gov/DataStore/DownloadFile/756598?Reference=2316719
8778e30c-c2b0-48ff-a8d5-2f2b0a6d3dcb,xml,https://www.ngdc.noaa.gov/metadata/published/NOAA/NESDIS/NGDC/MGG/NOS/F00001-F02000/iso/xml/F00927.xml
8778e30c-c2b0-48ff-a8d5-2f2b0a6d3dcb,,https://data.ngdc.noaa.gov/platforms/ocean/nos/coast/F00001-F02000/F00927/BAG/F00927_MB_1m_MLLW_1of1.bag
8778e30c-c2b0-48ff-a8d5-2f2b0a6d3dcb,json,https://data.ngdc.noaa.gov/platforms/ocean/nos/coast/F00001-F02000/F00927/geojson/F00927_Outline.geojson
8778e30c-c2b0-48ff-a8d5-2f2b0a6d3dcb,pdf,https://data.ngdc.noaa.gov/platforms/ocean/nos/coast/F00001-F02000/F00927/Metadata/F00927_Survey_Metadata.pdf
8778e30c-c2b0-48ff-a8d5-2f2b0a6d3dcb,xml,https://data.ngdc.noaa.gov/platforms/ocean/nos/coast/F00001-F02000/F00927/Metadata/F00927_Survey_Metadata.xml
8778e30c-c2b0-48ff-a8d5-2f2b0a6d3dcb,pdf,https://data.ngdc.noaa.gov/platforms/ocean/nos/coast/F00001-F02000/F00927/GeoImagePDF/F00927_GeoImage.pdf
8778e30c-c2b0-48ff-a8d5-2f2b0a6d3dcb,tiff,https://data.ngdc.noaa.gov/platforms/ocean/nos/coast/F00001-F02000/F00927/MBAB/F00927_MBAB_2m_S3007_300kHz_1of1.tif
8778e30c-c2b0-48ff-a8d5-2f2b0a6d3dcb,text,https://data.ngdc.noaa.gov/platforms/ocean/nos/wkt/S-B931-NRTNL-25_WKT_ChartDatum_1of1.txt
8778e30c-c2b0-48ff-a8d5-2f2b0a6d3dcb,,https://forum.earthdata.nasa.gov/app.php/tag/GCMD%2BKeywords
8778e30c-c2b0-48ff-a8d5-2f2b0a6d3dcb,,https://forum.earthdata.nasa.gov/app.php/tag/GCMD%2BKeywords
8778e30c-c2b0-48ff-a8d5-2f2b0a6d3dcb,,https://forum.earthdata.nasa.gov/app.php/tag/GCMD%2BKeywords
8778e30c-c2b0-48ff-a8d5-2f2b0a6d3dcb,,https://forum.earthdata.nasa.gov/app.php/tag/GCMD%2BKeywords
8778e30c-c2b0-48ff-a8d5-2f2b0a6d3dcb,html,http://www.getty.edu/research/tools/vocabularies/tgn/index.html
3431f2ad-9a92-4237-ae7f-014f2640de5d,xml,https://www.ngdc.noaa.gov/metadata/published/NOAA/NESDIS/NGDC/MGG/NOS/F00001-F02000/iso/xml/F00929.xml
3431f2ad-9a92-4237-ae7f-014f2640de5d,,https://data.ngdc.noaa.gov/platforms/ocean/nos/coast/F00001-F02000/F00929/BAG/F00929_MB_50cm_MLLW_1of1.bag
3431f2ad-9a92-4237-ae7f-014f2640de5d,tiff,https://data.ngdc.noaa.gov/platforms/ocean/nos/coast/F00001-F02000/F00929/MBAB/F00929_MBAB_2m_S3008_300kHz_1of1.tif
3431f2ad-9a92-4237-ae7f-014f2640de5d,xml,https://data.ngdc.noaa.gov/platforms/ocean/nos/coast/F00001-F02000/F00929/Metadata/F00929_Survey_Metadata.xml
3431f2ad-9a92-4237-ae7f-014f2640de5d,pdf,https://data.ngdc.noaa.gov/platforms/ocean/nos/coast/F00001-F02000/F00929/Metadata/F00929_Survey_Metadata.pdf
3431f2ad-9a92-4237-ae7f-014f2640de5d,json,https://data.ngdc.noaa.gov/platforms/ocean/nos/coast/F00001-F02000/F00929/geojson/F00929_Outline.geojson
3431f2ad-9a92-4237-ae7f-014f2640de5d,pdf,https://data.ngdc.noaa.gov/platforms/ocean/nos/coast/F00001-F02000/F00929/GeoImagePDF/F00929_GeoImage.pdf
3431f2ad-9a92-4237-ae7f-014f2640de5d,text,https://data.ngdc.noaa.gov/platforms/ocean/nos/wkt/S-E905-NRTPX-26_WKT_underkeel_hydroid_1of1.txt
3431f2ad-9a92-4237-ae7f-014f2640de5d,,https://forum.earthdata.nasa.gov/app.php/tag/GCMD%2BKeywords
3431f2ad-9a92-4237-ae7f-014f2640de5d,,https://forum.earthdata.nasa.gov/app.php/tag/GCMD%2BKeywords
3431f2ad-9a92-4237-ae7f-014f2640de5d,,https://forum.earthdata.nasa.gov/app.php/tag/GCMD%2BKeywords
3431f2ad-9a92-4237-ae7f-014f2640de5d,,https://forum.earthdata.nasa.gov/app.php/tag/GCMD%2BKeywords
3431f2ad-9a92-4237-ae7f-014f2640de5d,html,http://www.getty.edu/research/tools/vocabularies/tgn/index.html
70fd941a-0e53-4dfd-b9a7-919d39a6589b,xml,https://www.ngdc.noaa.gov/metadata/published/NOAA/NESDIS/NGDC/MGG/NOS/F00001-F02000/iso/xml/F00911.xml
70fd941a-0e53-4dfd-b9a7-919d39a6589b,xml,https://data.ngdc.noaa.gov/platforms/ocean/nos/coast/F00001-F02000/F00911/Metadata/F00911_Survey_Metadata.xml
70fd941a-0e53-4dfd-b9a7-919d39a6589b,tiff,https://data.ngdc.noaa.gov/platforms/ocean/nos/coast/F00001-F02000/F00911/TIFF/F00911_SSSAB_1m_450kHz_1of2.tiff
70fd941a-0e53-4dfd-b9a7-919d39a6589b,tiff,https://data.ngdc.noaa.gov/platforms/ocean/nos/coast/F00001-F02000/F00911/TIFF/F00911_SSSAB_1m_450kHz_2of2.tiff
70fd941a-0e53-4dfd-b9a7-919d39a6589b,pdf,https://data.ngdc.noaa.gov/platforms/ocean/nos/coast/F00001-F02000/F00911/GeoImagePDF/F00911_GeoImage.pdf
70fd941a-0e53-4dfd-b9a7-919d39a6589b,,https://data.ngdc.noaa.gov/platforms/ocean/nos/coast/F00001-F02000/F00911/BAG/F00911_MB_1m_MLLW_2of2.bag
70fd941a-0e53-4dfd-b9a7-919d39a6589b,,https://data.ngdc.noaa.gov/platforms/ocean/nos/coast/F00001-F02000/F00911/BAG/F00911_MB_1m_MLLW_1of2.bag
70fd941a-0e53-4dfd-b9a7-919d39a6589b,json,https://data.ngdc.noaa.gov/platforms/ocean/nos/coast/F00001-F02000/F00911/geojson/F00911_Outline.geojson
70fd941a-0e53-4dfd-b9a7-919d39a6589b,pdf,https://data.ngdc.noaa.gov/platforms/ocean/nos/coast/F00001-F02000/F00911/Metadata/F00911_Survey_Metadata.pdf
70fd941a-0e53-4dfd-b9a7-919d39a6589b,text,https://data.ngdc.noaa.gov/platforms/ocean/nos/wkt/S-J950-NRTGP-24_WKT_ChartDatum_1of1.txt
70fd941a-0e53-4dfd-b9a7-919d39a6589b,,https://forum.earthdata.nasa.gov/app.php/tag/GCMD%2BKeywords
70fd941a-0e53-4dfd-b9a7-919d39a6589b,,https://forum.earthdata.nasa.gov/app.php/tag/GCMD%2BKeywords
70fd941a-0e53-4dfd-b9a7-919d39a6589b,,https://forum.earthdata.nasa.gov/app.php/tag/GCMD%2BKeywords
70fd941a-0e53-4dfd-b9a7-919d39a6589b,,https://forum.earthdata.nasa.gov/app.php/tag/GCMD%2BKeywords
70fd941a-0e53-4dfd-b9a7-919d39a6589b,html,http://www.getty.edu/research/tools/vocabularies/tgn/index.html
a2c1e249-07cd-4654-b26f-7aea28879ab4,csv,https://data.ny.gov/api/views/5754-yujh/rows.csv?accessType=DOWNLOAD
a2c1e249-07cd-4654-b26f-7aea28879ab4,rdf,https://data.ny.gov/api/views/5754-yujh/rows.rdf?accessType=DOWNLOAD
a2c1e249-07cd-4654-b26f-7aea28879ab4,json,https://data.ny.gov/api/views/5754-yujh/rows.json?accessType=DOWNLOAD
a2c1e249-07cd-4654-b26f-7aea28879ab4,xml,https://data.ny.gov/api/views/5754-yujh/rows.xml?accessType=DOWNLOAD
aa15e505-6170-4ed9-a1bc-48007d587c44,csv,https://data.iowa.gov/api/views/mabh-adit/rows.csv?accessType=DOWNLOAD
aa15e505-6170-4ed9-a1bc-48007d587c44,rdf,https://data.iowa.gov/api/views/mabh-adit/rows.rdf?accessType=DOWNLOAD
aa15e505-6170-4ed9-a1bc-48007d587c44,json,https://data.iowa.gov/api/views/mabh-adit/rows.json?accessType=DOWNLOAD
aa15e505-6170-4ed9-a1bc-48007d587c44,xml,https://data.iowa.gov/api/views/mabh-adit/rows.xml?accessType=DOWNLOAD
73a820b8-56b1-4dc8-a8bf-d9ccc2d6915e,xls,https://pasteur.epa.gov/uploads/10.23719/d-zpd6/SCIENCE%20HUB%20M1224%20PTU%20Low%20Dose%202.xlsx
73a820b8-56b1-4dc8-a8bf-d9ccc2d6915e,xls,https://pasteur.epa.gov/uploads/10.23719/d-zpd6/SCIENCE%20HUB%20M1123%20M1224%20PVH.xlsx
73a820b8-56b1-4dc8-a8bf-d9ccc2d6915e,xls,https://pasteur.epa.gov/uploads/10.23719/d-zpd6/SCIENCE%20HUB%20M1123%20Dev%20PTU%20Parv%200%20%26%203ppm.xlsx
319c7ca5-b04f-4d7b-bd15-ec53c4e03874,kml,https://gbp-blm-egis.hub.arcgis.com/api/download/v1/items/193c7178939e41ecb7e34744e35a1bd3/kml?layers=0
319c7ca5-b04f-4d7b-bd15-ec53c4e03874,zip,https://gbp-blm-egis.hub.arcgis.com/api/download/v1/items/193c7178939e41ecb7e34744e35a1bd3/filegdb?layers=0
319c7ca5-b04f-4d7b-bd15-ec53c4e03874,html,https://gbp-blm-egis.hub.arcgis.com/datasets/BLM-EGIS::blm-id-areas-of-critical-environmental-concern-acec-designated
319c7ca5-b04f-4d7b-bd15-ec53c4e03874,xml,https://gis.blm.gov/idarcgis/rest/services/lands/BLM_ID_Areas_of_Critical_Environmental_Concern_ACEC_Designated/FeatureServer/0/metadata?format=iso19139
319c7ca5-b04f-4d7b-bd15-ec53c4e03874,zip,https://gbp-blm-egis.hub.arcgis.com/api/download/v1/items/193c7178939e41ecb7e34744e35a1bd3/shapefile?layers=0
319c7ca5-b04f-4d7b-bd15-ec53c4e03874,geojson,https://gbp-blm-egis.hub.arcgis.com/api/download/v1/items/193c7178939e41ecb7e34744e35a1bd3/geojson?layers=0
319c7ca5-b04f-4d7b-bd15-ec53c4e03874,arcgis geoservices rest api,https://gis.blm.gov/idarcgis/rest/services/lands/BLM_ID_Areas_of_Critical_Environmental_Concern_ACEC_Designated/FeatureServer/0
319c7ca5-b04f-4d7b-bd15-ec53c4e03874,csv,https://gbp-blm-egis.hub.arcgis.com/api/download/v1/items/193c7178939e41ecb7e34744e35a1bd3/csv?layers=0
36a83d26-493e-478d-935b-4fb81215f057,geojson,https://gbp-blm-egis.hub.arcgis.com/api/download/v1/items/6f90164007c14a238d53275f3da17aac/geojson?layers=0
36a83d26-493e-478d-935b-4fb81215f057,xls,https://gbp-blm-egis.hub.arcgis.com/api/download/v1/items/6f90164007c14a238d53275f3da17aac/excel?layers=0
36a83d26-493e-478d-935b-4fb81215f057,xml,https://blm-egis.maps.arcgis.com/sharing/rest/content/items/6f90164007c14a238d53275f3da17aac/info/metadata/metadata.xml?format=iso19139
36a83d26-493e-478d-935b-4fb81215f057,gdb,https://gbp-blm-egis.hub.arcgis.com/api/download/v1/items/6f90164007c14a238d53275f3da17aac/sqlite?layers=0
36a83d26-493e-478d-935b-4fb81215f057,zip,https://gbp-blm-egis.hub.arcgis.com/api/download/v1/items/6f90164007c14a238d53275f3da17aac/filegdb?layers=0
36a83d26-493e-478d-935b-4fb81215f057,kml,https://gbp-blm-egis.hub.arcgis.com/api/download/v1/items/6f90164007c14a238d53275f3da17aac/kml?layers=0
36a83d26-493e-478d-935b-4fb81215f057,html,https://gbp-blm-egis.hub.arcgis.com/datasets/BLM-EGIS::blm-co-oil-and-gas-lease-sale-q1-march-2026-1
36a83d26-493e-478d-935b-4fb81215f057,zip,https://gbp-blm-egis.hub.arcgis.com/api/download/v1/items/6f90164007c14a238d53275f3da17aac/shapefile?layers=0
36a83d26-493e-478d-935b-4fb81215f057,csv,https://gbp-blm-egis.hub.arcgis.com/api/download/v1/items/6f90164007c14a238d53275f3da17aac/csv?layers=0
36a83d26-493e-478d-935b-4fb81215f057,arcgis geoservices rest api,https://services1.arcgis.com/KbxwQRRfWyEYLgp4/arcgis/rest/services/BLM_CO_Oil_Gas_Lease_Sale_Q1_2026_Sale_Parcels/FeatureServer/0
36a83d26-493e-478d-935b-4fb81215f057,text,https://gbp-blm-egis.hub.arcgis.com/api/download/v1/items/6f90164007c14a238d53275f3da17aac/featureCollection?layers=0
36a83d26-493e-478d-935b-4fb81215f057,zip,https://gbp-blm-egis.hub.arcgis.com/api/download/v1/items/6f90164007c14a238d53275f3da17aac/gpkg?layers=0
8104c1d7-5ac8-400f-ab94-60f76fccc865,csv,https://gbp-blm-egis.hub.arcgis.com/api/download/v1/items/5886eddb85ef455ab041a8e48d5eafd0/csv?layers=0
8104c1d7-5ac8-400f-ab94-60f76fccc865,arcgis geoservices rest api,https://services1.arcgis.com/KbxwQRRfWyEYLgp4/arcgis/rest/services/BLM_CO_Oil_Gas_Lease_Sale_Q3_2026/FeatureServer/0
8104c1d7-5ac8-400f-ab94-60f76fccc865,html,https://gbp-blm-egis.hub.arcgis.com/datasets/BLM-EGIS::blm-co-oil-and-gas-lease-sale-q3-september-2026
8104c1d7-5ac8-400f-ab94-60f76fccc865,zip,https://gbp-blm-egis.hub.arcgis.com/api/download/v1/items/5886eddb85ef455ab041a8e48d5eafd0/gpkg?layers=0
8104c1d7-5ac8-400f-ab94-60f76fccc865,geojson,https://gbp-blm-egis.hub.arcgis.com/api/download/v1/items/5886eddb85ef455ab041a8e48d5eafd0/geojson?layers=0
8104c1d7-5ac8-400f-ab94-60f76fccc865,xml,https://blm-egis.maps.arcgis.com/sharing/rest/content/items/5886eddb85ef455ab041a8e48d5eafd0/info/metadata/metadata.xml?format=iso19139
8104c1d7-5ac8-400f-ab94-60f76fccc865,gdb,https://gbp-blm-egis.hub.arcgis.com/api/download/v1/items/5886eddb85ef455ab041a8e48d5eafd0/sqlite?layers=0
8104c1d7-5ac8-400f-ab94-60f76fccc865,zip,https://gbp-blm-egis.hub.arcgis.com/api/download/v1/items/5886eddb85ef455ab041a8e48d5eafd0/filegdb?layers=0
8104c1d7-5ac8-400f-ab94-60f76fccc865,xls,https://gbp-blm-egis.hub.arcgis.com/api/download/v1/items/5886eddb85ef455ab041a8e48d5eafd0/excel?layers=0
8104c1d7-5ac8-400f-ab94-60f76fccc865,text,https://gbp-blm-egis.hub.arcgis.com/api/download/v1/items/5886eddb85ef455ab041a8e48d5eafd0/featureCollection?layers=0
8104c1d7-5ac8-400f-ab94-60f76fccc865,zip,https://gbp-blm-egis.hub.arcgis.com/api/download/v1/items/5886eddb85ef455ab041a8e48d5eafd0/shapefile?layers=0
8104c1d7-5ac8-400f-ab94-60f76fccc865,kml,https://gbp-blm-egis.hub.arcgis.com/api/download/v1/items/5886eddb85ef455ab041a8e48d5eafd0/kml?layers=0
7c4d2bcb-363b-4d39-adb6-c9e0767898c5,xml,https://www.arcgis.com/sharing/rest/content/items/62d09b7380754f2f8f1f76a0d3067c25/info/metadata/metadata.xml?format=iso19139
7c4d2bcb-363b-4d39-adb6-c9e0767898c5,html,https://data-usfs.hub.arcgis.com/datasets/usfs::us-forest-atlas-fia-modeled-abundance-image-service
7c4d2bcb-363b-4d39-adb6-c9e0767898c5,arcgis geoservices rest api,https://imagery.geoplatform.gov/iipp/rest/services/Vegetation/USFS_EDW_FIA_ForestAtlas_TreeSpecies_107/ImageServer
1d54f71c-65d7-4cfc-9ff6-be29091f5e8f,xml,https://www.arcgis.com/sharing/rest/content/items/5bc8d7902d1841849ba130ec4041192f/info/metadata/metadata.xml?format=iso19139
1d54f71c-65d7-4cfc-9ff6-be29091f5e8f,html,https://data-usfs.hub.arcgis.com/datasets/usfs::us-forest-atlas-fia-forest-type-groups-image-service
1d54f71c-65d7-4cfc-9ff6-be29091f5e8f,arcgis geoservices rest api,https://imagery.geoplatform.gov/iipp/rest/services/Vegetation/USFS_EDW_FIA_ForestAtlas_TreeSpecies_109/ImageServer
e76635d2-02fa-46c3-8075-69b4fe02aeb4,xml,https://www.arcgis.com/sharing/rest/content/items/42318360cea941b3b26a353ae77f6581/info/metadata/metadata.xml?format=iso19139
e76635d2-02fa-46c3-8075-69b4fe02aeb4,html,https://data-usfs.hub.arcgis.com/datasets/usfs::us-forest-atlas-fia-forest-type-groups-all-alaska-image-service
e76635d2-02fa-46c3-8075-69b4fe02aeb4,arcgis geoservices rest api,https://imagery.geoplatform.gov/iipp/rest/services/Vegetation/USFS_EDW_FIA_ForestAtlas_ForestTypeGroups_109_AK/ImageServer
2681c7ad-821f-4ca0-9d53-007e0c646c4f,xml,https://www.arcgis.com/sharing/rest/content/items/e245632d51704d2b9d2a59844896f063/info/metadata/metadata.xml?format=iso19139
2681c7ad-821f-4ca0-9d53-007e0c646c4f,html,https://data-usfs.hub.arcgis.com/datasets/usfs::us-forest-atlas-fia-forest-ownership-image-service
2681c7ad-821f-4ca0-9d53-007e0c646c4f,arcgis geoservices rest api,https://imagery.geoplatform.gov/iipp/rest/services/Vegetation/USFS_EDW_FIA_ForestAtlas_ForestOwnership_501/ImageServer
0cdacec7-e82b-4b08-a528-2ae486bdb0b8,xml,https://www.arcgis.com/sharing/rest/content/items/30ec7897e25b427f9785659abacbd4a2/info/metadata/metadata.xml?format=iso19139
0cdacec7-e82b-4b08-a528-2ae486bdb0b8,html,https://data-usfs.hub.arcgis.com/datasets/usfs::us-forest-atlas-fia-forest-type-groups-all-conus-image-service
0cdacec7-e82b-4b08-a528-2ae486bdb0b8,arcgis geoservices rest api,https://imagery.geoplatform.gov/iipp/rest/services/Vegetation/USFS_EDW_FIA_ForestAtlas_ForestTypeGroups_109_CONUS/ImageServer
f5503826-8a78-4d83-9867-722dc0e1abf4,xml,https://www.arcgis.com/sharing/rest/content/items/c6044e6e38264904aa3dba386aa16846/info/metadata/metadata.xml?format=iso19139
f5503826-8a78-4d83-9867-722dc0e1abf4,html,https://data-usfs.hub.arcgis.com/datasets/usfs::us-forest-atlas-fia-forest-type-groups-hardwoods-image-service
f5503826-8a78-4d83-9867-722dc0e1abf4,arcgis geoservices rest api,https://imagery.geoplatform.gov/iipp/rest/services/Vegetation/USFS_EDW_FIA_ForestAtlas_Hardwoods_109/ImageServer
dfae8269-b3a3-48e1-b9f6-62dfc231704b,xml,https://www.arcgis.com/sharing/rest/content/items/bc9fe510c2d048df976ea121a4cd84a3/info/metadata/metadata.xml?format=iso19139
dfae8269-b3a3-48e1-b9f6-62dfc231704b,html,https://data-usfs.hub.arcgis.com/datasets/usfs::ecosys-ecomapdomains-2025
dfae8269-b3a3-48e1-b9f6-62dfc231704b,arcgis geoservices rest api,https://apps.fs.usda.gov/arcx/rest/services/EDW/EDW_Ecomap2025_01/MapServer/0
dfae8269-b3a3-48e1-b9f6-62dfc231704b,csv,https://data-usfs.hub.arcgis.com/api/download/v1/items/bc9fe510c2d048df976ea121a4cd84a3/csv?layers=0
dfae8269-b3a3-48e1-b9f6-62dfc231704b,zip,https://data-usfs.hub.arcgis.com/api/download/v1/items/bc9fe510c2d048df976ea121a4cd84a3/shapefile?layers=0
dfae8269-b3a3-48e1-b9f6-62dfc231704b,geojson,https://data-usfs.hub.arcgis.com/api/download/v1/items/bc9fe510c2d048df976ea121a4cd84a3/geojson?layers=0
dfae8269-b3a3-48e1-b9f6-62dfc231704b,kml,https://data-usfs.hub.arcgis.com/api/download/v1/items/bc9fe510c2d048df976ea121a4cd84a3/kml?layers=0
806d3005-6bae-478f-8c41-8e1aa0a61ac8,xml,https://www.arcgis.com/sharing/rest/content/items/f8f3202ced054a6f8bd80b853dd53832/info/metadata/metadata.xml?format=iso19139
806d3005-6bae-478f-8c41-8e1aa0a61ac8,html,https://data-usfs.hub.arcgis.com/datasets/usfs::ecosys-ecomapsubsections-2025
806d3005-6bae-478f-8c41-8e1aa0a61ac8,arcgis geoservices rest api,https://apps.fs.usda.gov/arcx/rest/services/EDW/EDW_Ecomap2025_01/MapServer/4
806d3005-6bae-478f-8c41-8e1aa0a61ac8,csv,https://data-usfs.hub.arcgis.com/api/download/v1/items/f8f3202ced054a6f8bd80b853dd53832/csv?layers=4
806d3005-6bae-478f-8c41-8e1aa0a61ac8,zip,https://data-usfs.hub.arcgis.com/api/download/v1/items/f8f3202ced054a6f8bd80b853dd53832/shapefile?layers=4
806d3005-6bae-478f-8c41-8e1aa0a61ac8,geojson,https://data-usfs.hub.arcgis.com/api/download/v1/items/f8f3202ced054a6f8bd80b853dd53832/geojson?layers=4
806d3005-6bae-478f-8c41-8e1aa0a61ac8,kml,https://data-usfs.hub.arcgis.com/api/download/v1/items/f8f3202ced054a6f8bd80b853dd53832/kml?layers=4
71ade980-0fed-4edc-a3ce-ec80410710aa,xml,https://www.arcgis.com/sharing/rest/content/items/50edb69f438b4ee5afa894758c88d18f/info/metadata/metadata.xml?format=iso19139
71ade980-0fed-4edc-a3ce-ec80410710aa,html,https://data-usfs.hub.arcgis.com/datasets/usfs::ecosys-ecomapsections-2025
71ade980-0fed-4edc-a3ce-ec80410710aa,arcgis geoservices rest api,https://apps.fs.usda.gov/arcx/rest/services/EDW/EDW_Ecomap2025_01/MapServer/3
71ade980-0fed-4edc-a3ce-ec80410710aa,csv,https://data-usfs.hub.arcgis.com/api/download/v1/items/50edb69f438b4ee5afa894758c88d18f/csv?layers=3
71ade980-0fed-4edc-a3ce-ec80410710aa,zip,https://data-usfs.hub.arcgis.com/api/download/v1/items/50edb69f438b4ee5afa894758c88d18f/shapefile?layers=3
71ade980-0fed-4edc-a3ce-ec80410710aa,geojson,https://data-usfs.hub.arcgis.com/api/download/v1/items/50edb69f438b4ee5afa894758c88d18f/geojson?layers=3
71ade980-0fed-4edc-a3ce-ec80410710aa,kml,https://data-usfs.hub.arcgis.com/api/download/v1/items/50edb69f438b4ee5afa894758c88d18f/kml?layers=3
c8ce8a12-c9c9-451a-9e20-5aef339443d2,xml,https://www.arcgis.com/sharing/rest/content/items/399aca0e04414c4389d4a57aae3544bf/info/metadata/metadata.xml?format=iso19139
c8ce8a12-c9c9-451a-9e20-5aef339443d2,html,https://data-usfs.hub.arcgis.com/datasets/usfs::ecosys-ecomapdivisions-2025
c8ce8a12-c9c9-451a-9e20-5aef339443d2,arcgis geoservices rest api,https://apps.fs.usda.gov/arcx/rest/services/EDW/EDW_Ecomap2025_01/MapServer/1
c8ce8a12-c9c9-451a-9e20-5aef339443d2,csv,https://data-usfs.hub.arcgis.com/api/download/v1/items/399aca0e04414c4389d4a57aae3544bf/csv?layers=1
c8ce8a12-c9c9-451a-9e20-5aef339443d2,zip,https://data-usfs.hub.arcgis.com/api/download/v1/items/399aca0e04414c4389d4a57aae3544bf/shapefile?layers=1
c8ce8a12-c9c9-451a-9e20-5aef339443d2,geojson,https://data-usfs.hub.arcgis.com/api/download/v1/items/399aca0e04414c4389d4a57aae3544bf/geojson?layers=1
c8ce8a12-c9c9-451a-9e20-5aef339443d2,kml,https://data-usfs.hub.arcgis.com/api/download/v1/items/399aca0e04414c4389d4a57aae3544bf/kml?layers=1
ca6e8fba-f47f-4493-8f38-73e3e73ce0d4,xml,https://www.arcgis.com/sharing/rest/content/items/50f38db2453c4aff9438aa2a204d9dc7/info/metadata/metadata.xml?format=iso19139
ca6e8fba-f47f-4493-8f38-73e3e73ce0d4,html,https://data-usfs.hub.arcgis.com/datasets/usfs::ecosys-ecomapprovinces-2025
ca6e8fba-f47f-4493-8f38-73e3e73ce0d4,arcgis geoservices rest api,https://apps.fs.usda.gov/arcx/rest/services/EDW/EDW_Ecomap2025_01/MapServer/2
ca6e8fba-f47f-4493-8f38-73e3e73ce0d4,csv,https://data-usfs.hub.arcgis.com/api/download/v1/items/50f38db2453c4aff9438aa2a204d9dc7/csv?layers=2
ca6e8fba-f47f-4493-8f38-73e3e73ce0d4,zip,https://data-usfs.hub.arcgis.com/api/download/v1/items/50f38db2453c4aff9438aa2a204d9dc7/shapefile?layers=2
ca6e8fba-f47f-4493-8f38-73e3e73ce0d4,geojson,https://data-usfs.hub.arcgis.com/api/download/v1/items/50f38db2453c4aff9438aa2a204d9dc7/geojson?layers=2
ca6e8fba-f47f-4493-8f38-73e3e73ce0d4,kml,https://data-usfs.hub.arcgis.com/api/download/v1/items/50f38db2453c4aff9438aa2a204d9dc7/kml?layers=2
964a3cd1-c1c7-40a6-be24-fa099d703f5d,xml,https://www.arcgis.com/sharing/rest/content/items/f999a7b188fe472f913fcf05fda98d6b/info/metadata/metadata.xml?format=iso19139
964a3cd1-c1c7-40a6-be24-fa099d703f5d,html,https://data-usfs.hub.arcgis.com/datasets/usfs::us-forest-atlas-fia-forest-type-groups-softwoods-image-service
964a3cd1-c1c7-40a6-be24-fa099d703f5d,arcgis geoservices rest api,https://imagery.geoplatform.gov/iipp/rest/services/Vegetation/USFS_EDW_FIA_ForestAtlas_Softwoods_109/ImageServer
9125d796-03f6-4fa6-a6c3-1872f7a0ae81,csv,https://ndownloader.figshare.com/files/61703962
9125d796-03f6-4fa6-a6c3-1872f7a0ae81,csv,https://ndownloader.figshare.com/files/61703965
9125d796-03f6-4fa6-a6c3-1872f7a0ae81,csv,https://ndownloader.figshare.com/files/61703968
9125d796-03f6-4fa6-a6c3-1872f7a0ae81,xls,https://ndownloader.figshare.com/files/61703971
f2baf3fc-3acd-46d4-b631-70d3144d2fd8,xls,https://ndownloader.figshare.com/files/61045603
f2baf3fc-3acd-46d4-b631-70d3144d2fd8,xls,https://ndownloader.figshare.com/files/61045606
f2baf3fc-3acd-46d4-b631-70d3144d2fd8,csv,https://ndownloader.figshare.com/files/61045867
f2baf3fc-3acd-46d4-b631-70d3144d2fd8,xml,https://geodata.nal.usda.gov/geonetwork/srv/api/records/7dc435cd-c837-47ba-b766-61db3cb133a0/formatters/xml
b6527b36-9838-477e-9d08-f675c0cff0e0,text,https://ndownloader.figshare.com/files/61820482
b6527b36-9838-477e-9d08-f675c0cff0e0,text,https://ndownloader.figshare.com/files/61820485
b6527b36-9838-477e-9d08-f675c0cff0e0,csv,https://ndownloader.figshare.com/files/61820488
b6527b36-9838-477e-9d08-f675c0cff0e0,text,https://ndownloader.figshare.com/files/61820494
b6527b36-9838-477e-9d08-f675c0cff0e0,text,https://ndownloader.figshare.com/files/61820497
b6527b36-9838-477e-9d08-f675c0cff0e0,csv,https://ndownloader.figshare.com/files/61820500
b6527b36-9838-477e-9d08-f675c0cff0e0,csv,https://ndownloader.figshare.com/files/61820503
b6527b36-9838-477e-9d08-f675c0cff0e0,csv,https://ndownloader.figshare.com/files/61820605
4e046518-e541-401a-ae67-82e659f69ee6,rich text,https://ndownloader.figshare.com/files/60569168
4e046518-e541-401a-ae67-82e659f69ee6,text,https://ndownloader.figshare.com/files/60569171
4e046518-e541-401a-ae67-82e659f69ee6,text,https://ndownloader.figshare.com/files/60569174
4e046518-e541-401a-ae67-82e659f69ee6,text,https://ndownloader.figshare.com/files/60569177
4e046518-e541-401a-ae67-82e659f69ee6,text,https://ndownloader.figshare.com/files/60569180
4e046518-e541-401a-ae67-82e659f69ee6,text,https://ndownloader.figshare.com/files/60569183
4e046518-e541-401a-ae67-82e659f69ee6,text,https://ndownloader.figshare.com/files/60569186
4e046518-e541-401a-ae67-82e659f69ee6,xml,https://geodata.nal.usda.gov/geonetwork/srv/api/records/5659a2dd-c231-4db4-a4ac-068ae389b2e6/formatters/xml
ffd87756-86b0-421d-b6a7-3c4e03f9cb1f,xls,https://ndownloader.figshare.com/files/61710586
ffd87756-86b0-421d-b6a7-3c4e03f9cb1f,xls,https://ndownloader.figshare.com/files/61710589
ffd87756-86b0-421d-b6a7-3c4e03f9cb1f,xls,https://ndownloader.figshare.com/files/61710592
ffd87756-86b0-421d-b6a7-3c4e03f9cb1f,csv,https://ndownloader.figshare.com/files/61710595
ffd87756-86b0-421d-b6a7-3c4e03f9cb1f,csv,https://ndownloader.figshare.com/files/61710598
ffd87756-86b0-421d-b6a7-3c4e03f9cb1f,csv,https://ndownloader.figshare.com/files/61710601
ffd87756-86b0-421d-b6a7-3c4e03f9cb1f,csv,https://ndownloader.figshare.com/files/61710604
4c2c8a88-6df8-45e9-b440-e0d31794bc55,csv,https://ndownloader.figshare.com/files/61674142
4c2c8a88-6df8-45e9-b440-e0d31794bc55,csv,https://ndownloader.figshare.com/files/61674145
4c2c8a88-6df8-45e9-b440-e0d31794bc55,csv,https://ndownloader.figshare.com/files/61674148
4c2c8a88-6df8-45e9-b440-e0d31794bc55,csv,https://ndownloader.figshare.com/files/61674151
4c2c8a88-6df8-45e9-b440-e0d31794bc55,xml,https://geodata.nal.usda.gov/geonetwork/srv/api/records/de93dba9-4e90-49cf-95ec-b1ee4ccfed83/formatters/xml
8db1c7f8-15f0-4ce5-9151-9d186f054978,text,https://ndownloader.figshare.com/files/53983406
8db1c7f8-15f0-4ce5-9151-9d186f054978,text,https://ndownloader.figshare.com/files/53983403
219c9567-e448-47ef-96a6-84da1d133457,r,https://ndownloader.figshare.com/files/60425456
219c9567-e448-47ef-96a6-84da1d133457,r,https://ndownloader.figshare.com/files/60425453
219c9567-e448-47ef-96a6-84da1d133457,r,https://ndownloader.figshare.com/files/60425459
219c9567-e448-47ef-96a6-84da1d133457,r,https://ndownloader.figshare.com/files/60425462
219c9567-e448-47ef-96a6-84da1d133457,r,https://ndownloader.figshare.com/files/60425465
219c9567-e448-47ef-96a6-84da1d133457,r,https://ndownloader.figshare.com/files/60425468
219c9567-e448-47ef-96a6-84da1d133457,text,https://ndownloader.figshare.com/files/60515012
a726b559-aad2-4312-a6e2-10231df66068,csv,https://ndownloader.figshare.com/files/49226053
a726b559-aad2-4312-a6e2-10231df66068,csv,https://ndownloader.figshare.com/files/49226056
5a5c4dd1-d00c-458e-9381-dd8f16ee78ad,xls,https://ndownloader.figshare.com/files/61586125
9fa03897-4762-48cc-a2eb-3b08c2469894,csv,https://ndownloader.figshare.com/files/61369705
9fa03897-4762-48cc-a2eb-3b08c2469894,csv,https://ndownloader.figshare.com/files/61369708
9fa03897-4762-48cc-a2eb-3b08c2469894,csv,https://ndownloader.figshare.com/files/61369714
9fa03897-4762-48cc-a2eb-3b08c2469894,csv,https://ndownloader.figshare.com/files/61369717
9fa03897-4762-48cc-a2eb-3b08c2469894,csv,https://ndownloader.figshare.com/files/61370059
6634953d-95dd-4ebf-94fa-90b20bc1a7fb,xls,https://ndownloader.figshare.com/files/57981973
6634953d-95dd-4ebf-94fa-90b20bc1a7fb,xls,https://ndownloader.figshare.com/files/59738132
5061d359-8fae-43a6-aba9-42af631f0e66,text,https://ndownloader.figshare.com/files/62174720
5061d359-8fae-43a6-aba9-42af631f0e66,csv,https://ndownloader.figshare.com/files/62174723
5061d359-8fae-43a6-aba9-42af631f0e66,csv,https://ndownloader.figshare.com/files/62174726
5061d359-8fae-43a6-aba9-42af631f0e66,csv,https://ndownloader.figshare.com/files/62174729
5061d359-8fae-43a6-aba9-42af631f0e66,csv,https://ndownloader.figshare.com/files/62174732
5061d359-8fae-43a6-aba9-42af631f0e66,csv,https://ndownloader.figshare.com/files/62174735
5061d359-8fae-43a6-aba9-42af631f0e66,xls,https://ndownloader.figshare.com/files/62174738
5061d359-8fae-43a6-aba9-42af631f0e66,csv,https://ndownloader.figshare.com/files/62174741
5061d359-8fae-43a6-aba9-42af631f0e66,csv,https://ndownloader.figshare.com/files/62174744
5061d359-8fae-43a6-aba9-42af631f0e66,csv,https://ndownloader.figshare.com/files/62174747
5061d359-8fae-43a6-aba9-42af631f0e66,csv,https://ndownloader.figshare.com/files/62174750
5061d359-8fae-43a6-aba9-42af631f0e66,csv,https://ndownloader.figshare.com/files/62174753
fd2fecbb-5595-4315-b45b-9a206319920b,html,https://doi.org/10.5061/dryad.wh70rxwzv
34f3f6b1-731a-47fa-bc63-ac2f0e8aeb05,sh,https://ndownloader.figshare.com/files/61409974
34f3f6b1-731a-47fa-bc63-ac2f0e8aeb05,sh,https://ndownloader.figshare.com/files/61409977
34f3f6b1-731a-47fa-bc63-ac2f0e8aeb05,sh,https://ndownloader.figshare.com/files/61409980
34f3f6b1-731a-47fa-bc63-ac2f0e8aeb05,sh,https://ndownloader.figshare.com/files/61409983
34f3f6b1-731a-47fa-bc63-ac2f0e8aeb05,sh,https://ndownloader.figshare.com/files/61409986
34f3f6b1-731a-47fa-bc63-ac2f0e8aeb05,sh,https://ndownloader.figshare.com/files/61409989
34f3f6b1-731a-47fa-bc63-ac2f0e8aeb05,sh,https://ndownloader.figshare.com/files/61409995
34f3f6b1-731a-47fa-bc63-ac2f0e8aeb05,gff,https://ndownloader.figshare.com/files/61409998
34f3f6b1-731a-47fa-bc63-ac2f0e8aeb05,gff,https://ndownloader.figshare.com/files/61410001
34f3f6b1-731a-47fa-bc63-ac2f0e8aeb05,phy,https://ndownloader.figshare.com/files/61482874
770fa056-1f7b-480e-baa2-d9c46dad5020,csv,https://ndownloader.figshare.com/files/60422996
6b5a100c-04cb-448a-bb6c-7c34552cae0c,zip,https://ndownloader.figshare.com/files/61646596
f4d03a8e-ad8d-490b-ba56-3ecad5359ab6,pod5,https://ndownloader.figshare.com/files/61707466
f4d03a8e-ad8d-490b-ba56-3ecad5359ab6,pod5,https://ndownloader.figshare.com/files/61707523
f4d03a8e-ad8d-490b-ba56-3ecad5359ab6,pod5,https://ndownloader.figshare.com/files/61707526
f4d03a8e-ad8d-490b-ba56-3ecad5359ab6,pod5,https://ndownloader.figshare.com/files/61707529
f4d03a8e-ad8d-490b-ba56-3ecad5359ab6,pod5,https://ndownloader.figshare.com/files/61707532
f4d03a8e-ad8d-490b-ba56-3ecad5359ab6,pod5,https://ndownloader.figshare.com/files/61707535
f4d03a8e-ad8d-490b-ba56-3ecad5359ab6,pod5,https://ndownloader.figshare.com/files/61707538
f4d03a8e-ad8d-490b-ba56-3ecad5359ab6,pod5,https://ndownloader.figshare.com/files/61707541
f4d03a8e-ad8d-490b-ba56-3ecad5359ab6,pod5,https://ndownloader.figshare.com/files/61707544
f4d03a8e-ad8d-490b-ba56-3ecad5359ab6,pod5,https://ndownloader.figshare.com/files/61707547
f4d03a8e-ad8d-490b-ba56-3ecad5359ab6,pod5,https://ndownloader.figshare.com/files/61707550
f4d03a8e-ad8d-490b-ba56-3ecad5359ab6,pod5,https://ndownloader.figshare.com/files/61707553
f4d03a8e-ad8d-490b-ba56-3ecad5359ab6,pod5,https://ndownloader.figshare.com/files/61707556
f4d03a8e-ad8d-490b-ba56-3ecad5359ab6,pod5,https://ndownloader.figshare.com/files/61707559
f4d03a8e-ad8d-490b-ba56-3ecad5359ab6,pod5,https://ndownloader.figshare.com/files/61707562
f4d03a8e-ad8d-490b-ba56-3ecad5359ab6,pod5,https://ndownloader.figshare.com/files/61707565
f4d03a8e-ad8d-490b-ba56-3ecad5359ab6,pod5,https://ndownloader.figshare.com/files/61707568
f4d03a8e-ad8d-490b-ba56-3ecad5359ab6,pod5,https://ndownloader.figshare.com/files/61707571
f4d03a8e-ad8d-490b-ba56-3ecad5359ab6,pod5,https://ndownloader.figshare.com/files/61707577
f4d03a8e-ad8d-490b-ba56-3ecad5359ab6,pod5,https://ndownloader.figshare.com/files/61707574
f4d03a8e-ad8d-490b-ba56-3ecad5359ab6,pod5,https://ndownloader.figshare.com/files/61707580
f4d03a8e-ad8d-490b-ba56-3ecad5359ab6,pod5,https://ndownloader.figshare.com/files/61707583
f4d03a8e-ad8d-490b-ba56-3ecad5359ab6,pod5,https://ndownloader.figshare.com/files/61707586
f4d03a8e-ad8d-490b-ba56-3ecad5359ab6,pod5,https://ndownloader.figshare.com/files/61707589
f4d03a8e-ad8d-490b-ba56-3ecad5359ab6,pod5,https://ndownloader.figshare.com/files/61707592
f4d03a8e-ad8d-490b-ba56-3ecad5359ab6,pod5,https://ndownloader.figshare.com/files/61707595
f4d03a8e-ad8d-490b-ba56-3ecad5359ab6,pod5,https://ndownloader.figshare.com/files/61707598
f4d03a8e-ad8d-490b-ba56-3ecad5359ab6,pod5,https://ndownloader.figshare.com/files/61707601
f4d03a8e-ad8d-490b-ba56-3ecad5359ab6,pod5,https://ndownloader.figshare.com/files/61707604
f4d03a8e-ad8d-490b-ba56-3ecad5359ab6,pod5,https://ndownloader.figshare.com/files/61707607
f4d03a8e-ad8d-490b-ba56-3ecad5359ab6,pod5,https://ndownloader.figshare.com/files/61707610
f4d03a8e-ad8d-490b-ba56-3ecad5359ab6,pod5,https://ndownloader.figshare.com/files/61707613
f4d03a8e-ad8d-490b-ba56-3ecad5359ab6,pod5,https://ndownloader.figshare.com/files/61707616
f4d03a8e-ad8d-490b-ba56-3ecad5359ab6,pod5,https://ndownloader.figshare.com/files/61707619
f4d03a8e-ad8d-490b-ba56-3ecad5359ab6,pod5,https://ndownloader.figshare.com/files/61707664
f4d03a8e-ad8d-490b-ba56-3ecad5359ab6,pod5,https://ndownloader.figshare.com/files/61707667
f4d03a8e-ad8d-490b-ba56-3ecad5359ab6,pod5,https://ndownloader.figshare.com/files/61707670
f4d03a8e-ad8d-490b-ba56-3ecad5359ab6,pod5,https://ndownloader.figshare.com/files/61707673
f4d03a8e-ad8d-490b-ba56-3ecad5359ab6,pod5,https://ndownloader.figshare.com/files/61707676
f4d03a8e-ad8d-490b-ba56-3ecad5359ab6,pod5,https://ndownloader.figshare.com/files/61707679
f4d03a8e-ad8d-490b-ba56-3ecad5359ab6,pod5,https://ndownloader.figshare.com/files/61707682
f4d03a8e-ad8d-490b-ba56-3ecad5359ab6,pod5,https://ndownloader.figshare.com/files/61707685
f4d03a8e-ad8d-490b-ba56-3ecad5359ab6,pod5,https://ndownloader.figshare.com/files/61707688
f4d03a8e-ad8d-490b-ba56-3ecad5359ab6,pod5,https://ndownloader.figshare.com/files/61707691
f4d03a8e-ad8d-490b-ba56-3ecad5359ab6,pod5,https://ndownloader.figshare.com/files/61707694
f4d03a8e-ad8d-490b-ba56-3ecad5359ab6,pod5,https://ndownloader.figshare.com/files/61707697
f4d03a8e-ad8d-490b-ba56-3ecad5359ab6,pod5,https://ndownloader.figshare.com/files/61707700
f4d03a8e-ad8d-490b-ba56-3ecad5359ab6,pod5,https://ndownloader.figshare.com/files/61707703
f4d03a8e-ad8d-490b-ba56-3ecad5359ab6,pod5,https://ndownloader.figshare.com/files/61707706
f4d03a8e-ad8d-490b-ba56-3ecad5359ab6,pod5,https://ndownloader.figshare.com/files/61707709
f4d03a8e-ad8d-490b-ba56-3ecad5359ab6,pod5,https://ndownloader.figshare.com/files/61707712
f4d03a8e-ad8d-490b-ba56-3ecad5359ab6,pod5,https://ndownloader.figshare.com/files/61707715
f4d03a8e-ad8d-490b-ba56-3ecad5359ab6,pod5,https://ndownloader.figshare.com/files/61707718
f4d03a8e-ad8d-490b-ba56-3ecad5359ab6,pod5,https://ndownloader.figshare.com/files/61707721
f4d03a8e-ad8d-490b-ba56-3ecad5359ab6,pod5,https://ndownloader.figshare.com/files/61707724
f4d03a8e-ad8d-490b-ba56-3ecad5359ab6,pod5,https://ndownloader.figshare.com/files/61707727
f4d03a8e-ad8d-490b-ba56-3ecad5359ab6,pod5,https://ndownloader.figshare.com/files/61707730
f4d03a8e-ad8d-490b-ba56-3ecad5359ab6,pod5,https://ndownloader.figshare.com/files/61707733
f4d03a8e-ad8d-490b-ba56-3ecad5359ab6,pod5,https://ndownloader.figshare.com/files/61707736
f4d03a8e-ad8d-490b-ba56-3ecad5359ab6,pod5,https://ndownloader.figshare.com/files/61707739
f4d03a8e-ad8d-490b-ba56-3ecad5359ab6,pod5,https://ndownloader.figshare.com/files/61707742
f4d03a8e-ad8d-490b-ba56-3ecad5359ab6,pod5,https://ndownloader.figshare.com/files/61707745
f4d03a8e-ad8d-490b-ba56-3ecad5359ab6,pod5,https://ndownloader.figshare.com/files/61707748
f4d03a8e-ad8d-490b-ba56-3ecad5359ab6,pod5,https://ndownloader.figshare.com/files/61707754
f4d03a8e-ad8d-490b-ba56-3ecad5359ab6,pod5,https://ndownloader.figshare.com/files/61707751
f4d03a8e-ad8d-490b-ba56-3ecad5359ab6,pod5,https://ndownloader.figshare.com/files/61707757
f4d03a8e-ad8d-490b-ba56-3ecad5359ab6,pod5,https://ndownloader.figshare.com/files/61707760
f4d03a8e-ad8d-490b-ba56-3ecad5359ab6,pod5,https://ndownloader.figshare.com/files/61707763
f4d03a8e-ad8d-490b-ba56-3ecad5359ab6,pod5,https://ndownloader.figshare.com/files/61707766
f4d03a8e-ad8d-490b-ba56-3ecad5359ab6,pod5,https://ndownloader.figshare.com/files/61707769
f4d03a8e-ad8d-490b-ba56-3ecad5359ab6,pod5,https://ndownloader.figshare.com/files/61707772
f4d03a8e-ad8d-490b-ba56-3ecad5359ab6,pod5,https://ndownloader.figshare.com/files/61707775
f4d03a8e-ad8d-490b-ba56-3ecad5359ab6,pod5,https://ndownloader.figshare.com/files/61707778
f4d03a8e-ad8d-490b-ba56-3ecad5359ab6,pod5,https://ndownloader.figshare.com/files/61707781
f4d03a8e-ad8d-490b-ba56-3ecad5359ab6,pod5,https://ndownloader.figshare.com/files/61707784
f4d03a8e-ad8d-490b-ba56-3ecad5359ab6,pod5,https://ndownloader.figshare.com/files/61707787
f4d03a8e-ad8d-490b-ba56-3ecad5359ab6,pod5,https://ndownloader.figshare.com/files/61707790
f4d03a8e-ad8d-490b-ba56-3ecad5359ab6,pod5,https://ndownloader.figshare.com/files/61707793
f4d03a8e-ad8d-490b-ba56-3ecad5359ab6,pod5,https://ndownloader.figshare.com/files/61707796
f4d03a8e-ad8d-490b-ba56-3ecad5359ab6,pod5,https://ndownloader.figshare.com/files/61707799
f4d03a8e-ad8d-490b-ba56-3ecad5359ab6,pod5,https://ndownloader.figshare.com/files/61707802
f4d03a8e-ad8d-490b-ba56-3ecad5359ab6,pod5,https://ndownloader.figshare.com/files/61707805
f4d03a8e-ad8d-490b-ba56-3ecad5359ab6,pod5,https://ndownloader.figshare.com/files/61707808
f4d03a8e-ad8d-490b-ba56-3ecad5359ab6,pod5,https://ndownloader.figshare.com/files/61707811
f4d03a8e-ad8d-490b-ba56-3ecad5359ab6,pod5,https://ndownloader.figshare.com/files/61707814
f4d03a8e-ad8d-490b-ba56-3ecad5359ab6,pod5,https://ndownloader.figshare.com/files/61707817
f4d03a8e-ad8d-490b-ba56-3ecad5359ab6,pod5,https://ndownloader.figshare.com/files/61707820
f4d03a8e-ad8d-490b-ba56-3ecad5359ab6,pod5,https://ndownloader.figshare.com/files/61707823
f4d03a8e-ad8d-490b-ba56-3ecad5359ab6,pod5,https://ndownloader.figshare.com/files/61707826
f4d03a8e-ad8d-490b-ba56-3ecad5359ab6,pod5,https://ndownloader.figshare.com/files/61707829
f4d03a8e-ad8d-490b-ba56-3ecad5359ab6,pod5,https://ndownloader.figshare.com/files/61707832
f4d03a8e-ad8d-490b-ba56-3ecad5359ab6,pod5,https://ndownloader.figshare.com/files/61707835
f4d03a8e-ad8d-490b-ba56-3ecad5359ab6,pod5,https://ndownloader.figshare.com/files/61707838
f4d03a8e-ad8d-490b-ba56-3ecad5359ab6,pod5,https://ndownloader.figshare.com/files/61707841
f4d03a8e-ad8d-490b-ba56-3ecad5359ab6,pod5,https://ndownloader.figshare.com/files/61707844
f4d03a8e-ad8d-490b-ba56-3ecad5359ab6,pod5,https://ndownloader.figshare.com/files/61707847
f4d03a8e-ad8d-490b-ba56-3ecad5359ab6,pod5,https://ndownloader.figshare.com/files/61707850
f4d03a8e-ad8d-490b-ba56-3ecad5359ab6,pod5,https://ndownloader.figshare.com/files/61707853
f4d03a8e-ad8d-490b-ba56-3ecad5359ab6,pod5,https://ndownloader.figshare.com/files/61707856
f4d03a8e-ad8d-490b-ba56-3ecad5359ab6,pod5,https://ndownloader.figshare.com/files/61707859
f4d03a8e-ad8d-490b-ba56-3ecad5359ab6,pod5,https://ndownloader.figshare.com/files/61707862
f4d03a8e-ad8d-490b-ba56-3ecad5359ab6,pod5,https://ndownloader.figshare.com/files/61707865
f4d03a8e-ad8d-490b-ba56-3ecad5359ab6,pod5,https://ndownloader.figshare.com/files/61707868
f4d03a8e-ad8d-490b-ba56-3ecad5359ab6,pod5,https://ndownloader.figshare.com/files/61707955
f4d03a8e-ad8d-490b-ba56-3ecad5359ab6,pod5,https://ndownloader.figshare.com/files/61707958
f4d03a8e-ad8d-490b-ba56-3ecad5359ab6,pod5,https://ndownloader.figshare.com/files/61707961
f4d03a8e-ad8d-490b-ba56-3ecad5359ab6,pod5,https://ndownloader.figshare.com/files/61707964
f4d03a8e-ad8d-490b-ba56-3ecad5359ab6,pod5,https://ndownloader.figshare.com/files/61707967
f4d03a8e-ad8d-490b-ba56-3ecad5359ab6,pod5,https://ndownloader.figshare.com/files/61707970
f4d03a8e-ad8d-490b-ba56-3ecad5359ab6,pod5,https://ndownloader.figshare.com/files/61707973
f4d03a8e-ad8d-490b-ba56-3ecad5359ab6,pod5,https://ndownloader.figshare.com/files/61707976
f4d03a8e-ad8d-490b-ba56-3ecad5359ab6,pod5,https://ndownloader.figshare.com/files/61707979
f4d03a8e-ad8d-490b-ba56-3ecad5359ab6,pod5,https://ndownloader.figshare.com/files/61707982
f4d03a8e-ad8d-490b-ba56-3ecad5359ab6,pod5,https://ndownloader.figshare.com/files/61707985
f4d03a8e-ad8d-490b-ba56-3ecad5359ab6,pod5,https://ndownloader.figshare.com/files/61707988
f4d03a8e-ad8d-490b-ba56-3ecad5359ab6,pod5,https://ndownloader.figshare.com/files/61707991
f4d03a8e-ad8d-490b-ba56-3ecad5359ab6,pod5,https://ndownloader.figshare.com/files/61707994
f4d03a8e-ad8d-490b-ba56-3ecad5359ab6,pod5,https://ndownloader.figshare.com/files/61707997
f4d03a8e-ad8d-490b-ba56-3ecad5359ab6,pod5,https://ndownloader.figshare.com/files/61708000
f4d03a8e-ad8d-490b-ba56-3ecad5359ab6,pod5,https://ndownloader.figshare.com/files/61708003
f4d03a8e-ad8d-490b-ba56-3ecad5359ab6,pod5,https://ndownloader.figshare.com/files/61708006
f4d03a8e-ad8d-490b-ba56-3ecad5359ab6,pod5,https://ndownloader.figshare.com/files/61708009
f4d03a8e-ad8d-490b-ba56-3ecad5359ab6,pod5,https://ndownloader.figshare.com/files/61708015
f4d03a8e-ad8d-490b-ba56-3ecad5359ab6,pod5,https://ndownloader.figshare.com/files/61708012
f4d03a8e-ad8d-490b-ba56-3ecad5359ab6,pod5,https://ndownloader.figshare.com/files/61708018
f4d03a8e-ad8d-490b-ba56-3ecad5359ab6,pod5,https://ndownloader.figshare.com/files/61708021
f4d03a8e-ad8d-490b-ba56-3ecad5359ab6,pod5,https://ndownloader.figshare.com/files/61708033
f4d03a8e-ad8d-490b-ba56-3ecad5359ab6,pod5,https://ndownloader.figshare.com/files/61708030
f4d03a8e-ad8d-490b-ba56-3ecad5359ab6,pod5,https://ndownloader.figshare.com/files/61708027
f4d03a8e-ad8d-490b-ba56-3ecad5359ab6,pod5,https://ndownloader.figshare.com/files/61708024
f4d03a8e-ad8d-490b-ba56-3ecad5359ab6,pod5,https://ndownloader.figshare.com/files/61708036
f4d03a8e-ad8d-490b-ba56-3ecad5359ab6,pod5,https://ndownloader.figshare.com/files/61708039
f4d03a8e-ad8d-490b-ba56-3ecad5359ab6,pod5,https://ndownloader.figshare.com/files/61708042
f4d03a8e-ad8d-490b-ba56-3ecad5359ab6,pod5,https://ndownloader.figshare.com/files/61708045
f4d03a8e-ad8d-490b-ba56-3ecad5359ab6,pod5,https://ndownloader.figshare.com/files/61708051
f4d03a8e-ad8d-490b-ba56-3ecad5359ab6,pod5,https://ndownloader.figshare.com/files/61708048
f4d03a8e-ad8d-490b-ba56-3ecad5359ab6,pod5,https://ndownloader.figshare.com/files/61708054
f4d03a8e-ad8d-490b-ba56-3ecad5359ab6,pod5,https://ndownloader.figshare.com/files/61708057
f4d03a8e-ad8d-490b-ba56-3ecad5359ab6,pod5,https://ndownloader.figshare.com/files/61708069
f4d03a8e-ad8d-490b-ba56-3ecad5359ab6,pod5,https://ndownloader.figshare.com/files/61708066
f4d03a8e-ad8d-490b-ba56-3ecad5359ab6,pod5,https://ndownloader.figshare.com/files/61708063
f4d03a8e-ad8d-490b-ba56-3ecad5359ab6,pod5,https://ndownloader.figshare.com/files/61708060
f4d03a8e-ad8d-490b-ba56-3ecad5359ab6,pod5,https://ndownloader.figshare.com/files/61708072
f4d03a8e-ad8d-490b-ba56-3ecad5359ab6,pod5,https://ndownloader.figshare.com/files/61708075
f4d03a8e-ad8d-490b-ba56-3ecad5359ab6,pod5,https://ndownloader.figshare.com/files/61708078
f4d03a8e-ad8d-490b-ba56-3ecad5359ab6,pod5,https://ndownloader.figshare.com/files/61708081
f4d03a8e-ad8d-490b-ba56-3ecad5359ab6,pod5,https://ndownloader.figshare.com/files/61708087
f4d03a8e-ad8d-490b-ba56-3ecad5359ab6,pod5,https://ndownloader.figshare.com/files/61708084
f4d03a8e-ad8d-490b-ba56-3ecad5359ab6,pod5,https://ndownloader.figshare.com/files/61708090
f4d03a8e-ad8d-490b-ba56-3ecad5359ab6,pod5,https://ndownloader.figshare.com/files/61708093
f4d03a8e-ad8d-490b-ba56-3ecad5359ab6,pod5,https://ndownloader.figshare.com/files/61708096
f4d03a8e-ad8d-490b-ba56-3ecad5359ab6,pod5,https://ndownloader.figshare.com/files/61708099
f4d03a8e-ad8d-490b-ba56-3ecad5359ab6,pod5,https://ndownloader.figshare.com/files/61708105
f4d03a8e-ad8d-490b-ba56-3ecad5359ab6,pod5,https://ndownloader.figshare.com/files/61708102
f4d03a8e-ad8d-490b-ba56-3ecad5359ab6,pod5,https://ndownloader.figshare.com/files/61708108
f4d03a8e-ad8d-490b-ba56-3ecad5359ab6,pod5,https://ndownloader.figshare.com/files/61708195
f4d03a8e-ad8d-490b-ba56-3ecad5359ab6,pod5,https://ndownloader.figshare.com/files/61709140
f4d03a8e-ad8d-490b-ba56-3ecad5359ab6,pod5,https://ndownloader.figshare.com/files/61709143
f4d03a8e-ad8d-490b-ba56-3ecad5359ab6,pod5,https://ndownloader.figshare.com/files/61709146
f4d03a8e-ad8d-490b-ba56-3ecad5359ab6,pod5,https://ndownloader.figshare.com/files/61709155
f4d03a8e-ad8d-490b-ba56-3ecad5359ab6,pod5,https://ndownloader.figshare.com/files/61709152
f4d03a8e-ad8d-490b-ba56-3ecad5359ab6,pod5,https://ndownloader.figshare.com/files/61709149
f4d03a8e-ad8d-490b-ba56-3ecad5359ab6,pod5,https://ndownloader.figshare.com/files/61709158
f4d03a8e-ad8d-490b-ba56-3ecad5359ab6,pod5,https://ndownloader.figshare.com/files/61709161
f4d03a8e-ad8d-490b-ba56-3ecad5359ab6,pod5,https://ndownloader.figshare.com/files/61709164
f4d03a8e-ad8d-490b-ba56-3ecad5359ab6,pod5,https://ndownloader.figshare.com/files/61709173
f4d03a8e-ad8d-490b-ba56-3ecad5359ab6,pod5,https://ndownloader.figshare.com/files/61709170
f4d03a8e-ad8d-490b-ba56-3ecad5359ab6,pod5,https://ndownloader.figshare.com/files/61709167
f4d03a8e-ad8d-490b-ba56-3ecad5359ab6,pod5,https://ndownloader.figshare.com/files/61709176
f4d03a8e-ad8d-490b-ba56-3ecad5359ab6,pod5,https://ndownloader.figshare.com/files/61709179
f4d03a8e-ad8d-490b-ba56-3ecad5359ab6,pod5,https://ndownloader.figshare.com/files/61709182
f4d03a8e-ad8d-490b-ba56-3ecad5359ab6,pod5,https://ndownloader.figshare.com/files/61709185
f4d03a8e-ad8d-490b-ba56-3ecad5359ab6,pod5,https://ndownloader.figshare.com/files/61709188
f4d03a8e-ad8d-490b-ba56-3ecad5359ab6,pod5,https://ndownloader.figshare.com/files/61709191
f4d03a8e-ad8d-490b-ba56-3ecad5359ab6,pod5,https://ndownloader.figshare.com/files/61709194
f4d03a8e-ad8d-490b-ba56-3ecad5359ab6,pod5,https://ndownloader.figshare.com/files/61709197
f4d03a8e-ad8d-490b-ba56-3ecad5359ab6,pod5,https://ndownloader.figshare.com/files/61709200
f4d03a8e-ad8d-490b-ba56-3ecad5359ab6,pod5,https://ndownloader.figshare.com/files/61709206
f4d03a8e-ad8d-490b-ba56-3ecad5359ab6,pod5,https://ndownloader.figshare.com/files/61709203
f4d03a8e-ad8d-490b-ba56-3ecad5359ab6,pod5,https://ndownloader.figshare.com/files/61709209
f4d03a8e-ad8d-490b-ba56-3ecad5359ab6,pod5,https://ndownloader.figshare.com/files/61709212
f4d03a8e-ad8d-490b-ba56-3ecad5359ab6,pod5,https://ndownloader.figshare.com/files/61709215
f4d03a8e-ad8d-490b-ba56-3ecad5359ab6,pod5,https://ndownloader.figshare.com/files/61709218
f4d03a8e-ad8d-490b-ba56-3ecad5359ab6,pod5,https://ndownloader.figshare.com/files/61709221
f4d03a8e-ad8d-490b-ba56-3ecad5359ab6,pod5,https://ndownloader.figshare.com/files/61709227
f4d03a8e-ad8d-490b-ba56-3ecad5359ab6,pod5,https://ndownloader.figshare.com/files/61709224
f4d03a8e-ad8d-490b-ba56-3ecad5359ab6,pod5,https://ndownloader.figshare.com/files/61709230
f4d03a8e-ad8d-490b-ba56-3ecad5359ab6,pod5,https://ndownloader.figshare.com/files/61709233
f4d03a8e-ad8d-490b-ba56-3ecad5359ab6,pod5,https://ndownloader.figshare.com/files/61709236
f4d03a8e-ad8d-490b-ba56-3ecad5359ab6,pod5,https://ndownloader.figshare.com/files/61709266
f4d03a8e-ad8d-490b-ba56-3ecad5359ab6,pod5,https://ndownloader.figshare.com/files/61709278
f4d03a8e-ad8d-490b-ba56-3ecad5359ab6,pod5,https://ndownloader.figshare.com/files/61709275
f4d03a8e-ad8d-490b-ba56-3ecad5359ab6,pod5,https://ndownloader.figshare.com/files/61709281
f4d03a8e-ad8d-490b-ba56-3ecad5359ab6,pod5,https://ndownloader.figshare.com/files/61709284
f4d03a8e-ad8d-490b-ba56-3ecad5359ab6,pod5,https://ndownloader.figshare.com/files/61709287
f4d03a8e-ad8d-490b-ba56-3ecad5359ab6,pod5,https://ndownloader.figshare.com/files/61709401
f4d03a8e-ad8d-490b-ba56-3ecad5359ab6,pod5,https://ndownloader.figshare.com/files/61709404
f4d03a8e-ad8d-490b-ba56-3ecad5359ab6,pod5,https://ndownloader.figshare.com/files/61709407
f4d03a8e-ad8d-490b-ba56-3ecad5359ab6,pod5,https://ndownloader.figshare.com/files/61709410
f4d03a8e-ad8d-490b-ba56-3ecad5359ab6,pod5,https://ndownloader.figshare.com/files/61709413
f4d03a8e-ad8d-490b-ba56-3ecad5359ab6,pod5,https://ndownloader.figshare.com/files/61709416
f4d03a8e-ad8d-490b-ba56-3ecad5359ab6,pod5,https://ndownloader.figshare.com/files/61709419
f4d03a8e-ad8d-490b-ba56-3ecad5359ab6,pod5,https://ndownloader.figshare.com/files/61709422
f4d03a8e-ad8d-490b-ba56-3ecad5359ab6,gz,https://ndownloader.figshare.com/files/61709875
f4d03a8e-ad8d-490b-ba56-3ecad5359ab6,gz,https://ndownloader.figshare.com/files/61709878
f4d03a8e-ad8d-490b-ba56-3ecad5359ab6,gz,https://ndownloader.figshare.com/files/61709881
f4d03a8e-ad8d-490b-ba56-3ecad5359ab6,gz,https://ndownloader.figshare.com/files/61709884
f4d03a8e-ad8d-490b-ba56-3ecad5359ab6,gz,https://ndownloader.figshare.com/files/61709887
f4d03a8e-ad8d-490b-ba56-3ecad5359ab6,gz,https://ndownloader.figshare.com/files/61709890
f4d03a8e-ad8d-490b-ba56-3ecad5359ab6,gz,https://ndownloader.figshare.com/files/61709893
f4d03a8e-ad8d-490b-ba56-3ecad5359ab6,gz,https://ndownloader.figshare.com/files/61709896
f4d03a8e-ad8d-490b-ba56-3ecad5359ab6,gz,https://ndownloader.figshare.com/files/61709899
f4d03a8e-ad8d-490b-ba56-3ecad5359ab6,gz,https://ndownloader.figshare.com/files/61709902
f4d03a8e-ad8d-490b-ba56-3ecad5359ab6,gz,https://ndownloader.figshare.com/files/61709905
f4d03a8e-ad8d-490b-ba56-3ecad5359ab6,gz,https://ndownloader.figshare.com/files/61709908
f4d03a8e-ad8d-490b-ba56-3ecad5359ab6,gz,https://ndownloader.figshare.com/files/61709911
f4d03a8e-ad8d-490b-ba56-3ecad5359ab6,gz,https://ndownloader.figshare.com/files/61709914
f4d03a8e-ad8d-490b-ba56-3ecad5359ab6,gz,https://ndownloader.figshare.com/files/61709917
f4d03a8e-ad8d-490b-ba56-3ecad5359ab6,gz,https://ndownloader.figshare.com/files/61709920
f4d03a8e-ad8d-490b-ba56-3ecad5359ab6,gz,https://ndownloader.figshare.com/files/61709923
f4d03a8e-ad8d-490b-ba56-3ecad5359ab6,gz,https://ndownloader.figshare.com/files/61709926
f4d03a8e-ad8d-490b-ba56-3ecad5359ab6,gz,https://ndownloader.figshare.com/files/61709929
f4d03a8e-ad8d-490b-ba56-3ecad5359ab6,gz,https://ndownloader.figshare.com/files/61709932
f4d03a8e-ad8d-490b-ba56-3ecad5359ab6,gz,https://ndownloader.figshare.com/files/61709935
f4d03a8e-ad8d-490b-ba56-3ecad5359ab6,gz,https://ndownloader.figshare.com/files/61709938
f4d03a8e-ad8d-490b-ba56-3ecad5359ab6,gz,https://ndownloader.figshare.com/files/61709941
f4d03a8e-ad8d-490b-ba56-3ecad5359ab6,gz,https://ndownloader.figshare.com/files/61709944
f4d03a8e-ad8d-490b-ba56-3ecad5359ab6,gz,https://ndownloader.figshare.com/files/61709947
f4d03a8e-ad8d-490b-ba56-3ecad5359ab6,gz,https://ndownloader.figshare.com/files/61710049
f4d03a8e-ad8d-490b-ba56-3ecad5359ab6,gz,https://ndownloader.figshare.com/files/61710082
f4d03a8e-ad8d-490b-ba56-3ecad5359ab6,gz,https://ndownloader.figshare.com/files/61710046
f4d03a8e-ad8d-490b-ba56-3ecad5359ab6,gz,https://ndownloader.figshare.com/files/61710055
f4d03a8e-ad8d-490b-ba56-3ecad5359ab6,gz,https://ndownloader.figshare.com/files/61710061
f4d03a8e-ad8d-490b-ba56-3ecad5359ab6,gz,https://ndownloader.figshare.com/files/61710058
f4d03a8e-ad8d-490b-ba56-3ecad5359ab6,gz,https://ndownloader.figshare.com/files/61710052
f4d03a8e-ad8d-490b-ba56-3ecad5359ab6,gz,https://ndownloader.figshare.com/files/61710070
f4d03a8e-ad8d-490b-ba56-3ecad5359ab6,gz,https://ndownloader.figshare.com/files/61710064
f4d03a8e-ad8d-490b-ba56-3ecad5359ab6,gz,https://ndownloader.figshare.com/files/61710073
f4d03a8e-ad8d-490b-ba56-3ecad5359ab6,gz,https://ndownloader.figshare.com/files/61710067
f4d03a8e-ad8d-490b-ba56-3ecad5359ab6,gz,https://ndownloader.figshare.com/files/61710085
f4d03a8e-ad8d-490b-ba56-3ecad5359ab6,gz,https://ndownloader.figshare.com/files/61710094
f4d03a8e-ad8d-490b-ba56-3ecad5359ab6,gz,https://ndownloader.figshare.com/files/61710076
f4d03a8e-ad8d-490b-ba56-3ecad5359ab6,gz,https://ndownloader.figshare.com/files/61710079
f4d03a8e-ad8d-490b-ba56-3ecad5359ab6,gz,https://ndownloader.figshare.com/files/61710088
f4d03a8e-ad8d-490b-ba56-3ecad5359ab6,gz,https://ndownloader.figshare.com/files/61710091
f4d03a8e-ad8d-490b-ba56-3ecad5359ab6,gz,https://ndownloader.figshare.com/files/61710043
f4d03a8e-ad8d-490b-ba56-3ecad5359ab6,gz,https://ndownloader.figshare.com/files/61710100
f4d03a8e-ad8d-490b-ba56-3ecad5359ab6,gz,https://ndownloader.figshare.com/files/61710103
f4d03a8e-ad8d-490b-ba56-3ecad5359ab6,gz,https://ndownloader.figshare.com/files/61710097
f4d03a8e-ad8d-490b-ba56-3ecad5359ab6,gz,https://ndownloader.figshare.com/files/61710112
f4d03a8e-ad8d-490b-ba56-3ecad5359ab6,gz,https://ndownloader.figshare.com/files/61710109
f4d03a8e-ad8d-490b-ba56-3ecad5359ab6,gz,https://ndownloader.figshare.com/files/61710106
f4d03a8e-ad8d-490b-ba56-3ecad5359ab6,gz,https://ndownloader.figshare.com/files/61710115
f4d03a8e-ad8d-490b-ba56-3ecad5359ab6,gz,https://ndownloader.figshare.com/files/61710175
f4d03a8e-ad8d-490b-ba56-3ecad5359ab6,gz,https://ndownloader.figshare.com/files/61710205
f4d03a8e-ad8d-490b-ba56-3ecad5359ab6,gz,https://ndownloader.figshare.com/files/61710196
f4d03a8e-ad8d-490b-ba56-3ecad5359ab6,gz,https://ndownloader.figshare.com/files/61710202
f4d03a8e-ad8d-490b-ba56-3ecad5359ab6,gz,https://ndownloader.figshare.com/files/61710187
f4d03a8e-ad8d-490b-ba56-3ecad5359ab6,gz,https://ndownloader.figshare.com/files/61710190
f4d03a8e-ad8d-490b-ba56-3ecad5359ab6,gz,https://ndownloader.figshare.com/files/61710199
f4d03a8e-ad8d-490b-ba56-3ecad5359ab6,gz,https://ndownloader.figshare.com/files/61710184
f4d03a8e-ad8d-490b-ba56-3ecad5359ab6,gz,https://ndownloader.figshare.com/files/61710208
f4d03a8e-ad8d-490b-ba56-3ecad5359ab6,gz,https://ndownloader.figshare.com/files/61710166
f4d03a8e-ad8d-490b-ba56-3ecad5359ab6,gz,https://ndownloader.figshare.com/files/61710169
f4d03a8e-ad8d-490b-ba56-3ecad5359ab6,gz,https://ndownloader.figshare.com/files/61710178
f4d03a8e-ad8d-490b-ba56-3ecad5359ab6,gz,https://ndownloader.figshare.com/files/61710214
f4d03a8e-ad8d-490b-ba56-3ecad5359ab6,gz,https://ndownloader.figshare.com/files/61710193
f4d03a8e-ad8d-490b-ba56-3ecad5359ab6,gz,https://ndownloader.figshare.com/files/61710181
f4d03a8e-ad8d-490b-ba56-3ecad5359ab6,gz,https://ndownloader.figshare.com/files/61710211
f4d03a8e-ad8d-490b-ba56-3ecad5359ab6,gz,https://ndownloader.figshare.com/files/61710172
f4d03a8e-ad8d-490b-ba56-3ecad5359ab6,gz,https://ndownloader.figshare.com/files/61710163
f4d03a8e-ad8d-490b-ba56-3ecad5359ab6,gz,https://ndownloader.figshare.com/files/61710220
f4d03a8e-ad8d-490b-ba56-3ecad5359ab6,gz,https://ndownloader.figshare.com/files/61710226
f4d03a8e-ad8d-490b-ba56-3ecad5359ab6,gz,https://ndownloader.figshare.com/files/61710232
f4d03a8e-ad8d-490b-ba56-3ecad5359ab6,gz,https://ndownloader.figshare.com/files/61710223
f4d03a8e-ad8d-490b-ba56-3ecad5359ab6,gz,https://ndownloader.figshare.com/files/61710217
f4d03a8e-ad8d-490b-ba56-3ecad5359ab6,gz,https://ndownloader.figshare.com/files/61710235
f4d03a8e-ad8d-490b-ba56-3ecad5359ab6,gz,https://ndownloader.figshare.com/files/61710229
f4d03a8e-ad8d-490b-ba56-3ecad5359ab6,gz,https://ndownloader.figshare.com/files/61710292
f4d03a8e-ad8d-490b-ba56-3ecad5359ab6,gz,https://ndownloader.figshare.com/files/61710298
f4d03a8e-ad8d-490b-ba56-3ecad5359ab6,gz,https://ndownloader.figshare.com/files/61710265
f4d03a8e-ad8d-490b-ba56-3ecad5359ab6,gz,https://ndownloader.figshare.com/files/61710283
f4d03a8e-ad8d-490b-ba56-3ecad5359ab6,gz,https://ndownloader.figshare.com/files/61710268
f4d03a8e-ad8d-490b-ba56-3ecad5359ab6,gz,https://ndownloader.figshare.com/files/61710274
f4d03a8e-ad8d-490b-ba56-3ecad5359ab6,gz,https://ndownloader.figshare.com/files/61710262
f4d03a8e-ad8d-490b-ba56-3ecad5359ab6,gz,https://ndownloader.figshare.com/files/61710259
f4d03a8e-ad8d-490b-ba56-3ecad5359ab6,gz,https://ndownloader.figshare.com/files/61710253
f4d03a8e-ad8d-490b-ba56-3ecad5359ab6,gz,https://ndownloader.figshare.com/files/61710247
f4d03a8e-ad8d-490b-ba56-3ecad5359ab6,gz,https://ndownloader.figshare.com/files/61710250
f4d03a8e-ad8d-490b-ba56-3ecad5359ab6,gz,https://ndownloader.figshare.com/files/61710277
f4d03a8e-ad8d-490b-ba56-3ecad5359ab6,gz,https://ndownloader.figshare.com/files/61710310
f4d03a8e-ad8d-490b-ba56-3ecad5359ab6,gz,https://ndownloader.figshare.com/files/61710286
f4d03a8e-ad8d-490b-ba56-3ecad5359ab6,gz,https://ndownloader.figshare.com/files/61710271
f4d03a8e-ad8d-490b-ba56-3ecad5359ab6,gz,https://ndownloader.figshare.com/files/61710280
f4d03a8e-ad8d-490b-ba56-3ecad5359ab6,gz,https://ndownloader.figshare.com/files/61710256
f4d03a8e-ad8d-490b-ba56-3ecad5359ab6,gz,https://ndownloader.figshare.com/files/61710244
f4d03a8e-ad8d-490b-ba56-3ecad5359ab6,gz,https://ndownloader.figshare.com/files/61710313
f4d03a8e-ad8d-490b-ba56-3ecad5359ab6,gz,https://ndownloader.figshare.com/files/61710316
f4d03a8e-ad8d-490b-ba56-3ecad5359ab6,gz,https://ndownloader.figshare.com/files/61710304
f4d03a8e-ad8d-490b-ba56-3ecad5359ab6,gz,https://ndownloader.figshare.com/files/61710301
f4d03a8e-ad8d-490b-ba56-3ecad5359ab6,gz,https://ndownloader.figshare.com/files/61710295
f4d03a8e-ad8d-490b-ba56-3ecad5359ab6,gz,https://ndownloader.figshare.com/files/61710307
f4d03a8e-ad8d-490b-ba56-3ecad5359ab6,gz,https://ndownloader.figshare.com/files/61710289
4ad1d5f0-8b4b-4e54-b4a9-28f9f56abfe7,yaml,https://ndownloader.figshare.com/files/61699177
4ad1d5f0-8b4b-4e54-b4a9-28f9f56abfe7,jpeg,https://ndownloader.figshare.com/files/61699180
4ad1d5f0-8b4b-4e54-b4a9-28f9f56abfe7,jpeg,https://ndownloader.figshare.com/files/61699201
4ad1d5f0-8b4b-4e54-b4a9-28f9f56abfe7,jpeg,https://ndownloader.figshare.com/files/61699183
4ad1d5f0-8b4b-4e54-b4a9-28f9f56abfe7,jpeg,https://ndownloader.figshare.com/files/61699186
4ad1d5f0-8b4b-4e54-b4a9-28f9f56abfe7,jpeg,https://ndownloader.figshare.com/files/61699189
4ad1d5f0-8b4b-4e54-b4a9-28f9f56abfe7,jpeg,https://ndownloader.figshare.com/files/61699192
4ad1d5f0-8b4b-4e54-b4a9-28f9f56abfe7,jpeg,https://ndownloader.figshare.com/files/61699195
4ad1d5f0-8b4b-4e54-b4a9-28f9f56abfe7,jpeg,https://ndownloader.figshare.com/files/61699198
4ad1d5f0-8b4b-4e54-b4a9-28f9f56abfe7,jpeg,https://ndownloader.figshare.com/files/61699204
4ad1d5f0-8b4b-4e54-b4a9-28f9f56abfe7,jpeg,https://ndownloader.figshare.com/files/61699207
4ad1d5f0-8b4b-4e54-b4a9-28f9f56abfe7,jpeg,https://ndownloader.figshare.com/files/61699252
4ad1d5f0-8b4b-4e54-b4a9-28f9f56abfe7,jpeg,https://ndownloader.figshare.com/files/61699210
4ad1d5f0-8b4b-4e54-b4a9-28f9f56abfe7,jpeg,https://ndownloader.figshare.com/files/61699261
4ad1d5f0-8b4b-4e54-b4a9-28f9f56abfe7,jpeg,https://ndownloader.figshare.com/files/61699264
4ad1d5f0-8b4b-4e54-b4a9-28f9f56abfe7,jpeg,https://ndownloader.figshare.com/files/61699213
4ad1d5f0-8b4b-4e54-b4a9-28f9f56abfe7,jpeg,https://ndownloader.figshare.com/files/61699216
4ad1d5f0-8b4b-4e54-b4a9-28f9f56abfe7,jpeg,https://ndownloader.figshare.com/files/61699276
4ad1d5f0-8b4b-4e54-b4a9-28f9f56abfe7,jpeg,https://ndownloader.figshare.com/files/61699219
4ad1d5f0-8b4b-4e54-b4a9-28f9f56abfe7,jpeg,https://ndownloader.figshare.com/files/61699222
4ad1d5f0-8b4b-4e54-b4a9-28f9f56abfe7,jpeg,https://ndownloader.figshare.com/files/61699225
4ad1d5f0-8b4b-4e54-b4a9-28f9f56abfe7,jpeg,https://ndownloader.figshare.com/files/61699228
4ad1d5f0-8b4b-4e54-b4a9-28f9f56abfe7,jpeg,https://ndownloader.figshare.com/files/61699234
4ad1d5f0-8b4b-4e54-b4a9-28f9f56abfe7,jpeg,https://ndownloader.figshare.com/files/61699237
4ad1d5f0-8b4b-4e54-b4a9-28f9f56abfe7,jpeg,https://ndownloader.figshare.com/files/61699240
4ad1d5f0-8b4b-4e54-b4a9-28f9f56abfe7,jpeg,https://ndownloader.figshare.com/files/61699243
4ad1d5f0-8b4b-4e54-b4a9-28f9f56abfe7,jpeg,https://ndownloader.figshare.com/files/61699300
4ad1d5f0-8b4b-4e54-b4a9-28f9f56abfe7,jpeg,https://ndownloader.figshare.com/files/61699246
4ad1d5f0-8b4b-4e54-b4a9-28f9f56abfe7,jpeg,https://ndownloader.figshare.com/files/61699249
4ad1d5f0-8b4b-4e54-b4a9-28f9f56abfe7,jpeg,https://ndownloader.figshare.com/files/61699255
4ad1d5f0-8b4b-4e54-b4a9-28f9f56abfe7,jpeg,https://ndownloader.figshare.com/files/61699258
4ad1d5f0-8b4b-4e54-b4a9-28f9f56abfe7,jpeg,https://ndownloader.figshare.com/files/61699312
4ad1d5f0-8b4b-4e54-b4a9-28f9f56abfe7,jpeg,https://ndownloader.figshare.com/files/61699267
4ad1d5f0-8b4b-4e54-b4a9-28f9f56abfe7,jpeg,https://ndownloader.figshare.com/files/61699270
4ad1d5f0-8b4b-4e54-b4a9-28f9f56abfe7,jpeg,https://ndownloader.figshare.com/files/61699273
4ad1d5f0-8b4b-4e54-b4a9-28f9f56abfe7,jpeg,https://ndownloader.figshare.com/files/61699279
4ad1d5f0-8b4b-4e54-b4a9-28f9f56abfe7,jpeg,https://ndownloader.figshare.com/files/61699282
4ad1d5f0-8b4b-4e54-b4a9-28f9f56abfe7,jpeg,https://ndownloader.figshare.com/files/61699285
4ad1d5f0-8b4b-4e54-b4a9-28f9f56abfe7,jpeg,https://ndownloader.figshare.com/files/61699291
4ad1d5f0-8b4b-4e54-b4a9-28f9f56abfe7,jpeg,https://ndownloader.figshare.com/files/61699288
4ad1d5f0-8b4b-4e54-b4a9-28f9f56abfe7,jpeg,https://ndownloader.figshare.com/files/61699294
4ad1d5f0-8b4b-4e54-b4a9-28f9f56abfe7,jpeg,https://ndownloader.figshare.com/files/61699297
4ad1d5f0-8b4b-4e54-b4a9-28f9f56abfe7,jpeg,https://ndownloader.figshare.com/files/61699339
4ad1d5f0-8b4b-4e54-b4a9-28f9f56abfe7,jpeg,https://ndownloader.figshare.com/files/61699303
4ad1d5f0-8b4b-4e54-b4a9-28f9f56abfe7,jpeg,https://ndownloader.figshare.com/files/61699306
4ad1d5f0-8b4b-4e54-b4a9-28f9f56abfe7,jpeg,https://ndownloader.figshare.com/files/61699309
4ad1d5f0-8b4b-4e54-b4a9-28f9f56abfe7,jpeg,https://ndownloader.figshare.com/files/61699315
4ad1d5f0-8b4b-4e54-b4a9-28f9f56abfe7,jpeg,https://ndownloader.figshare.com/files/61699318
4ad1d5f0-8b4b-4e54-b4a9-28f9f56abfe7,jpeg,https://ndownloader.figshare.com/files/61699321
4ad1d5f0-8b4b-4e54-b4a9-28f9f56abfe7,jpeg,https://ndownloader.figshare.com/files/61699324
4ad1d5f0-8b4b-4e54-b4a9-28f9f56abfe7,jpeg,https://ndownloader.figshare.com/files/61699357
4ad1d5f0-8b4b-4e54-b4a9-28f9f56abfe7,jpeg,https://ndownloader.figshare.com/files/61699363
4ad1d5f0-8b4b-4e54-b4a9-28f9f56abfe7,jpeg,https://ndownloader.figshare.com/files/61699327
4ad1d5f0-8b4b-4e54-b4a9-28f9f56abfe7,jpeg,https://ndownloader.figshare.com/files/61699330
4ad1d5f0-8b4b-4e54-b4a9-28f9f56abfe7,jpeg,https://ndownloader.figshare.com/files/61699336
4ad1d5f0-8b4b-4e54-b4a9-28f9f56abfe7,jpeg,https://ndownloader.figshare.com/files/61699333
4ad1d5f0-8b4b-4e54-b4a9-28f9f56abfe7,jpeg,https://ndownloader.figshare.com/files/61699345
4ad1d5f0-8b4b-4e54-b4a9-28f9f56abfe7,jpeg,https://ndownloader.figshare.com/files/61699342
4ad1d5f0-8b4b-4e54-b4a9-28f9f56abfe7,jpeg,https://ndownloader.figshare.com/files/61699348
4ad1d5f0-8b4b-4e54-b4a9-28f9f56abfe7,jpeg,https://ndownloader.figshare.com/files/61699351
4ad1d5f0-8b4b-4e54-b4a9-28f9f56abfe7,jpeg,https://ndownloader.figshare.com/files/61699387
4ad1d5f0-8b4b-4e54-b4a9-28f9f56abfe7,jpeg,https://ndownloader.figshare.com/files/61699390
4ad1d5f0-8b4b-4e54-b4a9-28f9f56abfe7,jpeg,https://ndownloader.figshare.com/files/61699354
4ad1d5f0-8b4b-4e54-b4a9-28f9f56abfe7,jpeg,https://ndownloader.figshare.com/files/61699360
4ad1d5f0-8b4b-4e54-b4a9-28f9f56abfe7,jpeg,https://ndownloader.figshare.com/files/61699366
4ad1d5f0-8b4b-4e54-b4a9-28f9f56abfe7,jpeg,https://ndownloader.figshare.com/files/61699399
4ad1d5f0-8b4b-4e54-b4a9-28f9f56abfe7,jpeg,https://ndownloader.figshare.com/files/61699369
4ad1d5f0-8b4b-4e54-b4a9-28f9f56abfe7,jpeg,https://ndownloader.figshare.com/files/61699372
4ad1d5f0-8b4b-4e54-b4a9-28f9f56abfe7,jpeg,https://ndownloader.figshare.com/files/61699375
4ad1d5f0-8b4b-4e54-b4a9-28f9f56abfe7,jpeg,https://ndownloader.figshare.com/files/61699378
4ad1d5f0-8b4b-4e54-b4a9-28f9f56abfe7,jpeg,https://ndownloader.figshare.com/files/61699381
4ad1d5f0-8b4b-4e54-b4a9-28f9f56abfe7,jpeg,https://ndownloader.figshare.com/files/61699384
4ad1d5f0-8b4b-4e54-b4a9-28f9f56abfe7,jpeg,https://ndownloader.figshare.com/files/61699420
4ad1d5f0-8b4b-4e54-b4a9-28f9f56abfe7,jpeg,https://ndownloader.figshare.com/files/61699426
4ad1d5f0-8b4b-4e54-b4a9-28f9f56abfe7,jpeg,https://ndownloader.figshare.com/files/61699393
4ad1d5f0-8b4b-4e54-b4a9-28f9f56abfe7,jpeg,https://ndownloader.figshare.com/files/61699396
4ad1d5f0-8b4b-4e54-b4a9-28f9f56abfe7,jpeg,https://ndownloader.figshare.com/files/61699402
4ad1d5f0-8b4b-4e54-b4a9-28f9f56abfe7,jpeg,https://ndownloader.figshare.com/files/61699405
4ad1d5f0-8b4b-4e54-b4a9-28f9f56abfe7,jpeg,https://ndownloader.figshare.com/files/61699408
4ad1d5f0-8b4b-4e54-b4a9-28f9f56abfe7,jpeg,https://ndownloader.figshare.com/files/61699411
4ad1d5f0-8b4b-4e54-b4a9-28f9f56abfe7,jpeg,https://ndownloader.figshare.com/files/61699414
4ad1d5f0-8b4b-4e54-b4a9-28f9f56abfe7,jpeg,https://ndownloader.figshare.com/files/61699417
4ad1d5f0-8b4b-4e54-b4a9-28f9f56abfe7,jpeg,https://ndownloader.figshare.com/files/61699423
4ad1d5f0-8b4b-4e54-b4a9-28f9f56abfe7,jpeg,https://ndownloader.figshare.com/files/61699429
4ad1d5f0-8b4b-4e54-b4a9-28f9f56abfe7,jpeg,https://ndownloader.figshare.com/files/61699453
4ad1d5f0-8b4b-4e54-b4a9-28f9f56abfe7,jpeg,https://ndownloader.figshare.com/files/61699432
4ad1d5f0-8b4b-4e54-b4a9-28f9f56abfe7,jpeg,https://ndownloader.figshare.com/files/61699435
4ad1d5f0-8b4b-4e54-b4a9-28f9f56abfe7,jpeg,https://ndownloader.figshare.com/files/61699438
4ad1d5f0-8b4b-4e54-b4a9-28f9f56abfe7,jpeg,https://ndownloader.figshare.com/files/61699441
4ad1d5f0-8b4b-4e54-b4a9-28f9f56abfe7,jpeg,https://ndownloader.figshare.com/files/61699468
4ad1d5f0-8b4b-4e54-b4a9-28f9f56abfe7,jpeg,https://ndownloader.figshare.com/files/61699444
4ad1d5f0-8b4b-4e54-b4a9-28f9f56abfe7,jpeg,https://ndownloader.figshare.com/files/61699447
4ad1d5f0-8b4b-4e54-b4a9-28f9f56abfe7,jpeg,https://ndownloader.figshare.com/files/61699450
4ad1d5f0-8b4b-4e54-b4a9-28f9f56abfe7,jpeg,https://ndownloader.figshare.com/files/61699456
4ad1d5f0-8b4b-4e54-b4a9-28f9f56abfe7,jpeg,https://ndownloader.figshare.com/files/61699459
4ad1d5f0-8b4b-4e54-b4a9-28f9f56abfe7,jpeg,https://ndownloader.figshare.com/files/61699462
4ad1d5f0-8b4b-4e54-b4a9-28f9f56abfe7,jpeg,https://ndownloader.figshare.com/files/61699465
4ad1d5f0-8b4b-4e54-b4a9-28f9f56abfe7,jpeg,https://ndownloader.figshare.com/files/61699471
4ad1d5f0-8b4b-4e54-b4a9-28f9f56abfe7,jpeg,https://ndownloader.figshare.com/files/61699474
4ad1d5f0-8b4b-4e54-b4a9-28f9f56abfe7,jpeg,https://ndownloader.figshare.com/files/61699477
4ad1d5f0-8b4b-4e54-b4a9-28f9f56abfe7,jpeg,https://ndownloader.figshare.com/files/61699480
4ad1d5f0-8b4b-4e54-b4a9-28f9f56abfe7,jpeg,https://ndownloader.figshare.com/files/61699483
4ad1d5f0-8b4b-4e54-b4a9-28f9f56abfe7,jpeg,https://ndownloader.figshare.com/files/61699486
4ad1d5f0-8b4b-4e54-b4a9-28f9f56abfe7,jpeg,https://ndownloader.figshare.com/files/61699489
4ad1d5f0-8b4b-4e54-b4a9-28f9f56abfe7,jpeg,https://ndownloader.figshare.com/files/61699492
4ad1d5f0-8b4b-4e54-b4a9-28f9f56abfe7,jpeg,https://ndownloader.figshare.com/files/61699495
4ad1d5f0-8b4b-4e54-b4a9-28f9f56abfe7,jpeg,https://ndownloader.figshare.com/files/61699498
4ad1d5f0-8b4b-4e54-b4a9-28f9f56abfe7,jpeg,https://ndownloader.figshare.com/files/61699501
4ad1d5f0-8b4b-4e54-b4a9-28f9f56abfe7,jpeg,https://ndownloader.figshare.com/files/61699504
4ad1d5f0-8b4b-4e54-b4a9-28f9f56abfe7,jpeg,https://ndownloader.figshare.com/files/61699507
4ad1d5f0-8b4b-4e54-b4a9-28f9f56abfe7,jpeg,https://ndownloader.figshare.com/files/61699546
4ad1d5f0-8b4b-4e54-b4a9-28f9f56abfe7,jpeg,https://ndownloader.figshare.com/files/61699555
4ad1d5f0-8b4b-4e54-b4a9-28f9f56abfe7,jpeg,https://ndownloader.figshare.com/files/61699510
4ad1d5f0-8b4b-4e54-b4a9-28f9f56abfe7,jpeg,https://ndownloader.figshare.com/files/61699513
4ad1d5f0-8b4b-4e54-b4a9-28f9f56abfe7,jpeg,https://ndownloader.figshare.com/files/61699516
4ad1d5f0-8b4b-4e54-b4a9-28f9f56abfe7,jpeg,https://ndownloader.figshare.com/files/61699519
4ad1d5f0-8b4b-4e54-b4a9-28f9f56abfe7,jpeg,https://ndownloader.figshare.com/files/61699573
4ad1d5f0-8b4b-4e54-b4a9-28f9f56abfe7,jpeg,https://ndownloader.figshare.com/files/61699522
4ad1d5f0-8b4b-4e54-b4a9-28f9f56abfe7,jpeg,https://ndownloader.figshare.com/files/61699525
4ad1d5f0-8b4b-4e54-b4a9-28f9f56abfe7,jpeg,https://ndownloader.figshare.com/files/61699528
4ad1d5f0-8b4b-4e54-b4a9-28f9f56abfe7,jpeg,https://ndownloader.figshare.com/files/61699531
4ad1d5f0-8b4b-4e54-b4a9-28f9f56abfe7,jpeg,https://ndownloader.figshare.com/files/61699534
4ad1d5f0-8b4b-4e54-b4a9-28f9f56abfe7,jpeg,https://ndownloader.figshare.com/files/61699537
4ad1d5f0-8b4b-4e54-b4a9-28f9f56abfe7,jpeg,https://ndownloader.figshare.com/files/61699540
4ad1d5f0-8b4b-4e54-b4a9-28f9f56abfe7,jpeg,https://ndownloader.figshare.com/files/61699543
4ad1d5f0-8b4b-4e54-b4a9-28f9f56abfe7,jpeg,https://ndownloader.figshare.com/files/61699549
4ad1d5f0-8b4b-4e54-b4a9-28f9f56abfe7,jpeg,https://ndownloader.figshare.com/files/61699552
4ad1d5f0-8b4b-4e54-b4a9-28f9f56abfe7,jpeg,https://ndownloader.figshare.com/files/61699558
4ad1d5f0-8b4b-4e54-b4a9-28f9f56abfe7,jpeg,https://ndownloader.figshare.com/files/61699561
4ad1d5f0-8b4b-4e54-b4a9-28f9f56abfe7,jpeg,https://ndownloader.figshare.com/files/61699564
4ad1d5f0-8b4b-4e54-b4a9-28f9f56abfe7,jpeg,https://ndownloader.figshare.com/files/61699567
4ad1d5f0-8b4b-4e54-b4a9-28f9f56abfe7,jpeg,https://ndownloader.figshare.com/files/61699570
4ad1d5f0-8b4b-4e54-b4a9-28f9f56abfe7,jpeg,https://ndownloader.figshare.com/files/61699576
4ad1d5f0-8b4b-4e54-b4a9-28f9f56abfe7,jpeg,https://ndownloader.figshare.com/files/61699612
4ad1d5f0-8b4b-4e54-b4a9-28f9f56abfe7,jpeg,https://ndownloader.figshare.com/files/61699579
4ad1d5f0-8b4b-4e54-b4a9-28f9f56abfe7,jpeg,https://ndownloader.figshare.com/files/61699582
4ad1d5f0-8b4b-4e54-b4a9-28f9f56abfe7,jpeg,https://ndownloader.figshare.com/files/61699585
4ad1d5f0-8b4b-4e54-b4a9-28f9f56abfe7,jpeg,https://ndownloader.figshare.com/files/61699588
4ad1d5f0-8b4b-4e54-b4a9-28f9f56abfe7,jpeg,https://ndownloader.figshare.com/files/61699591
4ad1d5f0-8b4b-4e54-b4a9-28f9f56abfe7,jpeg,https://ndownloader.figshare.com/files/61699594
4ad1d5f0-8b4b-4e54-b4a9-28f9f56abfe7,jpeg,https://ndownloader.figshare.com/files/61699597
4ad1d5f0-8b4b-4e54-b4a9-28f9f56abfe7,jpeg,https://ndownloader.figshare.com/files/61699600
4ad1d5f0-8b4b-4e54-b4a9-28f9f56abfe7,jpeg,https://ndownloader.figshare.com/files/61699636
4ad1d5f0-8b4b-4e54-b4a9-28f9f56abfe7,jpeg,https://ndownloader.figshare.com/files/61699603
4ad1d5f0-8b4b-4e54-b4a9-28f9f56abfe7,jpeg,https://ndownloader.figshare.com/files/61699606
4ad1d5f0-8b4b-4e54-b4a9-28f9f56abfe7,jpeg,https://ndownloader.figshare.com/files/61699609
4ad1d5f0-8b4b-4e54-b4a9-28f9f56abfe7,jpeg,https://ndownloader.figshare.com/files/61699615
4ad1d5f0-8b4b-4e54-b4a9-28f9f56abfe7,jpeg,https://ndownloader.figshare.com/files/61699618
4ad1d5f0-8b4b-4e54-b4a9-28f9f56abfe7,jpeg,https://ndownloader.figshare.com/files/61699621
4ad1d5f0-8b4b-4e54-b4a9-28f9f56abfe7,jpeg,https://ndownloader.figshare.com/files/61699624
4ad1d5f0-8b4b-4e54-b4a9-28f9f56abfe7,jpeg,https://ndownloader.figshare.com/files/61699627
4ad1d5f0-8b4b-4e54-b4a9-28f9f56abfe7,jpeg,https://ndownloader.figshare.com/files/61699630
4ad1d5f0-8b4b-4e54-b4a9-28f9f56abfe7,jpeg,https://ndownloader.figshare.com/files/61699633
4ad1d5f0-8b4b-4e54-b4a9-28f9f56abfe7,jpeg,https://ndownloader.figshare.com/files/61699639
4ad1d5f0-8b4b-4e54-b4a9-28f9f56abfe7,jpeg,https://ndownloader.figshare.com/files/61699642
4ad1d5f0-8b4b-4e54-b4a9-28f9f56abfe7,jpeg,https://ndownloader.figshare.com/files/61699645
4ad1d5f0-8b4b-4e54-b4a9-28f9f56abfe7,jpeg,https://ndownloader.figshare.com/files/61699648
4ad1d5f0-8b4b-4e54-b4a9-28f9f56abfe7,jpeg,https://ndownloader.figshare.com/files/61699672
4ad1d5f0-8b4b-4e54-b4a9-28f9f56abfe7,jpeg,https://ndownloader.figshare.com/files/61699651
4ad1d5f0-8b4b-4e54-b4a9-28f9f56abfe7,jpeg,https://ndownloader.figshare.com/files/61699654
4ad1d5f0-8b4b-4e54-b4a9-28f9f56abfe7,jpeg,https://ndownloader.figshare.com/files/61699684
4ad1d5f0-8b4b-4e54-b4a9-28f9f56abfe7,jpeg,https://ndownloader.figshare.com/files/61699657
4ad1d5f0-8b4b-4e54-b4a9-28f9f56abfe7,jpeg,https://ndownloader.figshare.com/files/61699699
4ad1d5f0-8b4b-4e54-b4a9-28f9f56abfe7,jpeg,https://ndownloader.figshare.com/files/61699660
4ad1d5f0-8b4b-4e54-b4a9-28f9f56abfe7,jpeg,https://ndownloader.figshare.com/files/61699663
4ad1d5f0-8b4b-4e54-b4a9-28f9f56abfe7,jpeg,https://ndownloader.figshare.com/files/61699666
4ad1d5f0-8b4b-4e54-b4a9-28f9f56abfe7,jpeg,https://ndownloader.figshare.com/files/61699669
4ad1d5f0-8b4b-4e54-b4a9-28f9f56abfe7,jpeg,https://ndownloader.figshare.com/files/61699675
4ad1d5f0-8b4b-4e54-b4a9-28f9f56abfe7,jpeg,https://ndownloader.figshare.com/files/61699678
4ad1d5f0-8b4b-4e54-b4a9-28f9f56abfe7,jpeg,https://ndownloader.figshare.com/files/61699681
4ad1d5f0-8b4b-4e54-b4a9-28f9f56abfe7,jpeg,https://ndownloader.figshare.com/files/61699687
4ad1d5f0-8b4b-4e54-b4a9-28f9f56abfe7,jpeg,https://ndownloader.figshare.com/files/61699690
4ad1d5f0-8b4b-4e54-b4a9-28f9f56abfe7,jpeg,https://ndownloader.figshare.com/files/61699693
4ad1d5f0-8b4b-4e54-b4a9-28f9f56abfe7,jpeg,https://ndownloader.figshare.com/files/61699696
4ad1d5f0-8b4b-4e54-b4a9-28f9f56abfe7,jpeg,https://ndownloader.figshare.com/files/61699702
4ad1d5f0-8b4b-4e54-b4a9-28f9f56abfe7,jpeg,https://ndownloader.figshare.com/files/61699705
4ad1d5f0-8b4b-4e54-b4a9-28f9f56abfe7,jpeg,https://ndownloader.figshare.com/files/61699708
4ad1d5f0-8b4b-4e54-b4a9-28f9f56abfe7,jpeg,https://ndownloader.figshare.com/files/61699711
4ad1d5f0-8b4b-4e54-b4a9-28f9f56abfe7,jpeg,https://ndownloader.figshare.com/files/61699714
4ad1d5f0-8b4b-4e54-b4a9-28f9f56abfe7,jpeg,https://ndownloader.figshare.com/files/61699717
4ad1d5f0-8b4b-4e54-b4a9-28f9f56abfe7,jpeg,https://ndownloader.figshare.com/files/61699732
4ad1d5f0-8b4b-4e54-b4a9-28f9f56abfe7,jpeg,https://ndownloader.figshare.com/files/61699720
4ad1d5f0-8b4b-4e54-b4a9-28f9f56abfe7,jpeg,https://ndownloader.figshare.com/files/61699723
4ad1d5f0-8b4b-4e54-b4a9-28f9f56abfe7,jpeg,https://ndownloader.figshare.com/files/61699726
4ad1d5f0-8b4b-4e54-b4a9-28f9f56abfe7,jpeg,https://ndownloader.figshare.com/files/61699741
4ad1d5f0-8b4b-4e54-b4a9-28f9f56abfe7,jpeg,https://ndownloader.figshare.com/files/61699747
4ad1d5f0-8b4b-4e54-b4a9-28f9f56abfe7,jpeg,https://ndownloader.figshare.com/files/61699729
4ad1d5f0-8b4b-4e54-b4a9-28f9f56abfe7,jpeg,https://ndownloader.figshare.com/files/61699756
4ad1d5f0-8b4b-4e54-b4a9-28f9f56abfe7,jpeg,https://ndownloader.figshare.com/files/61699735
4ad1d5f0-8b4b-4e54-b4a9-28f9f56abfe7,jpeg,https://ndownloader.figshare.com/files/61699738
4ad1d5f0-8b4b-4e54-b4a9-28f9f56abfe7,jpeg,https://ndownloader.figshare.com/files/61699771
4ad1d5f0-8b4b-4e54-b4a9-28f9f56abfe7,jpeg,https://ndownloader.figshare.com/files/61699744
4ad1d5f0-8b4b-4e54-b4a9-28f9f56abfe7,jpeg,https://ndownloader.figshare.com/files/61699750
4ad1d5f0-8b4b-4e54-b4a9-28f9f56abfe7,jpeg,https://ndownloader.figshare.com/files/61699753
4ad1d5f0-8b4b-4e54-b4a9-28f9f56abfe7,jpeg,https://ndownloader.figshare.com/files/61699759
4ad1d5f0-8b4b-4e54-b4a9-28f9f56abfe7,jpeg,https://ndownloader.figshare.com/files/61699762
4ad1d5f0-8b4b-4e54-b4a9-28f9f56abfe7,jpeg,https://ndownloader.figshare.com/files/61699765
4ad1d5f0-8b4b-4e54-b4a9-28f9f56abfe7,jpeg,https://ndownloader.figshare.com/files/61699768
4ad1d5f0-8b4b-4e54-b4a9-28f9f56abfe7,jpeg,https://ndownloader.figshare.com/files/61699774
4ad1d5f0-8b4b-4e54-b4a9-28f9f56abfe7,jpeg,https://ndownloader.figshare.com/files/61699777
4ad1d5f0-8b4b-4e54-b4a9-28f9f56abfe7,jpeg,https://ndownloader.figshare.com/files/61699792
4ad1d5f0-8b4b-4e54-b4a9-28f9f56abfe7,jpeg,https://ndownloader.figshare.com/files/61699780
4ad1d5f0-8b4b-4e54-b4a9-28f9f56abfe7,jpeg,https://ndownloader.figshare.com/files/61699783
4ad1d5f0-8b4b-4e54-b4a9-28f9f56abfe7,jpeg,https://ndownloader.figshare.com/files/61699786
4ad1d5f0-8b4b-4e54-b4a9-28f9f56abfe7,jpeg,https://ndownloader.figshare.com/files/61699789
4ad1d5f0-8b4b-4e54-b4a9-28f9f56abfe7,jpeg,https://ndownloader.figshare.com/files/61699795
4ad1d5f0-8b4b-4e54-b4a9-28f9f56abfe7,jpeg,https://ndownloader.figshare.com/files/61699804
4ad1d5f0-8b4b-4e54-b4a9-28f9f56abfe7,jpeg,https://ndownloader.figshare.com/files/61699810
4ad1d5f0-8b4b-4e54-b4a9-28f9f56abfe7,jpeg,https://ndownloader.figshare.com/files/61699798
4ad1d5f0-8b4b-4e54-b4a9-28f9f56abfe7,jpeg,https://ndownloader.figshare.com/files/61699801
4ad1d5f0-8b4b-4e54-b4a9-28f9f56abfe7,jpeg,https://ndownloader.figshare.com/files/61699807
4ad1d5f0-8b4b-4e54-b4a9-28f9f56abfe7,jpeg,https://ndownloader.figshare.com/files/61699813
4ad1d5f0-8b4b-4e54-b4a9-28f9f56abfe7,jpeg,https://ndownloader.figshare.com/files/61699828
4ad1d5f0-8b4b-4e54-b4a9-28f9f56abfe7,jpeg,https://ndownloader.figshare.com/files/61699816
4ad1d5f0-8b4b-4e54-b4a9-28f9f56abfe7,jpeg,https://ndownloader.figshare.com/files/61699819
4ad1d5f0-8b4b-4e54-b4a9-28f9f56abfe7,jpeg,https://ndownloader.figshare.com/files/61699822
4ad1d5f0-8b4b-4e54-b4a9-28f9f56abfe7,jpeg,https://ndownloader.figshare.com/files/61699825
4ad1d5f0-8b4b-4e54-b4a9-28f9f56abfe7,jpeg,https://ndownloader.figshare.com/files/61699831
4ad1d5f0-8b4b-4e54-b4a9-28f9f56abfe7,text,https://ndownloader.figshare.com/files/61699849
4ad1d5f0-8b4b-4e54-b4a9-28f9f56abfe7,text,https://ndownloader.figshare.com/files/61699846
4ad1d5f0-8b4b-4e54-b4a9-28f9f56abfe7,text,https://ndownloader.figshare.com/files/61699852
4ad1d5f0-8b4b-4e54-b4a9-28f9f56abfe7,text,https://ndownloader.figshare.com/files/61699855
4ad1d5f0-8b4b-4e54-b4a9-28f9f56abfe7,text,https://ndownloader.figshare.com/files/61699858
4ad1d5f0-8b4b-4e54-b4a9-28f9f56abfe7,text,https://ndownloader.figshare.com/files/61699861
4ad1d5f0-8b4b-4e54-b4a9-28f9f56abfe7,text,https://ndownloader.figshare.com/files/61699864
4ad1d5f0-8b4b-4e54-b4a9-28f9f56abfe7,text,https://ndownloader.figshare.com/files/61699867
4ad1d5f0-8b4b-4e54-b4a9-28f9f56abfe7,text,https://ndownloader.figshare.com/files/61699870
4ad1d5f0-8b4b-4e54-b4a9-28f9f56abfe7,text,https://ndownloader.figshare.com/files/61699873
4ad1d5f0-8b4b-4e54-b4a9-28f9f56abfe7,text,https://ndownloader.figshare.com/files/61699876
4ad1d5f0-8b4b-4e54-b4a9-28f9f56abfe7,text,https://ndownloader.figshare.com/files/61699879
4ad1d5f0-8b4b-4e54-b4a9-28f9f56abfe7,text,https://ndownloader.figshare.com/files/61699882
4ad1d5f0-8b4b-4e54-b4a9-28f9f56abfe7,text,https://ndownloader.figshare.com/files/61699885
4ad1d5f0-8b4b-4e54-b4a9-28f9f56abfe7,text,https://ndownloader.figshare.com/files/61699888
4ad1d5f0-8b4b-4e54-b4a9-28f9f56abfe7,text,https://ndownloader.figshare.com/files/61699891
4ad1d5f0-8b4b-4e54-b4a9-28f9f56abfe7,text,https://ndownloader.figshare.com/files/61699894
4ad1d5f0-8b4b-4e54-b4a9-28f9f56abfe7,text,https://ndownloader.figshare.com/files/61699897
4ad1d5f0-8b4b-4e54-b4a9-28f9f56abfe7,text,https://ndownloader.figshare.com/files/61699900
4ad1d5f0-8b4b-4e54-b4a9-28f9f56abfe7,text,https://ndownloader.figshare.com/files/61699903
4ad1d5f0-8b4b-4e54-b4a9-28f9f56abfe7,text,https://ndownloader.figshare.com/files/61699906
4ad1d5f0-8b4b-4e54-b4a9-28f9f56abfe7,text,https://ndownloader.figshare.com/files/61699909
4ad1d5f0-8b4b-4e54-b4a9-28f9f56abfe7,text,https://ndownloader.figshare.com/files/61699912
4ad1d5f0-8b4b-4e54-b4a9-28f9f56abfe7,text,https://ndownloader.figshare.com/files/61699915
4ad1d5f0-8b4b-4e54-b4a9-28f9f56abfe7,text,https://ndownloader.figshare.com/files/61699918
4ad1d5f0-8b4b-4e54-b4a9-28f9f56abfe7,text,https://ndownloader.figshare.com/files/61699981
4ad1d5f0-8b4b-4e54-b4a9-28f9f56abfe7,text,https://ndownloader.figshare.com/files/61699921
4ad1d5f0-8b4b-4e54-b4a9-28f9f56abfe7,text,https://ndownloader.figshare.com/files/61699924
4ad1d5f0-8b4b-4e54-b4a9-28f9f56abfe7,text,https://ndownloader.figshare.com/files/61699927
4ad1d5f0-8b4b-4e54-b4a9-28f9f56abfe7,text,https://ndownloader.figshare.com/files/61699930
4ad1d5f0-8b4b-4e54-b4a9-28f9f56abfe7,text,https://ndownloader.figshare.com/files/61699933
4ad1d5f0-8b4b-4e54-b4a9-28f9f56abfe7,text,https://ndownloader.figshare.com/files/61699936
4ad1d5f0-8b4b-4e54-b4a9-28f9f56abfe7,text,https://ndownloader.figshare.com/files/61699939
4ad1d5f0-8b4b-4e54-b4a9-28f9f56abfe7,text,https://ndownloader.figshare.com/files/61699942
4ad1d5f0-8b4b-4e54-b4a9-28f9f56abfe7,text,https://ndownloader.figshare.com/files/61699945
4ad1d5f0-8b4b-4e54-b4a9-28f9f56abfe7,text,https://ndownloader.figshare.com/files/61699948
4ad1d5f0-8b4b-4e54-b4a9-28f9f56abfe7,text,https://ndownloader.figshare.com/files/61699951
4ad1d5f0-8b4b-4e54-b4a9-28f9f56abfe7,text,https://ndownloader.figshare.com/files/61699954
4ad1d5f0-8b4b-4e54-b4a9-28f9f56abfe7,text,https://ndownloader.figshare.com/files/61699957
4ad1d5f0-8b4b-4e54-b4a9-28f9f56abfe7,text,https://ndownloader.figshare.com/files/61699960
4ad1d5f0-8b4b-4e54-b4a9-28f9f56abfe7,text,https://ndownloader.figshare.com/files/61699963
4ad1d5f0-8b4b-4e54-b4a9-28f9f56abfe7,text,https://ndownloader.figshare.com/files/61699966
4ad1d5f0-8b4b-4e54-b4a9-28f9f56abfe7,text,https://ndownloader.figshare.com/files/61699969
4ad1d5f0-8b4b-4e54-b4a9-28f9f56abfe7,text,https://ndownloader.figshare.com/files/61699972
4ad1d5f0-8b4b-4e54-b4a9-28f9f56abfe7,text,https://ndownloader.figshare.com/files/61699975
4ad1d5f0-8b4b-4e54-b4a9-28f9f56abfe7,text,https://ndownloader.figshare.com/files/61699978
4ad1d5f0-8b4b-4e54-b4a9-28f9f56abfe7,text,https://ndownloader.figshare.com/files/61700029
4ad1d5f0-8b4b-4e54-b4a9-28f9f56abfe7,text,https://ndownloader.figshare.com/files/61699984
4ad1d5f0-8b4b-4e54-b4a9-28f9f56abfe7,text,https://ndownloader.figshare.com/files/61699987
4ad1d5f0-8b4b-4e54-b4a9-28f9f56abfe7,text,https://ndownloader.figshare.com/files/61699990
4ad1d5f0-8b4b-4e54-b4a9-28f9f56abfe7,text,https://ndownloader.figshare.com/files/61699993
4ad1d5f0-8b4b-4e54-b4a9-28f9f56abfe7,text,https://ndownloader.figshare.com/files/61700044
4ad1d5f0-8b4b-4e54-b4a9-28f9f56abfe7,text,https://ndownloader.figshare.com/files/61699996
4ad1d5f0-8b4b-4e54-b4a9-28f9f56abfe7,text,https://ndownloader.figshare.com/files/61699999
4ad1d5f0-8b4b-4e54-b4a9-28f9f56abfe7,text,https://ndownloader.figshare.com/files/61700002
4ad1d5f0-8b4b-4e54-b4a9-28f9f56abfe7,text,https://ndownloader.figshare.com/files/61700005
4ad1d5f0-8b4b-4e54-b4a9-28f9f56abfe7,text,https://ndownloader.figshare.com/files/61700008
4ad1d5f0-8b4b-4e54-b4a9-28f9f56abfe7,text,https://ndownloader.figshare.com/files/61700011
4ad1d5f0-8b4b-4e54-b4a9-28f9f56abfe7,text,https://ndownloader.figshare.com/files/61700014
4ad1d5f0-8b4b-4e54-b4a9-28f9f56abfe7,text,https://ndownloader.figshare.com/files/61700017
4ad1d5f0-8b4b-4e54-b4a9-28f9f56abfe7,text,https://ndownloader.figshare.com/files/61700020
4ad1d5f0-8b4b-4e54-b4a9-28f9f56abfe7,text,https://ndownloader.figshare.com/files/61700023
4ad1d5f0-8b4b-4e54-b4a9-28f9f56abfe7,text,https://ndownloader.figshare.com/files/61700026
4ad1d5f0-8b4b-4e54-b4a9-28f9f56abfe7,text,https://ndownloader.figshare.com/files/61700032
4ad1d5f0-8b4b-4e54-b4a9-28f9f56abfe7,text,https://ndownloader.figshare.com/files/61700035
4ad1d5f0-8b4b-4e54-b4a9-28f9f56abfe7,text,https://ndownloader.figshare.com/files/61700038
4ad1d5f0-8b4b-4e54-b4a9-28f9f56abfe7,text,https://ndownloader.figshare.com/files/61700041
4ad1d5f0-8b4b-4e54-b4a9-28f9f56abfe7,text,https://ndownloader.figshare.com/files/61700047
4ad1d5f0-8b4b-4e54-b4a9-28f9f56abfe7,text,https://ndownloader.figshare.com/files/61700050
4ad1d5f0-8b4b-4e54-b4a9-28f9f56abfe7,text,https://ndownloader.figshare.com/files/61700053
4ad1d5f0-8b4b-4e54-b4a9-28f9f56abfe7,text,https://ndownloader.figshare.com/files/61700056
4ad1d5f0-8b4b-4e54-b4a9-28f9f56abfe7,text,https://ndownloader.figshare.com/files/61700059
4ad1d5f0-8b4b-4e54-b4a9-28f9f56abfe7,text,https://ndownloader.figshare.com/files/61700062
4ad1d5f0-8b4b-4e54-b4a9-28f9f56abfe7,text,https://ndownloader.figshare.com/files/61700068
4ad1d5f0-8b4b-4e54-b4a9-28f9f56abfe7,text,https://ndownloader.figshare.com/files/61700065
4ad1d5f0-8b4b-4e54-b4a9-28f9f56abfe7,text,https://ndownloader.figshare.com/files/61700071
4ad1d5f0-8b4b-4e54-b4a9-28f9f56abfe7,text,https://ndownloader.figshare.com/files/61700074
4ad1d5f0-8b4b-4e54-b4a9-28f9f56abfe7,text,https://ndownloader.figshare.com/files/61700077
4ad1d5f0-8b4b-4e54-b4a9-28f9f56abfe7,text,https://ndownloader.figshare.com/files/61700080
4ad1d5f0-8b4b-4e54-b4a9-28f9f56abfe7,text,https://ndownloader.figshare.com/files/61700083
4ad1d5f0-8b4b-4e54-b4a9-28f9f56abfe7,text,https://ndownloader.figshare.com/files/61700086
4ad1d5f0-8b4b-4e54-b4a9-28f9f56abfe7,text,https://ndownloader.figshare.com/files/61700110
4ad1d5f0-8b4b-4e54-b4a9-28f9f56abfe7,text,https://ndownloader.figshare.com/files/61700089
4ad1d5f0-8b4b-4e54-b4a9-28f9f56abfe7,text,https://ndownloader.figshare.com/files/61700092
4ad1d5f0-8b4b-4e54-b4a9-28f9f56abfe7,text,https://ndownloader.figshare.com/files/61700095
4ad1d5f0-8b4b-4e54-b4a9-28f9f56abfe7,text,https://ndownloader.figshare.com/files/61700098
4ad1d5f0-8b4b-4e54-b4a9-28f9f56abfe7,text,https://ndownloader.figshare.com/files/61700101
4ad1d5f0-8b4b-4e54-b4a9-28f9f56abfe7,text,https://ndownloader.figshare.com/files/61700104
4ad1d5f0-8b4b-4e54-b4a9-28f9f56abfe7,text,https://ndownloader.figshare.com/files/61700107
4ad1d5f0-8b4b-4e54-b4a9-28f9f56abfe7,text,https://ndownloader.figshare.com/files/61700113
4ad1d5f0-8b4b-4e54-b4a9-28f9f56abfe7,text,https://ndownloader.figshare.com/files/61700116
4ad1d5f0-8b4b-4e54-b4a9-28f9f56abfe7,text,https://ndownloader.figshare.com/files/61700119
4ad1d5f0-8b4b-4e54-b4a9-28f9f56abfe7,text,https://ndownloader.figshare.com/files/61700122
4ad1d5f0-8b4b-4e54-b4a9-28f9f56abfe7,text,https://ndownloader.figshare.com/files/61700125
4ad1d5f0-8b4b-4e54-b4a9-28f9f56abfe7,text,https://ndownloader.figshare.com/files/61700128
4ad1d5f0-8b4b-4e54-b4a9-28f9f56abfe7,text,https://ndownloader.figshare.com/files/61700131
4ad1d5f0-8b4b-4e54-b4a9-28f9f56abfe7,text,https://ndownloader.figshare.com/files/61700134
4ad1d5f0-8b4b-4e54-b4a9-28f9f56abfe7,text,https://ndownloader.figshare.com/files/61700137
4ad1d5f0-8b4b-4e54-b4a9-28f9f56abfe7,text,https://ndownloader.figshare.com/files/61700140
4ad1d5f0-8b4b-4e54-b4a9-28f9f56abfe7,text,https://ndownloader.figshare.com/files/61700143
4ad1d5f0-8b4b-4e54-b4a9-28f9f56abfe7,text,https://ndownloader.figshare.com/files/61700146
4ad1d5f0-8b4b-4e54-b4a9-28f9f56abfe7,text,https://ndownloader.figshare.com/files/61700149
4ad1d5f0-8b4b-4e54-b4a9-28f9f56abfe7,text,https://ndownloader.figshare.com/files/61700152
4ad1d5f0-8b4b-4e54-b4a9-28f9f56abfe7,text,https://ndownloader.figshare.com/files/61700155
4ad1d5f0-8b4b-4e54-b4a9-28f9f56abfe7,text,https://ndownloader.figshare.com/files/61700161
4ad1d5f0-8b4b-4e54-b4a9-28f9f56abfe7,text,https://ndownloader.figshare.com/files/61700164
4ad1d5f0-8b4b-4e54-b4a9-28f9f56abfe7,text,https://ndownloader.figshare.com/files/61700167
4ad1d5f0-8b4b-4e54-b4a9-28f9f56abfe7,text,https://ndownloader.figshare.com/files/61700170
4ad1d5f0-8b4b-4e54-b4a9-28f9f56abfe7,text,https://ndownloader.figshare.com/files/61700173
4ad1d5f0-8b4b-4e54-b4a9-28f9f56abfe7,text,https://ndownloader.figshare.com/files/61700176
4ad1d5f0-8b4b-4e54-b4a9-28f9f56abfe7,text,https://ndownloader.figshare.com/files/61700248
4ad1d5f0-8b4b-4e54-b4a9-28f9f56abfe7,text,https://ndownloader.figshare.com/files/61700179
4ad1d5f0-8b4b-4e54-b4a9-28f9f56abfe7,text,https://ndownloader.figshare.com/files/61700182
4ad1d5f0-8b4b-4e54-b4a9-28f9f56abfe7,text,https://ndownloader.figshare.com/files/61700185
4ad1d5f0-8b4b-4e54-b4a9-28f9f56abfe7,text,https://ndownloader.figshare.com/files/61700188
4ad1d5f0-8b4b-4e54-b4a9-28f9f56abfe7,text,https://ndownloader.figshare.com/files/61700191
4ad1d5f0-8b4b-4e54-b4a9-28f9f56abfe7,text,https://ndownloader.figshare.com/files/61700194
4ad1d5f0-8b4b-4e54-b4a9-28f9f56abfe7,text,https://ndownloader.figshare.com/files/61700197
4ad1d5f0-8b4b-4e54-b4a9-28f9f56abfe7,text,https://ndownloader.figshare.com/files/61700200
4ad1d5f0-8b4b-4e54-b4a9-28f9f56abfe7,text,https://ndownloader.figshare.com/files/61700203
4ad1d5f0-8b4b-4e54-b4a9-28f9f56abfe7,text,https://ndownloader.figshare.com/files/61700206
4ad1d5f0-8b4b-4e54-b4a9-28f9f56abfe7,text,https://ndownloader.figshare.com/files/61700209
4ad1d5f0-8b4b-4e54-b4a9-28f9f56abfe7,text,https://ndownloader.figshare.com/files/61700278
4ad1d5f0-8b4b-4e54-b4a9-28f9f56abfe7,text,https://ndownloader.figshare.com/files/61700212
4ad1d5f0-8b4b-4e54-b4a9-28f9f56abfe7,text,https://ndownloader.figshare.com/files/61700215
4ad1d5f0-8b4b-4e54-b4a9-28f9f56abfe7,text,https://ndownloader.figshare.com/files/61700218
4ad1d5f0-8b4b-4e54-b4a9-28f9f56abfe7,text,https://ndownloader.figshare.com/files/61700221
4ad1d5f0-8b4b-4e54-b4a9-28f9f56abfe7,text,https://ndownloader.figshare.com/files/61700224
4ad1d5f0-8b4b-4e54-b4a9-28f9f56abfe7,text,https://ndownloader.figshare.com/files/61700227
4ad1d5f0-8b4b-4e54-b4a9-28f9f56abfe7,text,https://ndownloader.figshare.com/files/61700230
4ad1d5f0-8b4b-4e54-b4a9-28f9f56abfe7,text,https://ndownloader.figshare.com/files/61700233
4ad1d5f0-8b4b-4e54-b4a9-28f9f56abfe7,text,https://ndownloader.figshare.com/files/61700236
4ad1d5f0-8b4b-4e54-b4a9-28f9f56abfe7,text,https://ndownloader.figshare.com/files/61700239
4ad1d5f0-8b4b-4e54-b4a9-28f9f56abfe7,text,https://ndownloader.figshare.com/files/61700242
4ad1d5f0-8b4b-4e54-b4a9-28f9f56abfe7,text,https://ndownloader.figshare.com/files/61700308
4ad1d5f0-8b4b-4e54-b4a9-28f9f56abfe7,text,https://ndownloader.figshare.com/files/61700245
4ad1d5f0-8b4b-4e54-b4a9-28f9f56abfe7,text,https://ndownloader.figshare.com/files/61700251
4ad1d5f0-8b4b-4e54-b4a9-28f9f56abfe7,text,https://ndownloader.figshare.com/files/61700254
4ad1d5f0-8b4b-4e54-b4a9-28f9f56abfe7,text,https://ndownloader.figshare.com/files/61700257
4ad1d5f0-8b4b-4e54-b4a9-28f9f56abfe7,text,https://ndownloader.figshare.com/files/61700260
4ad1d5f0-8b4b-4e54-b4a9-28f9f56abfe7,text,https://ndownloader.figshare.com/files/61700263
4ad1d5f0-8b4b-4e54-b4a9-28f9f56abfe7,text,https://ndownloader.figshare.com/files/61700266
4ad1d5f0-8b4b-4e54-b4a9-28f9f56abfe7,text,https://ndownloader.figshare.com/files/61700269
4ad1d5f0-8b4b-4e54-b4a9-28f9f56abfe7,text,https://ndownloader.figshare.com/files/61700272
4ad1d5f0-8b4b-4e54-b4a9-28f9f56abfe7,text,https://ndownloader.figshare.com/files/61700275
4ad1d5f0-8b4b-4e54-b4a9-28f9f56abfe7,text,https://ndownloader.figshare.com/files/61700281
4ad1d5f0-8b4b-4e54-b4a9-28f9f56abfe7,text,https://ndownloader.figshare.com/files/61700284
4ad1d5f0-8b4b-4e54-b4a9-28f9f56abfe7,text,https://ndownloader.figshare.com/files/61700287
4ad1d5f0-8b4b-4e54-b4a9-28f9f56abfe7,text,https://ndownloader.figshare.com/files/61700290
4ad1d5f0-8b4b-4e54-b4a9-28f9f56abfe7,text,https://ndownloader.figshare.com/files/61700293
4ad1d5f0-8b4b-4e54-b4a9-28f9f56abfe7,text,https://ndownloader.figshare.com/files/61700296
4ad1d5f0-8b4b-4e54-b4a9-28f9f56abfe7,text,https://ndownloader.figshare.com/files/61700299
4ad1d5f0-8b4b-4e54-b4a9-28f9f56abfe7,text,https://ndownloader.figshare.com/files/61700302
4ad1d5f0-8b4b-4e54-b4a9-28f9f56abfe7,text,https://ndownloader.figshare.com/files/61700305
4ad1d5f0-8b4b-4e54-b4a9-28f9f56abfe7,text,https://ndownloader.figshare.com/files/61700311
4ad1d5f0-8b4b-4e54-b4a9-28f9f56abfe7,text,https://ndownloader.figshare.com/files/61700353
4ad1d5f0-8b4b-4e54-b4a9-28f9f56abfe7,text,https://ndownloader.figshare.com/files/61700314
4ad1d5f0-8b4b-4e54-b4a9-28f9f56abfe7,text,https://ndownloader.figshare.com/files/61700317
4ad1d5f0-8b4b-4e54-b4a9-28f9f56abfe7,text,https://ndownloader.figshare.com/files/61700320
4ad1d5f0-8b4b-4e54-b4a9-28f9f56abfe7,text,https://ndownloader.figshare.com/files/61700323
4ad1d5f0-8b4b-4e54-b4a9-28f9f56abfe7,text,https://ndownloader.figshare.com/files/61700326
4ad1d5f0-8b4b-4e54-b4a9-28f9f56abfe7,text,https://ndownloader.figshare.com/files/61700329
4ad1d5f0-8b4b-4e54-b4a9-28f9f56abfe7,text,https://ndownloader.figshare.com/files/61700332
4ad1d5f0-8b4b-4e54-b4a9-28f9f56abfe7,text,https://ndownloader.figshare.com/files/61700335
4ad1d5f0-8b4b-4e54-b4a9-28f9f56abfe7,text,https://ndownloader.figshare.com/files/61700338
4ad1d5f0-8b4b-4e54-b4a9-28f9f56abfe7,text,https://ndownloader.figshare.com/files/61700341
4ad1d5f0-8b4b-4e54-b4a9-28f9f56abfe7,text,https://ndownloader.figshare.com/files/61700344
4ad1d5f0-8b4b-4e54-b4a9-28f9f56abfe7,text,https://ndownloader.figshare.com/files/61700347
4ad1d5f0-8b4b-4e54-b4a9-28f9f56abfe7,text,https://ndownloader.figshare.com/files/61700350
4ad1d5f0-8b4b-4e54-b4a9-28f9f56abfe7,text,https://ndownloader.figshare.com/files/61700356
4ad1d5f0-8b4b-4e54-b4a9-28f9f56abfe7,text,https://ndownloader.figshare.com/files/61700359
4ad1d5f0-8b4b-4e54-b4a9-28f9f56abfe7,text,https://ndownloader.figshare.com/files/61700362
4ad1d5f0-8b4b-4e54-b4a9-28f9f56abfe7,text,https://ndownloader.figshare.com/files/61700392
4ad1d5f0-8b4b-4e54-b4a9-28f9f56abfe7,text,https://ndownloader.figshare.com/files/61700365
4ad1d5f0-8b4b-4e54-b4a9-28f9f56abfe7,text,https://ndownloader.figshare.com/files/61700368
4ad1d5f0-8b4b-4e54-b4a9-28f9f56abfe7,text,https://ndownloader.figshare.com/files/61700371
4ad1d5f0-8b4b-4e54-b4a9-28f9f56abfe7,text,https://ndownloader.figshare.com/files/61700374
4ad1d5f0-8b4b-4e54-b4a9-28f9f56abfe7,text,https://ndownloader.figshare.com/files/61700377
4ad1d5f0-8b4b-4e54-b4a9-28f9f56abfe7,text,https://ndownloader.figshare.com/files/61700380
4ad1d5f0-8b4b-4e54-b4a9-28f9f56abfe7,text,https://ndownloader.figshare.com/files/61700383
4ad1d5f0-8b4b-4e54-b4a9-28f9f56abfe7,text,https://ndownloader.figshare.com/files/61700386
4ad1d5f0-8b4b-4e54-b4a9-28f9f56abfe7,text,https://ndownloader.figshare.com/files/61700389
4ad1d5f0-8b4b-4e54-b4a9-28f9f56abfe7,text,https://ndownloader.figshare.com/files/61700395
4ad1d5f0-8b4b-4e54-b4a9-28f9f56abfe7,text,https://ndownloader.figshare.com/files/61700398
4ad1d5f0-8b4b-4e54-b4a9-28f9f56abfe7,text,https://ndownloader.figshare.com/files/61700401
4ad1d5f0-8b4b-4e54-b4a9-28f9f56abfe7,text,https://ndownloader.figshare.com/files/61700404
4ad1d5f0-8b4b-4e54-b4a9-28f9f56abfe7,text,https://ndownloader.figshare.com/files/61700407
4ad1d5f0-8b4b-4e54-b4a9-28f9f56abfe7,text,https://ndownloader.figshare.com/files/61700410
4ad1d5f0-8b4b-4e54-b4a9-28f9f56abfe7,text,https://ndownloader.figshare.com/files/61700413
4ad1d5f0-8b4b-4e54-b4a9-28f9f56abfe7,text,https://ndownloader.figshare.com/files/61700416
4ad1d5f0-8b4b-4e54-b4a9-28f9f56abfe7,text,https://ndownloader.figshare.com/files/61700419
4ad1d5f0-8b4b-4e54-b4a9-28f9f56abfe7,text,https://ndownloader.figshare.com/files/61700422
4ad1d5f0-8b4b-4e54-b4a9-28f9f56abfe7,text,https://ndownloader.figshare.com/files/61700425
4ad1d5f0-8b4b-4e54-b4a9-28f9f56abfe7,text,https://ndownloader.figshare.com/files/61700428
4ad1d5f0-8b4b-4e54-b4a9-28f9f56abfe7,text,https://ndownloader.figshare.com/files/61700431
4ad1d5f0-8b4b-4e54-b4a9-28f9f56abfe7,text,https://ndownloader.figshare.com/files/61700434
4ad1d5f0-8b4b-4e54-b4a9-28f9f56abfe7,text,https://ndownloader.figshare.com/files/61700437
4ad1d5f0-8b4b-4e54-b4a9-28f9f56abfe7,text,https://ndownloader.figshare.com/files/61700440
4ad1d5f0-8b4b-4e54-b4a9-28f9f56abfe7,text,https://ndownloader.figshare.com/files/61700443
4ad1d5f0-8b4b-4e54-b4a9-28f9f56abfe7,text,https://ndownloader.figshare.com/files/61700446
4ad1d5f0-8b4b-4e54-b4a9-28f9f56abfe7,text,https://ndownloader.figshare.com/files/61700449
4ad1d5f0-8b4b-4e54-b4a9-28f9f56abfe7,text,https://ndownloader.figshare.com/files/61700452
4ad1d5f0-8b4b-4e54-b4a9-28f9f56abfe7,text,https://ndownloader.figshare.com/files/61700455
4ad1d5f0-8b4b-4e54-b4a9-28f9f56abfe7,text,https://ndownloader.figshare.com/files/61700458
4ad1d5f0-8b4b-4e54-b4a9-28f9f56abfe7,text,https://ndownloader.figshare.com/files/61700461
4ad1d5f0-8b4b-4e54-b4a9-28f9f56abfe7,text,https://ndownloader.figshare.com/files/61700473
4ad1d5f0-8b4b-4e54-b4a9-28f9f56abfe7,text,https://ndownloader.figshare.com/files/61700464
4ad1d5f0-8b4b-4e54-b4a9-28f9f56abfe7,text,https://ndownloader.figshare.com/files/61700467
4ad1d5f0-8b4b-4e54-b4a9-28f9f56abfe7,text,https://ndownloader.figshare.com/files/61700470
4ad1d5f0-8b4b-4e54-b4a9-28f9f56abfe7,text,https://ndownloader.figshare.com/files/61700476
4ad1d5f0-8b4b-4e54-b4a9-28f9f56abfe7,text,https://ndownloader.figshare.com/files/61700479
4ad1d5f0-8b4b-4e54-b4a9-28f9f56abfe7,text,https://ndownloader.figshare.com/files/61700482
4ad1d5f0-8b4b-4e54-b4a9-28f9f56abfe7,text,https://ndownloader.figshare.com/files/61700485
4ad1d5f0-8b4b-4e54-b4a9-28f9f56abfe7,text,https://ndownloader.figshare.com/files/61700488
4ad1d5f0-8b4b-4e54-b4a9-28f9f56abfe7,text,https://ndownloader.figshare.com/files/61700491
fd2e4b05-f631-459b-b11d-b058c82ab869,xls,https://ndownloader.figshare.com/files/60564689
ad4ff784-39bd-4c55-a228-3f779efc1732,csv,https://ndownloader.figshare.com/files/61855522
ad4ff784-39bd-4c55-a228-3f779efc1732,csv,https://ndownloader.figshare.com/files/61855525
ad4ff784-39bd-4c55-a228-3f779efc1732,csv,https://ndownloader.figshare.com/files/61855528
ad4ff784-39bd-4c55-a228-3f779efc1732,csv,https://ndownloader.figshare.com/files/61855531
ad4ff784-39bd-4c55-a228-3f779efc1732,csv,https://ndownloader.figshare.com/files/61855534
ad4ff784-39bd-4c55-a228-3f779efc1732,csv,https://ndownloader.figshare.com/files/61855537
ad4ff784-39bd-4c55-a228-3f779efc1732,csv,https://ndownloader.figshare.com/files/61855540
ad4ff784-39bd-4c55-a228-3f779efc1732,csv,https://ndownloader.figshare.com/files/61855543
ad4ff784-39bd-4c55-a228-3f779efc1732,csv,https://ndownloader.figshare.com/files/61855546
10fbc3b8-ac6a-4abd-bc80-acf76855d43b,zip,https://v18ovhrtay724.aa.ad.epa.gov/FRS/downloads/ESF10.gdb.zip
10fbc3b8-ac6a-4abd-bc80-acf76855d43b,esri rest,https://igeo.epa.gov/arcgis/rest/services/OEI/FRS_ESF10/MapServer
8136a78f-162b-49e1-b6c0-42b352b3b706,csv,https://iris.fws.gov/APPS/ServCat/DownloadFile/294819?Reference=186583
a0411962-c8e1-456f-83fb-dfa59a6de125,zip,https://iris.fws.gov/APPS/ServCat/DownloadFile/294794?Reference=191805
a0411962-c8e1-456f-83fb-dfa59a6de125,json,https://iris.fws.gov/APPS/ServCat/DownloadFile/294804?Reference=191805
3bbf6b1c-c050-41ef-9169-353e59cea445,bin,ftps://spdf.gsfc.nasa.gov/pub/data/isis/topside_sounder/ionogram_cdf/isis2/
3bbf6b1c-c050-41ef-9169-353e59cea445,bin,https://spdf.gsfc.nasa.gov/pub/data/isis/topside_sounder/ionogram_cdf/isis2/
3bbf6b1c-c050-41ef-9169-353e59cea445,bin,https://cdaweb.gsfc.nasa.gov/sp_phys/
3bbf6b1c-c050-41ef-9169-353e59cea445,bin,https://hpde.io/NASA/NumericalData/ISIS2/SFS/AverageIonogram/Ahmedabad/PT22S
3bbf6b1c-c050-41ef-9169-353e59cea445,bin,https://hpde.io/NASA/NumericalData/ISIS2/SFS/AverageIonogram/AscensionIsland/PT22S
3bbf6b1c-c050-41ef-9169-353e59cea445,bin,https://hpde.io/NASA/NumericalData/ISIS2/SFS/AverageIonogram/Brazzaville/PT22S
3bbf6b1c-c050-41ef-9169-353e59cea445,bin,https://hpde.io/NASA/NumericalData/ISIS2/SFS/AverageIonogram/Fairbanks/PT22S
3bbf6b1c-c050-41ef-9169-353e59cea445,bin,https://hpde.io/NASA/NumericalData/ISIS2/SFS/AverageIonogram/FalklandIslands/PT22S
3bbf6b1c-c050-41ef-9169-353e59cea445,bin,https://hpde.io/NASA/NumericalData/ISIS2/SFS/AverageIonogram/Johannesburg/PT22S
3bbf6b1c-c050-41ef-9169-353e59cea445,bin,https://hpde.io/NASA/NumericalData/ISIS2/SFS/AverageIonogram/Kashima/PT22S
3bbf6b1c-c050-41ef-9169-353e59cea445,bin,https://hpde.io/NASA/NumericalData/ISIS2/SFS/AverageIonogram/KerguelenIsland/PT22S
3bbf6b1c-c050-41ef-9169-353e59cea445,bin,https://hpde.io/NASA/NumericalData/ISIS2/SFS/AverageIonogram/Kourou/PT22S
3bbf6b1c-c050-41ef-9169-353e59cea445,bin,https://hpde.io/NASA/NumericalData/ISIS2/SFS/AverageIonogram/Kwajalein/PT22S
3bbf6b1c-c050-41ef-9169-353e59cea445,bin,https://hpde.io/NASA/NumericalData/ISIS2/SFS/AverageIonogram/LasPalmas/PT22S
3bbf6b1c-c050-41ef-9169-353e59cea445,bin,https://hpde.io/NASA/NumericalData/ISIS2/SFS/AverageIonogram/Lauder/PT22S
3bbf6b1c-c050-41ef-9169-353e59cea445,bin,https://hpde.io/NASA/NumericalData/ISIS2/SFS/AverageIonogram/Orroral/PT22S
3bbf6b1c-c050-41ef-9169-353e59cea445,bin,https://hpde.io/NASA/NumericalData/ISIS2/SFS/AverageIonogram/Ottawa/PT22S
3bbf6b1c-c050-41ef-9169-353e59cea445,bin,https://hpde.io/NASA/NumericalData/ISIS2/SFS/AverageIonogram/Ouagadougou/PT22S
3bbf6b1c-c050-41ef-9169-353e59cea445,bin,https://hpde.io/NASA/NumericalData/ISIS1/SFS/AverageIonogram/Quito/PT29S
3bbf6b1c-c050-41ef-9169-353e59cea445,bin,https://hpde.io/NASA/NumericalData/ISIS2/SFS/AverageIonogram/ResoluteBay/PT22S
3bbf6b1c-c050-41ef-9169-353e59cea445,bin,https://hpde.io/NASA/NumericalData/ISIS2/SFS/AverageIonogram/Santiago/PT22S
3bbf6b1c-c050-41ef-9169-353e59cea445,bin,https://hpde.io/NASA/NumericalData/ISIS2/SFS/AverageIonogram/Sodankyla/PT22S
3bbf6b1c-c050-41ef-9169-353e59cea445,bin,https://hpde.io/NASA/NumericalData/ISIS2/SFS/AverageIonogram/SyowaBase/PT22S
3bbf6b1c-c050-41ef-9169-353e59cea445,bin,https://hpde.io/NASA/NumericalData/ISIS2/SFS/AverageIonogram/TerreAdelie/PT22S
3bbf6b1c-c050-41ef-9169-353e59cea445,bin,https://hpde.io/NASA/NumericalData/ISIS2/SFS/AverageIonogram/Tromso/PT22S
3bbf6b1c-c050-41ef-9169-353e59cea445,bin,https://hpde.io/NASA/NumericalData/ISIS2/SFS/AverageIonogram/Winkfield/PT22S
3bbf6b1c-c050-41ef-9169-353e59cea445,html,https://nssdc.gsfc.nasa.gov/space/isis/isis-status.html
3bbf6b1c-c050-41ef-9169-353e59cea445,bin,https://nssdc.gsfc.nasa.gov/nmc/experiment/display.action?id=1971-024A-01
be034bc8-6074-489e-9163-4a0df4886ed0,html,https://omniweb.gsfc.nasa.gov/coho/helios/heli.html
be034bc8-6074-489e-9163-4a0df4886ed0,html,https://omniweb.gsfc.nasa.gov/coho/helios/about_helioweb.html
be034bc8-6074-489e-9163-4a0df4886ed0,text,https://omniweb.gsfc.nasa.gov/coho/helios/helioweb_command_line_sample.txt
be034bc8-6074-489e-9163-4a0df4886ed0,html,https://omniweb.gsfc.nasa.gov/coho/helios/coor_des.html
be034bc8-6074-489e-9163-4a0df4886ed0,bin,https://sscweb.gsfc.nasa.gov
be034bc8-6074-489e-9163-4a0df4886ed0,bin,https://ssd.jpl.nasa.gov/horizons.cgi
1534c39a-9887-4137-bc61-0816fc5e682b,bin,ftp://mussel.srl.caltech.edu/pub/stereo/Position/behind/
1534c39a-9887-4137-bc61-0816fc5e682b,html,http://www.srl.caltech.edu/STEREO/attorb.html
58e2179b-161e-4287-9bd4-7bb03b3a563e,api,https://services1.arcgis.com/fBc8EJBxQRMcHlei/arcgis/rest/services/LECL_Lewis_and_Clark_NHT_Trail_Corridor/FeatureServer
07377676-e4a9-45aa-87b2-2399752c4748,zip,https://irma.nps.gov/DataStore/DownloadFile/689232?Reference=2299599
10bb8035-076e-490c-bc2e-c9e48f21e168,bin,https://vertex.daac.asf.alaska.edu/
10bb8035-076e-490c-bc2e-c9e48f21e168,iso,https://cmr.earthdata.nasa.gov/search/concepts/C1243255360-ASF.iso19115
7551c417-a4db-43ba-8672-814bec07c934,bin,https://vertex.daac.asf.alaska.edu/
7551c417-a4db-43ba-8672-814bec07c934,iso,https://cmr.earthdata.nasa.gov/search/concepts/C1243168866-ASF.iso19115
97f72094-2e70-4260-833b-fae844f080f4,bin,https://vertex.daac.asf.alaska.edu/
97f72094-2e70-4260-833b-fae844f080f4,iso,https://cmr.earthdata.nasa.gov/search/concepts/C1243215430-ASF.iso19115
e78e9dfe-0d33-4a4f-9f88-07b0c1009c94,bin,https://vertex.daac.asf.alaska.edu/
e78e9dfe-0d33-4a4f-9f88-07b0c1009c94,iso,https://cmr.earthdata.nasa.gov/search/concepts/C1243228612-ASF.iso19115
11cbf273-4756-4dc6-98a5-e0670ffdc06f,,https://coast.noaa.gov/dataviewer/#/imagery/search/where:ID=14014
11cbf273-4756-4dc6-98a5-e0670ffdc06f,html,https://coastalimagery.blob.core.windows.net/digitalcoast/GulfportLA_RGBN_2025_14014/index.html
11cbf273-4756-4dc6-98a5-e0670ffdc06f,,https://www.fisheries.noaa.gov/inport/item/79394
11cbf273-4756-4dc6-98a5-e0670ffdc06f,,https://coast.noaa.gov/
11cbf273-4756-4dc6-98a5-e0670ffdc06f,,https://coast.noaa.gov/dataviewer/
11cbf273-4756-4dc6-98a5-e0670ffdc06f,,https://geodesy.noaa.gov/
11cbf273-4756-4dc6-98a5-e0670ffdc06f,,https://geodesy.noaa.gov/
11cbf273-4756-4dc6-98a5-e0670ffdc06f,,https://forum.earthdata.nasa.gov/app.php/tag/GCMD%2BKeywords
11cbf273-4756-4dc6-98a5-e0670ffdc06f,pdf,https://www.fisheries.noaa.gov/inportserve/waf/noaa/nos/ngs/dmp/pdf/79394.pdf
b4cd8592-dba6-4487-a7ad-87cdd3c0183a,,https://coast.noaa.gov/dataviewer/#/lidar/search/where:ID=13998
b4cd8592-dba6-4487-a7ad-87cdd3c0183a,html,https://noaa-nos-coastal-lidar-pds.s3.amazonaws.com/laz/geoid18/13998/index.html
b4cd8592-dba6-4487-a7ad-87cdd3c0183a,,https://www.fisheries.noaa.gov/inport/item/79282
b4cd8592-dba6-4487-a7ad-87cdd3c0183a,,https://geodesy.noaa.gov/
b4cd8592-dba6-4487-a7ad-87cdd3c0183a,pdf,https://noaa-nos-coastal-lidar-pds.s3.amazonaws.com/laz/geoid18/13998/supplemental/VA2302_TB-C_VA_Riverine_Report.pdf
b4cd8592-dba6-4487-a7ad-87cdd3c0183a,,https://coast.noaa.gov
b4cd8592-dba6-4487-a7ad-87cdd3c0183a,,https://forum.earthdata.nasa.gov/app.php/tag/GCMD%2BKeywords
b4cd8592-dba6-4487-a7ad-87cdd3c0183a,pdf,https://www.fisheries.noaa.gov/inportserve/waf/noaa/nos/ngs/dmp/pdf/79282.pdf
7546b738-7c61-4055-9390-71c377378016,html,https://heasarc.gsfc.nasa.gov/W3Browse/all/galcenpspc.html
7546b738-7c61-4055-9390-71c377378016,bin,https://heasarc.gsfc.nasa.gov/xamin/vo/cone?showoffsets&table=galcenpspc&
50326fbb-071f-4f1d-bff6-d9f3589b403d,html,https://heasarc.gsfc.nasa.gov/W3Browse/all/rbs.html
50326fbb-071f-4f1d-bff6-d9f3589b403d,bin,https://heasarc.gsfc.nasa.gov/xamin/vo/cone?showoffsets&table=rbs&
ff0f4ff0-09b4-4067-bbea-9f9f921a9a05,bin,https://lsda.jsc.nasa.gov/scripts/experiment/exper.aspx?exp_index=1779
ff0f4ff0-09b4-4067-bbea-9f9f921a9a05,bin,https://osdr.nasa.gov/bio/repo/data/missions/STS-135
ff0f4ff0-09b4-4067-bbea-9f9f921a9a05,bin,https://osdr.nasa.gov/bio/repo/data/studies/OSD-58
b5746398-1d8f-4116-82f7-69533d4bfc61,bin,https://lsda.jsc.nasa.gov/scripts/experiment/exper.aspx?exp_index=13900
b5746398-1d8f-4116-82f7-69533d4bfc61,bin,https://osdr.nasa.gov/bio/repo/data/missions/SpaceX-9
b5746398-1d8f-4116-82f7-69533d4bfc61,bin,https://osdr.nasa.gov/bio/repo/data/studies/OSD-138
354e118e-2a02-4036-b32f-751b3d3345c5,png,https://docserver.gesdisc.eosdis.nasa.gov/public/project/Images/AIRS2STC_005.png
354e118e-2a02-4036-b32f-751b3d3345c5,html,https://disc.gsfc.nasa.gov/datacollection/AIRS2STC_005.html
354e118e-2a02-4036-b32f-751b3d3345c5,bin,https://airsl2.gesdisc.eosdis.nasa.gov/data/Aqua_AIRS_Level2/AIRS2STC.005/
354e118e-2a02-4036-b32f-751b3d3345c5,html,https://airsl2.gesdisc.eosdis.nasa.gov/opendap/Aqua_AIRS_Level2/AIRS2STC.005/contents.html
354e118e-2a02-4036-b32f-751b3d3345c5,bin,https://search.earthdata.nasa.gov/search?q=AIRS2STC%2B005
354e118e-2a02-4036-b32f-751b3d3345c5,html,https://airs.jpl.nasa.gov/index.html
354e118e-2a02-4036-b32f-751b3d3345c5,bin,https://disc.gsfc.nasa.gov/information/documents?title=AIRS%2520Documentation
354e118e-2a02-4036-b32f-751b3d3345c5,pdf,https://docserver.gesdisc.eosdis.nasa.gov/repository/Mission/AIRS/3.3_ScienceDataProductDocumentation/3.3.4_ProductGenerationAlgorithms/AIRS-V5-Tropospheric-CO2-Products.pdf
354e118e-2a02-4036-b32f-751b3d3345c5,pdf,https://docserver.gesdisc.eosdis.nasa.gov/repository/Mission/AIRS/3.7_ScienceDataProductValidation/V5_CalVal_Status_Summary.pdf
354e118e-2a02-4036-b32f-751b3d3345c5,pdf,https://eospso.gsfc.nasa.gov/sites/default/files/atbd/20070301_L2_ATBD_signed.pdf
354e118e-2a02-4036-b32f-751b3d3345c5,iso,https://cmr.earthdata.nasa.gov/search/concepts/C1243477371-GES_DISC.iso19115
23e35c53-bdc7-4009-815e-2c624dd182d4,bin,https://docserver.gesdisc.eosdis.nasa.gov/public/project/Images/AIRVBQAP_NRT_005.gif
23e35c53-bdc7-4009-815e-2c624dd182d4,html,https://disc.gsfc.nasa.gov/datacollection/AIRVBQAP_NRT_005.html
23e35c53-bdc7-4009-815e-2c624dd182d4,bin,https://discnrt1.gesdisc.eosdis.nasa.gov/data/Aqua_AIRS_NRT/AIRVBQAP_NRT.005/
23e35c53-bdc7-4009-815e-2c624dd182d4,html,https://discnrt1.gesdisc.eosdis.nasa.gov/opendap/Aqua_AIRS_NRT/AIRVBQAP_NRT.005/contents.html
23e35c53-bdc7-4009-815e-2c624dd182d4,bin,https://search.earthdata.nasa.gov/search?q=AIRVBQAP_NRT%2B005
23e35c53-bdc7-4009-815e-2c624dd182d4,html,https://airs.jpl.nasa.gov/index.html
23e35c53-bdc7-4009-815e-2c624dd182d4,bin,https://disc.gsfc.nasa.gov/information/documents?title=AIRS%2520Documentation
23e35c53-bdc7-4009-815e-2c624dd182d4,pdf,https://docserver.gesdisc.eosdis.nasa.gov/repository/Mission/AIRS/3.3_ScienceDataProductDocumentation/3.3.4_ProductGenerationAlgorithms/README.AIRVBRAD.pdf
23e35c53-bdc7-4009-815e-2c624dd182d4,pdf,https://docserver.gesdisc.eosdis.nasa.gov/repository/Mission/AIRS/3.3_ScienceDataProductDocumentation/3.3.5_ProductQuality/nrt_memo_v6.pdf
23e35c53-bdc7-4009-815e-2c624dd182d4,pdf,https://docserver.gesdisc.eosdis.nasa.gov/repository/Mission/AIRS/3.7_ScienceDataProductValidation/V5_CalVal_Status_Summary.pdf
23e35c53-bdc7-4009-815e-2c624dd182d4,pdf,https://eospso.gsfc.nasa.gov/sites/default/files/atbd/AIRS_L1B_ATBD_Part_2.pdf
23e35c53-bdc7-4009-815e-2c624dd182d4,iso,https://cmr.earthdata.nasa.gov/search/concepts/C1233768983-GES_DISC.iso19115
237da9f7-fa8d-4c54-84b8-316f609dbdd9,jpeg,https://docserver.gesdisc.eosdis.nasa.gov/public/project/Images/AIRABRAD_NRT_005.jpeg
237da9f7-fa8d-4c54-84b8-316f609dbdd9,html,https://disc.gsfc.nasa.gov/datacollection/AIRABRAD_NRT_005.html
237da9f7-fa8d-4c54-84b8-316f609dbdd9,bin,https://discnrt1.gesdisc.eosdis.nasa.gov/data/Aqua_AIRS_NRT/AIRABRAD_NRT.005/
237da9f7-fa8d-4c54-84b8-316f609dbdd9,html,https://discnrt1.gesdisc.eosdis.nasa.gov/opendap/Aqua_AIRS_NRT/AIRABRAD_NRT.005/contents.html
237da9f7-fa8d-4c54-84b8-316f609dbdd9,bin,https://search.earthdata.nasa.gov/search?q=AIRABRAD_NRT%2B005
237da9f7-fa8d-4c54-84b8-316f609dbdd9,html,https://airs.jpl.nasa.gov/index.html
237da9f7-fa8d-4c54-84b8-316f609dbdd9,bin,https://disc.gsfc.nasa.gov/information/documents?title=AIRS%2520Documentation
237da9f7-fa8d-4c54-84b8-316f609dbdd9,pdf,https://docserver.gesdisc.eosdis.nasa.gov/repository/Mission/AIRS/3.3_ScienceDataProductDocumentation/3.3.4_ProductGenerationAlgorithms/README.AIRABRAD.pdf
237da9f7-fa8d-4c54-84b8-316f609dbdd9,pdf,https://docserver.gesdisc.eosdis.nasa.gov/repository/Mission/AIRS/3.3_ScienceDataProductDocumentation/3.3.5_ProductQuality/nrt_memo_v6.pdf
237da9f7-fa8d-4c54-84b8-316f609dbdd9,pdf,https://docserver.gesdisc.eosdis.nasa.gov/repository/Mission/AIRS/3.7_ScienceDataProductValidation/V5_CalVal_Status_Summary.pdf
237da9f7-fa8d-4c54-84b8-316f609dbdd9,pdf,https://eospso.gsfc.nasa.gov/sites/default/files/atbd/atbd-airs-L1B_microwave.pdf
237da9f7-fa8d-4c54-84b8-316f609dbdd9,iso,https://cmr.earthdata.nasa.gov/search/concepts/C1233769000-GES_DISC.iso19115
c4421ccf-4718-4dd4-b8d0-884ce0d9c1a8,bin,https://docserver.gesdisc.eosdis.nasa.gov/public/project/Images/AIRIBQAP_NRT_005.gif
c4421ccf-4718-4dd4-b8d0-884ce0d9c1a8,html,https://disc.gsfc.nasa.gov/datacollection/AIRIBQAP_NRT_005.html
c4421ccf-4718-4dd4-b8d0-884ce0d9c1a8,bin,https://discnrt1.gesdisc.eosdis.nasa.gov/data/Aqua_AIRS_NRT/AIRIBQAP_NRT.005/
c4421ccf-4718-4dd4-b8d0-884ce0d9c1a8,html,https://discnrt1.gesdisc.eosdis.nasa.gov/opendap/Aqua_AIRS_NRT/AIRIBQAP_NRT.005/contents.html
c4421ccf-4718-4dd4-b8d0-884ce0d9c1a8,bin,https://search.earthdata.nasa.gov/search?q=AIRIBQAP_NRT%2B005
c4421ccf-4718-4dd4-b8d0-884ce0d9c1a8,html,https://airs.jpl.nasa.gov/index.html
c4421ccf-4718-4dd4-b8d0-884ce0d9c1a8,bin,https://disc.gsfc.nasa.gov/information/documents?title=AIRS%2520Documentation
c4421ccf-4718-4dd4-b8d0-884ce0d9c1a8,pdf,https://docserver.gesdisc.eosdis.nasa.gov/repository/Mission/AIRS/3.3_ScienceDataProductDocumentation/3.3.4_ProductGenerationAlgorithms/README.AIRIBRAD.pdf
c4421ccf-4718-4dd4-b8d0-884ce0d9c1a8,pdf,https://docserver.gesdisc.eosdis.nasa.gov/repository/Mission/AIRS/3.3_ScienceDataProductDocumentation/3.3.5_ProductQuality/nrt_memo_v6.pdf
c4421ccf-4718-4dd4-b8d0-884ce0d9c1a8,pdf,https://docserver.gesdisc.eosdis.nasa.gov/repository/Mission/AIRS/3.7_ScienceDataProductValidation/V5_CalVal_Status_Summary.pdf
c4421ccf-4718-4dd4-b8d0-884ce0d9c1a8,pdf,https://eospso.gsfc.nasa.gov/sites/default/files/atbd/AIRS_L1B_ATBD_Part_1.pdf
c4421ccf-4718-4dd4-b8d0-884ce0d9c1a8,iso,https://cmr.earthdata.nasa.gov/search/concepts/C1233768981-GES_DISC.iso19115
aa940bc9-a519-4d76-8007-7c8e96d5c9ad,png,https://docserver.gesdisc.eosdis.nasa.gov/public/project/Images/AIRS2SPC_005.png
aa940bc9-a519-4d76-8007-7c8e96d5c9ad,html,https://disc.gsfc.nasa.gov/datacollection/AIRS2SPC_005.html
aa940bc9-a519-4d76-8007-7c8e96d5c9ad,bin,https://airsl2.gesdisc.eosdis.nasa.gov/data/Aqua_AIRS_Level2/AIRS2SPC.005/
aa940bc9-a519-4d76-8007-7c8e96d5c9ad,html,https://airsl2.gesdisc.eosdis.nasa.gov/opendap/Aqua_AIRS_Level2/AIRS2SPC.005/contents.html
aa940bc9-a519-4d76-8007-7c8e96d5c9ad,bin,https://search.earthdata.nasa.gov/search?q=AIRS2SPC%2B005
aa940bc9-a519-4d76-8007-7c8e96d5c9ad,html,https://airs.jpl.nasa.gov/index.html
aa940bc9-a519-4d76-8007-7c8e96d5c9ad,bin,https://disc.gsfc.nasa.gov/information/documents?title=AIRS%2520Documentation
aa940bc9-a519-4d76-8007-7c8e96d5c9ad,pdf,https://docserver.gesdisc.eosdis.nasa.gov/repository/Mission/AIRS/3.3_ScienceDataProductDocumentation/3.3.4_ProductGenerationAlgorithms/AIRS-V5-Tropospheric-CO2-Products.pdf
aa940bc9-a519-4d76-8007-7c8e96d5c9ad,pdf,https://docserver.gesdisc.eosdis.nasa.gov/repository/Mission/AIRS/3.7_ScienceDataProductValidation/V5_CalVal_Status_Summary.pdf
aa940bc9-a519-4d76-8007-7c8e96d5c9ad,pdf,https://eospso.gsfc.nasa.gov/sites/default/files/atbd/20070301_L2_ATBD_signed.pdf
aa940bc9-a519-4d76-8007-7c8e96d5c9ad,iso,https://cmr.earthdata.nasa.gov/search/concepts/C1243477370-GES_DISC.iso19115
9973c65d-b510-4d20-85f7-1cbd8f61b668,html,https://heasarc.gsfc.nasa.gov/W3Browse/all/rospspcftot.html
9973c65d-b510-4d20-85f7-1cbd8f61b668,bin,https://heasarc.gsfc.nasa.gov/xamin/vo/cone?showoffsets&table=rospspcftot&
b7c3c7aa-e579-444e-9b1a-3c017858a6c0,bin,https://search.asf.alaska.edu/
b7c3c7aa-e579-444e-9b1a-3c017858a6c0,bin,https://earthdata.nasa.gov/data/catalog/alaska-satellite-facility-distributed-active-archive-center-airsar-version-1/
b7c3c7aa-e579-444e-9b1a-3c017858a6c0,iso,https://cmr.earthdata.nasa.gov/search/concepts/C1213921661-ASF.iso19115
45540578-1b4f-4d5c-a4d5-eb6c342c5565,bin,https://search.asf.alaska.edu/
45540578-1b4f-4d5c-a4d5-eb6c342c5565,bin,https://earthdata.nasa.gov/data/catalog/alaska-satellite-facility-distributed-active-archive-center-airsar-version-1/
45540578-1b4f-4d5c-a4d5-eb6c342c5565,iso,https://cmr.earthdata.nasa.gov/search/concepts/C1213928843-ASF.iso19115
59b4a068-862d-4ecb-9320-300aa983b202,bin,https://search.asf.alaska.edu/
59b4a068-862d-4ecb-9320-300aa983b202,bin,https://earthdata.nasa.gov/data/catalog/alaska-satellite-facility-distributed-active-archive-center-airsar-version-1/
59b4a068-862d-4ecb-9320-300aa983b202,iso,https://cmr.earthdata.nasa.gov/search/concepts/C179001730-ASF.iso19115
584df68d-09ba-4ac7-92f7-46c6795830db,bin,https://search.asf.alaska.edu/
584df68d-09ba-4ac7-92f7-46c6795830db,bin,https://earthdata.nasa.gov/data/catalog/alaska-satellite-facility-distributed-active-archive-center-airsar-version-1/
584df68d-09ba-4ac7-92f7-46c6795830db,iso,https://cmr.earthdata.nasa.gov/search/concepts/C1213925022-ASF.iso19115
ea7a074a-d9d8-4fc5-9aaf-77695a722a47,bin,https://search.asf.alaska.edu/
ea7a074a-d9d8-4fc5-9aaf-77695a722a47,bin,https://earthdata.nasa.gov/data/catalog/alaska-satellite-facility-distributed-active-archive-center-airsar-version-1/
ea7a074a-d9d8-4fc5-9aaf-77695a722a47,iso,https://cmr.earthdata.nasa.gov/search/concepts/C1213926419-ASF.iso19115
6199d2a8-bc5f-4633-9666-040d9f3c6331,bin,https://search.asf.alaska.edu/
6199d2a8-bc5f-4633-9666-040d9f3c6331,bin,https://earthdata.nasa.gov/data/catalog/alaska-satellite-facility-distributed-active-archive-center-airsar-version-1/
6199d2a8-bc5f-4633-9666-040d9f3c6331,iso,https://cmr.earthdata.nasa.gov/search/concepts/C1213928209-ASF.iso19115
71a5fad3-db8a-45db-a7ad-db1255d326f1,bin,https://search.earthdata.nasa.gov/search?q=AirMOSS_L1_Sigma0_BERMS_1406&ac=true
71a5fad3-db8a-45db-a7ad-db1255d326f1,html,https://doi.org/10.3334/ORNLDAAC/1406
71a5fad3-db8a-45db-a7ad-db1255d326f1,bin,https://opendap.earthdata.nasa.gov/
71a5fad3-db8a-45db-a7ad-db1255d326f1,png,https://daac.ornl.gov/graphics/browse/sdat-tds/1406_1_fit.png
71a5fad3-db8a-45db-a7ad-db1255d326f1,bin,https://airmoss.ornl.gov
71a5fad3-db8a-45db-a7ad-db1255d326f1,pdf,https://data.ornldaac.earthdata.nasa.gov/public/airmoss/campaign/AirMOSS_L1_Sigma0_BERMS/comp/AirMOSS_L1_Sigma0_BERMS.pdf
71a5fad3-db8a-45db-a7ad-db1255d326f1,iso,https://cmr.earthdata.nasa.gov/search/concepts/C2273976116-ORNL_CLOUD.iso19115
fe7ef723-2567-49aa-b1d2-7f326623471b,png,https://docserver.gesdisc.eosdis.nasa.gov/public/project/Images/AIRXAMAP_005.png
fe7ef723-2567-49aa-b1d2-7f326623471b,html,https://disc.gsfc.nasa.gov/datacollection/AIRXAMAP_005.html
fe7ef723-2567-49aa-b1d2-7f326623471b,bin,https://airsl1.gesdisc.eosdis.nasa.gov/data/Aqua_AIRS_Level1/AIRXAMAP.005/
fe7ef723-2567-49aa-b1d2-7f326623471b,bin,https://search.earthdata.nasa.gov/search?q=AIRXAMAP%2B005
fe7ef723-2567-49aa-b1d2-7f326623471b,html,https://airs.jpl.nasa.gov/index.html
fe7ef723-2567-49aa-b1d2-7f326623471b,bin,https://disc.gsfc.nasa.gov/information/documents?title=AIRS%2520Documentation
fe7ef723-2567-49aa-b1d2-7f326623471b,pdf,https://docserver.gesdisc.eosdis.nasa.gov/repository/Mission/AIRS/3.3_ScienceDataProductDocumentation/3.3.4_ProductGenerationAlgorithms/ReadmeAIRSGranuleMap.pdf
fe7ef723-2567-49aa-b1d2-7f326623471b,iso,https://cmr.earthdata.nasa.gov/search/concepts/C1233769004-GES_DISC.iso19115
a1722f97-193d-4962-a78c-4ec1602bee55,html,https://heasarc.gsfc.nasa.gov/W3Browse/all/smcpscxmm.html
a1722f97-193d-4962-a78c-4ec1602bee55,bin,https://heasarc.gsfc.nasa.gov/xamin/vo/cone?showoffsets&table=smcpscxmm&
1d5799ca-07f6-4b9d-83d2-1d1919a4f807,bin,https://search.asf.alaska.edu/
1d5799ca-07f6-4b9d-83d2-1d1919a4f807,bin,https://earthdata.nasa.gov/data/catalog/alaska-satellite-facility-distributed-active-archive-center-alos-psr-version-1/
1d5799ca-07f6-4b9d-83d2-1d1919a4f807,iso,https://cmr.earthdata.nasa.gov/search/concepts/C1206156901-ASF.iso19115
27ef5946-5b9d-458c-94a1-2a31d3377fd9,jpeg,https://docserver.gesdisc.eosdis.nasa.gov/public/project/Images/AIRVBRAD_NRT_005.jpeg
27ef5946-5b9d-458c-94a1-2a31d3377fd9,html,https://disc.gsfc.nasa.gov/datacollection/AIRVBRAD_NRT_005.html
27ef5946-5b9d-458c-94a1-2a31d3377fd9,bin,https://discnrt1.gesdisc.eosdis.nasa.gov/data/Aqua_AIRS_NRT/AIRVBRAD_NRT.005/
27ef5946-5b9d-458c-94a1-2a31d3377fd9,html,https://discnrt1.gesdisc.eosdis.nasa.gov/opendap/Aqua_AIRS_NRT/AIRVBRAD_NRT.005/contents.html
27ef5946-5b9d-458c-94a1-2a31d3377fd9,bin,https://search.earthdata.nasa.gov/search?q=AIRVBRAD_NRT%2B005
27ef5946-5b9d-458c-94a1-2a31d3377fd9,html,https://airs.jpl.nasa.gov/index.html
27ef5946-5b9d-458c-94a1-2a31d3377fd9,bin,https://disc.gsfc.nasa.gov/information/documents?title=AIRS%2520Documentation
27ef5946-5b9d-458c-94a1-2a31d3377fd9,pdf,https://docserver.gesdisc.eosdis.nasa.gov/repository/Mission/AIRS/3.3_ScienceDataProductDocumentation/3.3.4_ProductGenerationAlgorithms/README.AIRVBRAD.pdf
27ef5946-5b9d-458c-94a1-2a31d3377fd9,pdf,https://docserver.gesdisc.eosdis.nasa.gov/repository/Mission/AIRS/3.3_ScienceDataProductDocumentation/3.3.5_ProductQuality/nrt_memo_v6.pdf
27ef5946-5b9d-458c-94a1-2a31d3377fd9,pdf,https://docserver.gesdisc.eosdis.nasa.gov/repository/Mission/AIRS/3.7_ScienceDataProductValidation/V5_CalVal_Status_Summary.pdf
27ef5946-5b9d-458c-94a1-2a31d3377fd9,pdf,https://eospso.gsfc.nasa.gov/sites/default/files/atbd/AIRS_L1B_ATBD_Part_2.pdf
27ef5946-5b9d-458c-94a1-2a31d3377fd9,iso,https://cmr.earthdata.nasa.gov/search/concepts/C1233768984-GES_DISC.iso19115
10f975e6-ff0b-4782-ba83-716a57f0e4b0,bin,https://daacdata.apps.nsidc.org/pub/DATASETS/AVDM/data/rainfall/wakasa_bay/ACR
10f975e6-ff0b-4782-ba83-716a57f0e4b0,html,https://doi.org/10.5067/3YXTPM48L5GY
10f975e6-ff0b-4782-ba83-716a57f0e4b0,iso,https://cmr.earthdata.nasa.gov/search/concepts/C1386204153-NSIDCV0.iso19115
c4dff318-669c-47cb-9b0f-d7225352a566,jpeg,https://docserver.gesdisc.eosdis.nasa.gov/public/project/Images/AIRS2RET_NRT_006.jpeg
c4dff318-669c-47cb-9b0f-d7225352a566,html,https://disc.gsfc.nasa.gov/datacollection/AIRS2RET_NRT_006.html
c4dff318-669c-47cb-9b0f-d7225352a566,bin,https://discnrt1.gesdisc.eosdis.nasa.gov/data/Aqua_AIRS_NRT/AIRS2RET_NRT.006/
c4dff318-669c-47cb-9b0f-d7225352a566,html,https://discnrt1.gesdisc.eosdis.nasa.gov/opendap/Aqua_AIRS_NRT/AIRS2RET_NRT.006/contents.html
c4dff318-669c-47cb-9b0f-d7225352a566,bin,https://search.earthdata.nasa.gov/search?q=AIRS2RET_NRT%2B005
c4dff318-669c-47cb-9b0f-d7225352a566,html,https://airs.jpl.nasa.gov/index.html
c4dff318-669c-47cb-9b0f-d7225352a566,bin,https://disc.gsfc.nasa.gov/information/documents?title=AIRS%2520Documentation
c4dff318-669c-47cb-9b0f-d7225352a566,pdf,https://docserver.gesdisc.eosdis.nasa.gov/repository/Mission/AIRS/3.3_ScienceDataProductDocumentation/3.3.4_ProductGenerationAlgorithms/README.AIRS_V6.pdf
c4dff318-669c-47cb-9b0f-d7225352a566,pdf,https://docserver.gesdisc.eosdis.nasa.gov/repository/Mission/AIRS/3.3_ScienceDataProductDocumentation/3.3.5_ProductQuality/nrt_memo_v6.pdf
c4dff318-669c-47cb-9b0f-d7225352a566,pdf,https://eospso.gsfc.nasa.gov/sites/default/files/atbd/20070301_L2_ATBD_signed.pdf
c4dff318-669c-47cb-9b0f-d7225352a566,iso,https://cmr.earthdata.nasa.gov/search/concepts/C1345119345-GES_DISC.iso19115
2fe1f2e9-5b55-4b3d-aaaa-ef1f9db12b6b,png,https://docserver.gesdisc.eosdis.nasa.gov/public/project/Images/AIRS2SUP_NRT_006.png
2fe1f2e9-5b55-4b3d-aaaa-ef1f9db12b6b,html,https://disc.gsfc.nasa.gov/datacollection/AIRS2SUP_NRT_006.html
2fe1f2e9-5b55-4b3d-aaaa-ef1f9db12b6b,bin,https://discnrt1.gesdisc.eosdis.nasa.gov/data/Aqua_AIRS_NRT/AIRS2SUP_NRT.006/
2fe1f2e9-5b55-4b3d-aaaa-ef1f9db12b6b,html,https://discnrt1.gesdisc.eosdis.nasa.gov/opendap/Aqua_AIRS_NRT/AIRS2RET_NRT.006/contents.html
2fe1f2e9-5b55-4b3d-aaaa-ef1f9db12b6b,bin,https://search.earthdata.nasa.gov/search?q=AIRS2SUP_NRT%2B005
2fe1f2e9-5b55-4b3d-aaaa-ef1f9db12b6b,html,https://airs.jpl.nasa.gov/index.html
2fe1f2e9-5b55-4b3d-aaaa-ef1f9db12b6b,bin,https://disc.gsfc.nasa.gov/information/documents?title=AIRS%2520Documentation
2fe1f2e9-5b55-4b3d-aaaa-ef1f9db12b6b,pdf,https://docserver.gesdisc.eosdis.nasa.gov/repository/Mission/AIRS/3.3_ScienceDataProductDocumentation/3.3.4_ProductGenerationAlgorithms/README.AIRS_V6.pdf
2fe1f2e9-5b55-4b3d-aaaa-ef1f9db12b6b,pdf,https://docserver.gesdisc.eosdis.nasa.gov/repository/Mission/AIRS/3.3_ScienceDataProductDocumentation/3.3.5_ProductQuality/nrt_memo_v6.pdf
2fe1f2e9-5b55-4b3d-aaaa-ef1f9db12b6b,pdf,https://eospso.gsfc.nasa.gov/sites/default/files/atbd/20070301_L2_ATBD_signed.pdf
2fe1f2e9-5b55-4b3d-aaaa-ef1f9db12b6b,iso,https://cmr.earthdata.nasa.gov/search/concepts/C1345119372-GES_DISC.iso19115
1f35053a-34f7-41d6-8810-ca2e535e6c70,jpeg,https://docserver.gesdisc.eosdis.nasa.gov/public/project/Images/AIRS2CCF_NRT_006.jpeg
1f35053a-34f7-41d6-8810-ca2e535e6c70,html,https://disc.gsfc.nasa.gov/datacollection/AIRS2CCF_NRT_006.html
1f35053a-34f7-41d6-8810-ca2e535e6c70,bin,https://discnrt1.gesdisc.eosdis.nasa.gov/data/Aqua_AIRS_NRT/AIRS2CCF_NRT.006/
1f35053a-34f7-41d6-8810-ca2e535e6c70,html,https://discnrt1.gesdisc.eosdis.nasa.gov/opendap/Aqua_AIRS_NRT/AIRS2CCF_NRT.006/contents.html
1f35053a-34f7-41d6-8810-ca2e535e6c70,bin,https://search.earthdata.nasa.gov/search?q=AIRS2CCF_NRT%2B005
1f35053a-34f7-41d6-8810-ca2e535e6c70,html,https://airs.jpl.nasa.gov/index.html
1f35053a-34f7-41d6-8810-ca2e535e6c70,bin,https://disc.gsfc.nasa.gov/information/documents?title=AIRS%2520Documentation
1f35053a-34f7-41d6-8810-ca2e535e6c70,bin,https://disc.gsfc.nasa.gov/nrt/data-holdings/airs-nrt-products
1f35053a-34f7-41d6-8810-ca2e535e6c70,pdf,https://docserver.gesdisc.eosdis.nasa.gov/repository/Mission/AIRS/3.3_ScienceDataProductDocumentation/3.3.4_ProductGenerationAlgorithms/README.AIRS_V6.pdf
1f35053a-34f7-41d6-8810-ca2e535e6c70,pdf,https://docserver.gesdisc.eosdis.nasa.gov/repository/Mission/AIRS/3.3_ScienceDataProductDocumentation/3.3.5_ProductQuality/nrt_memo_v6.pdf
1f35053a-34f7-41d6-8810-ca2e535e6c70,pdf,https://eospso.gsfc.nasa.gov/sites/default/files/atbd/20070301_L2_ATBD_signed.pdf
1f35053a-34f7-41d6-8810-ca2e535e6c70,iso,https://cmr.earthdata.nasa.gov/search/concepts/C1345119267-GES_DISC.iso19115
7a52dcf3-0d3d-4c86-b2ff-d38c8cdd7e2e,bin,https://search.asf.alaska.edu/
7a52dcf3-0d3d-4c86-b2ff-d38c8cdd7e2e,bin,https://earthdata.nasa.gov/data/catalog/alaska-satellite-facility-distributed-active-archive-center-airsar-version-1/
7a52dcf3-0d3d-4c86-b2ff-d38c8cdd7e2e,iso,https://cmr.earthdata.nasa.gov/search/concepts/C1213921626-ASF.iso19115
eefde2ba-64f7-4fec-b43f-5b8c6bd23626,bin,https://search.asf.alaska.edu/
eefde2ba-64f7-4fec-b43f-5b8c6bd23626,bin,https://earthdata.nasa.gov/data/catalog/alaska-satellite-facility-distributed-active-archive-center-airsar-version-1/
eefde2ba-64f7-4fec-b43f-5b8c6bd23626,iso,https://cmr.earthdata.nasa.gov/search/concepts/C1213927035-ASF.iso19115
ea1d0ff5-1c93-42f5-ab36-02c84b2783e7,bin,https://search.asf.alaska.edu/
ea1d0ff5-1c93-42f5-ab36-02c84b2783e7,bin,https://earthdata.nasa.gov/data/catalog/alaska-satellite-facility-distributed-active-archive-center-airsar-version-1/
ea1d0ff5-1c93-42f5-ab36-02c84b2783e7,iso,https://cmr.earthdata.nasa.gov/search/concepts/C1213926777-ASF.iso19115
7d8ec0ef-0e1f-4402-aa98-ab326e5a1133,bin,https://search.asf.alaska.edu/
7d8ec0ef-0e1f-4402-aa98-ab326e5a1133,bin,https://earthdata.nasa.gov/data/catalog/alaska-satellite-facility-distributed-active-archive-center-airsar-version-1/
7d8ec0ef-0e1f-4402-aa98-ab326e5a1133,iso,https://cmr.earthdata.nasa.gov/search/concepts/C1213927939-ASF.iso19115
1059ec2c-25e7-44f4-b6d2-ca75117df202,html,https://heasarc.gsfc.nasa.gov/W3Browse/all/rosnepagn.html
1059ec2c-25e7-44f4-b6d2-ca75117df202,bin,https://heasarc.gsfc.nasa.gov/xamin/vo/cone?showoffsets&table=rosnepagn&
9f2e6ded-d1fc-4ac8-ac82-9469095aa77b,bin,http://www.stsci.edu/hst/fos
9f2e6ded-d1fc-4ac8-ac82-9469095aa77b,bin,http://archive.stsci.edu/hst/search.php?sci_data_set_name=Y%2A&
4d5d80a0-6ba3-4fa5-a421-35c4d38e45c7,bin,https://search.earthdata.nasa.gov/search?q=CMS_Methane_Emissions_Boston_1291&ac=true
4d5d80a0-6ba3-4fa5-a421-35c4d38e45c7,html,https://doi.org/10.3334/ORNLDAAC/1291
4d5d80a0-6ba3-4fa5-a421-35c4d38e45c7,zip,https://data.ornldaac.earthdata.nasa.gov/protected/bundle/CMS_Methane_Emissions_Boston_1291.zip
4d5d80a0-6ba3-4fa5-a421-35c4d38e45c7,png,https://daac.ornl.gov/CMS/guides/CMS_Boston_CH4_fig1.png
4d5d80a0-6ba3-4fa5-a421-35c4d38e45c7,pdf,https://data.ornldaac.earthdata.nasa.gov/public/cms/CMS_Methane_Emissions_Boston/comp/CMS_Methane_Emissions_Boston.pdf
4d5d80a0-6ba3-4fa5-a421-35c4d38e45c7,iso,https://cmr.earthdata.nasa.gov/search/concepts/C2343105668-ORNL_CLOUD.iso19115
6c588e2c-e7a5-47ab-8c39-3778582e01d1,html,https://irsa.ipac.caltech.edu/data/SPITZER/SAGE-SMC/gator_docs/SAGE-SMC_IRAC_colDescriptions.html
6c588e2c-e7a5-47ab-8c39-3778582e01d1,bin,https://irsa.ipac.caltech.edu/SCS?table=sagesmc_iraccdr3&
3e346e36-fd95-4592-bf2f-f7e1aab6a817,html,https://heasarc.gsfc.nasa.gov/W3Browse/all/kommersgrb.html
3e346e36-fd95-4592-bf2f-f7e1aab6a817,bin,https://heasarc.gsfc.nasa.gov/xamin/vo/cone?showoffsets&table=kommersgrb&
8fa8d7b4-2ef0-4901-a1de-0e7600c89197,bin,https://oceandata.sci.gsfc.nasa.gov/directdataaccess/Level-2/Aqua-MODIS/
8fa8d7b4-2ef0-4901-a1de-0e7600c89197,bin,https://oceancolor.gsfc.nasa.gov/resources/atbd/
8fa8d7b4-2ef0-4901-a1de-0e7600c89197,bin,https://oceancolor.gsfc.nasa.gov/data/reprocessing/
8fa8d7b4-2ef0-4901-a1de-0e7600c89197,bin,https://oceancolor.gsfc.nasa.gov/resources/how-to-cite/
8fa8d7b4-2ef0-4901-a1de-0e7600c89197,iso,https://cmr.earthdata.nasa.gov/search/concepts/C1615905765-OB_DAAC.iso19115
a337b38d-40e7-41a3-8d55-2ce5a8699053,pdf,https://irsa.ipac.caltech.edu/data/Planck/release_3/catalogs/1802.08649.pdf
a337b38d-40e7-41a3-8d55-2ce5a8699053,bin,https://irsa.ipac.caltech.edu/SCS?table=com_pccs_pcnt&
5b1d6593-b42a-413a-95f1-158d485ee01a,bin,https://podaac.jpl.nasa.gov/CitingPODAAC
5b1d6593-b42a-413a-95f1-158d485ee01a,bin,https://aquarius.nasa.gov/
5b1d6593-b42a-413a-95f1-158d485ee01a,bin,https://oceancolor.gsfc.nasa.gov/sdpscgi/public/aquarius_report.cgi
5b1d6593-b42a-413a-95f1-158d485ee01a,bin,https://podaac.jpl.nasa.gov/aquarius
5b1d6593-b42a-413a-95f1-158d485ee01a,pdf,https://archive.podaac.earthdata.nasa.gov/podaac-ops-cumulus-docs/aquarius/open/docs/v5/AQ-010-UG-0008_AquariusUserGuide_DatasetV5.0.pdf
5b1d6593-b42a-413a-95f1-158d485ee01a,bin,https://cmr.earthdata.nasa.gov/virtual-directory/collections/C2036882456-POCLOUD
5b1d6593-b42a-413a-95f1-158d485ee01a,bin,https://search.earthdata.nasa.gov/search/granules?p=C2036882456-POCLOUD
5b1d6593-b42a-413a-95f1-158d485ee01a,pdf,https://archive.podaac.earthdata.nasa.gov/podaac-ops-cumulus-docs/aquarius/open/docs/v5/AQ-014-PS-0006_ProposalForFlags%26Masks_DatasetVersion3.0.pdf
5b1d6593-b42a-413a-95f1-158d485ee01a,pdf,https://archive.podaac.earthdata.nasa.gov/podaac-ops-cumulus-docs/aquarius/open/docs/v5/AQ-014-PS-0016_AquariusSalinityDataValidationAnalysis_DatasetVersion5.0.pdf
5b1d6593-b42a-413a-95f1-158d485ee01a,pdf,https://archive.podaac.earthdata.nasa.gov/podaac-ops-cumulus-docs/aquarius/open/docs/v5/AQ-014-PS-0017_AquariusATBD_Level2_Addendum5_DatasetVersion5.0.pdf
5b1d6593-b42a-413a-95f1-158d485ee01a,pdf,https://archive.podaac.earthdata.nasa.gov/podaac-ops-cumulus-docs/aquarius/open/docs/v5/AQ-014-PS-0017_AquariusATBD_Level2_EndofMission_DatasetVersion5.0.pdf
5b1d6593-b42a-413a-95f1-158d485ee01a,pdf,https://archive.podaac.earthdata.nasa.gov/podaac-ops-cumulus-docs/aquarius/open/docs/v5/AQ-014-PS-0017_AquariusScatterometerCalibrationReview.pdf
5b1d6593-b42a-413a-95f1-158d485ee01a,pdf,https://archive.podaac.earthdata.nasa.gov/podaac-ops-cumulus-docs/aquarius/open/docs/v5/AQ-014-PS-0017_Aquarius_ATBD-EndOfMission.pdf
5b1d6593-b42a-413a-95f1-158d485ee01a,zip,https://archive.podaac.earthdata.nasa.gov/podaac-ops-cumulus-docs/aquarius/open/docs/v5/AQ-014-PS-0017_Aquarius_ATBD-EndOfMission_Supplements.zip
5b1d6593-b42a-413a-95f1-158d485ee01a,pdf,https://archive.podaac.earthdata.nasa.gov/podaac-ops-cumulus-docs/aquarius/open/docs/v5/AQ-014-PS-0017_Aquarius_AntennaPatternCoefficientUpdates_DatasetVersion3.0.pdf
5b1d6593-b42a-413a-95f1-158d485ee01a,pdf,https://archive.podaac.earthdata.nasa.gov/podaac-ops-cumulus-docs/aquarius/open/docs/v5/AQ-014-PS-0017_Aquarius_L2toL3ATBD_DatasetVersion5.0.pdf
5b1d6593-b42a-413a-95f1-158d485ee01a,pdf,https://archive.podaac.earthdata.nasa.gov/podaac-ops-cumulus-docs/aquarius/open/docs/v5/AQ-014-PS-0017_Performance_Degradation_and_QC_Flagging_of_Aquarius_L2_Salinity_Retrievals_V4.pdf
5b1d6593-b42a-413a-95f1-158d485ee01a,pdf,https://archive.podaac.earthdata.nasa.gov/podaac-ops-cumulus-docs/aquarius/open/docs/v5/AQ-014-PS-0018_AquariusLevel2specification_DatasetVersion5.0.pdf
5b1d6593-b42a-413a-95f1-158d485ee01a,pdf,https://archive.podaac.earthdata.nasa.gov/podaac-ops-cumulus-docs/aquarius/open/docs/v5/AQ-014-PS-0018_Ocean_Level-3_Standard_Mapped_Image_Products.pdf
5b1d6593-b42a-413a-95f1-158d485ee01a,pdf,https://archive.podaac.earthdata.nasa.gov/podaac-ops-cumulus-docs/aquarius/open/docs/v5/AQ-014-PS-0028_V5_AVDS_Tech_Memo.pdf
5b1d6593-b42a-413a-95f1-158d485ee01a,pdf,https://archive.podaac.earthdata.nasa.gov/podaac-ops-cumulus-docs/aquarius/open/docs/v5/AQ-014-PS-0029_Aquarius_counts_to_TA.pdf
5b1d6593-b42a-413a-95f1-158d485ee01a,pdf,https://archive.podaac.earthdata.nasa.gov/podaac-ops-cumulus-docs/aquarius/open/docs/v5/AQ-014-PS-0030_Full_Range_Cal_27Feb18.pdf
5b1d6593-b42a-413a-95f1-158d485ee01a,pdf,https://archive.podaac.earthdata.nasa.gov/podaac-ops-cumulus-docs/aquarius/open/docs/v5/AQ-017-AquariusMissionSummary.pdf
5b1d6593-b42a-413a-95f1-158d485ee01a,zip,https://archive.podaac.earthdata.nasa.gov/podaac-ops-cumulus-docs/aquarius/open/docs/v5/AquariusATBDdocuments_10.5067-DOCUM-AQR04.zip
5b1d6593-b42a-413a-95f1-158d485ee01a,pdf,https://archive.podaac.earthdata.nasa.gov/podaac-ops-cumulus-docs/aquarius/open/docs/v5/Aquarius_RFI_products_UserGuide.pdf
5b1d6593-b42a-413a-95f1-158d485ee01a,pdf,https://archive.podaac.earthdata.nasa.gov/podaac-ops-cumulus-docs/aquarius/open/docs/v5/Aquarius_V5.0-V4.0_SummaryOfChanges.pdf
5b1d6593-b42a-413a-95f1-158d485ee01a,pdf,https://archive.podaac.earthdata.nasa.gov/podaac-ops-cumulus-docs/aquarius/open/docs/v5/EDinnat_etal_Paper_SkyTBMap_Lband.pdf
5b1d6593-b42a-413a-95f1-158d485ee01a,pdf,https://archive.podaac.earthdata.nasa.gov/podaac-ops-cumulus-docs/aquarius/open/docs/v5/UserGuideAquariusCelestialSkyMicrowaveEmissionMapProduct.pdf
5b1d6593-b42a-413a-95f1-158d485ee01a,jpeg,https://podaac.jpl.nasa.gov/Podaac/thumbnails/AQUARIUS_L2_SSS_V5.jpg
5b1d6593-b42a-413a-95f1-158d485ee01a,iso,https://cmr.earthdata.nasa.gov/search/concepts/C2036882456-POCLOUD.iso19115
164842d5-8d59-49d3-894c-c96144ab31dc,html,https://www-air.larc.nasa.gov/missions/acclip/index.html
164842d5-8d59-49d3-894c-c96144ab31dc,bin,https://espo.nasa.gov/acclip/content/ACCLIP
164842d5-8d59-49d3-894c-c96144ab31dc,bin,https://www2.acom.ucar.edu/acclip
164842d5-8d59-49d3-894c-c96144ab31dc,bin,https://asdc.larc.nasa.gov/citing-data
164842d5-8d59-49d3-894c-c96144ab31dc,bin,https://search.earthdata.nasa.gov/search/granules?p=C2566342407-LARC_ASDC
164842d5-8d59-49d3-894c-c96144ab31dc,html,https://doi.org/10.5067/ASDC/SUBORBITAL/ACCLIP_TraceGas_AircraftInSitu_WB57_Data_1
164842d5-8d59-49d3-894c-c96144ab31dc,bin,https://catalog.eol.ucar.edu/acclip
164842d5-8d59-49d3-894c-c96144ab31dc,bin,https://agupubs.onlinelibrary.wiley.com/doi/10.1029/2019JD032094
164842d5-8d59-49d3-894c-c96144ab31dc,bin,https://agupubs.onlinelibrary.wiley.com/doi/10.1029/2021JD036090
164842d5-8d59-49d3-894c-c96144ab31dc,bin,https://asdc.larc.nasa.gov/data/ACCLIP/TraceGas_AircraftInSitu_WB57_Data_1/
164842d5-8d59-49d3-894c-c96144ab31dc,iso,https://cmr.earthdata.nasa.gov/search/concepts/C2566342407-LARC_ASDC.iso19115
aa560f6d-cee9-4d08-8c48-d357915b0c06,bin,http://archive.stsci.edu/euve/
aa560f6d-cee9-4d08-8c48-d357915b0c06,bin,http://archive.stsci.edu/euve/search.php
87d5f43d-7ef0-43fb-ac45-bcea9a092774,html,https://heasarc.gsfc.nasa.gov/W3Browse/all/clansoid.html
87d5f43d-7ef0-43fb-ac45-bcea9a092774,bin,https://heasarc.gsfc.nasa.gov/xamin/vo/cone?showoffsets&table=clansoid&
aa12b65c-dad5-4bdb-a45a-2f1dbf7d8a38,html,https://heasarc.gsfc.nasa.gov/W3Browse/all/gmrtj0916.html
aa12b65c-dad5-4bdb-a45a-2f1dbf7d8a38,bin,https://heasarc.gsfc.nasa.gov/xamin/vo/cone?showoffsets&table=gmrtj0916&
0cc1dbb5-12cd-4310-9649-f66a158febff,bin,https://www-air.larc.nasa.gov/missions/arcsix/
0cc1dbb5-12cd-4310-9649-f66a158febff,bin,https://espo.nasa.gov/arcsix
0cc1dbb5-12cd-4310-9649-f66a158febff,pdf,https://airbornescience.nasa.gov/sites/default/files/documents/ARCSIX_wp_20201030.pdf
0cc1dbb5-12cd-4310-9649-f66a158febff,bin,https://www.nasa.gov/earth/nasa-mission-flies-over-arctic-to-study-sea-ice-melt-causes/
0cc1dbb5-12cd-4310-9649-f66a158febff,bin,https://asdc.larc.nasa.gov/citing-data
0cc1dbb5-12cd-4310-9649-f66a158febff,bin,https://search.earthdata.nasa.gov/search/granules?p=C3466130980-LARC_CLOUD
0cc1dbb5-12cd-4310-9649-f66a158febff,bin,https://flexpart-request.nilu.no/data-access
0cc1dbb5-12cd-4310-9649-f66a158febff,bin,https://atmo-access.nilu.no/ARC6_BC.py
0cc1dbb5-12cd-4310-9649-f66a158febff,bin,https://atmo-access.nilu.no/ARC6_DUST.py
0cc1dbb5-12cd-4310-9649-f66a158febff,bin,https://ebas-data.nilu.no/Default.aspx
0cc1dbb5-12cd-4310-9649-f66a158febff,bin,https://villumresearchstation.dk/
0cc1dbb5-12cd-4310-9649-f66a158febff,bin,https://projects.au.dk/cleancloud/cleancloud-project
0cc1dbb5-12cd-4310-9649-f66a158febff,bin,https://www.thuleatmos-it.it/
0cc1dbb5-12cd-4310-9649-f66a158febff,bin,https://www.thuleatmos-it.it/data/arcsix/
0cc1dbb5-12cd-4310-9649-f66a158febff,html,https://aeronet.gsfc.nasa.gov/new_web/cruises_v3/Kronprins_Haakon_24.html
0cc1dbb5-12cd-4310-9649-f66a158febff,html,https://aeronet.gsfc.nasa.gov/new_web/cruises_v3/Oden_24_0.html
0cc1dbb5-12cd-4310-9649-f66a158febff,html,https://aeronet.gsfc.nasa.gov/new_web/cruises_v3/Polarstern_24_0.html
0cc1dbb5-12cd-4310-9649-f66a158febff,html,https://aeronet.gsfc.nasa.gov/new_web/cruises_v3/Oceania_24_4.html
0cc1dbb5-12cd-4310-9649-f66a158febff,html,https://doi.org/10.23703/e0p8-8r10
0cc1dbb5-12cd-4310-9649-f66a158febff,bin,https://bolin.su.se/data/
0cc1dbb5-12cd-4310-9649-f66a158febff,html,https://doi.org/10.48515/14c4-nn87
0cc1dbb5-12cd-4310-9649-f66a158febff,bin,https://brage.npolar.no/npolar-xmlui/handle/11250/3145717
0cc1dbb5-12cd-4310-9649-f66a158febff,bin,https://data.npolar.no/dataset?q=ao2024
0cc1dbb5-12cd-4310-9649-f66a158febff,html,https://doi.org/10.57738/BzPM_0794_2025
0cc1dbb5-12cd-4310-9649-f66a158febff,pdf,https://epic.awi.de/id/eprint/59013/1/CampaignReport_IceBirdSummer2024.pdf
0cc1dbb5-12cd-4310-9649-f66a158febff,html,https://www.awi.de/en/science/climate-sciences/sea-ice-physics/projects/ice-bird.html
0cc1dbb5-12cd-4310-9649-f66a158febff,html,https://doi.org/10.18739/A2T14TR46
0cc1dbb5-12cd-4310-9649-f66a158febff,html,https://doi.org/10.18739/A2FJ29F6X
0cc1dbb5-12cd-4310-9649-f66a158febff,bin,https://earth.esa.int/eogateway/missions/earthcare
0cc1dbb5-12cd-4310-9649-f66a158febff,bin,https://icesat-2.gsfc.nasa.gov/
0cc1dbb5-12cd-4310-9649-f66a158febff,bin,https://modis.gsfc.nasa.gov/
0cc1dbb5-12cd-4310-9649-f66a158febff,bin,https://pace.gsfc.nasa.gov/
0cc1dbb5-12cd-4310-9649-f66a158febff,bin,https://prefire.ssec.wisc.edu/
0cc1dbb5-12cd-4310-9649-f66a158febff,bin,https://search.earthdata.nasa.gov/search/granules?p=C3160930797-NSIDC_CPRD&pg%5B0%5D%5Bid%5D=%2AARCSIX2024%2A&q=LVISF1B
0cc1dbb5-12cd-4310-9649-f66a158febff,bin,https://search.earthdata.nasa.gov/search/granules?p=C3160943354-NSIDC_CPRD&pg%5B0%5D%5Bid%5D=%2AARCSIX2024%2A&q=LVISF2
0cc1dbb5-12cd-4310-9649-f66a158febff,bin,https://search.earthdata.nasa.gov/search/granules?p=C3160958277-NSIDC_CPRD&pg%5B0%5D%5Bid%5D=%2ACAM150%2AARCSIX2024%2A&q=OLVIS1A
0cc1dbb5-12cd-4310-9649-f66a158febff,bin,https://search.earthdata.nasa.gov/search/granules?p=C3160958277-NSIDC_CPRD&pg%5B0%5D%5Bid%5D=%2ACAM0%2AARCSIX2024%2A&q=OLVIS1A
0cc1dbb5-12cd-4310-9649-f66a158febff,html,https://doi.org/10.5067/SUBORBITAL/ARCSIX/DATA001/G3/Dropsondes_1
0cc1dbb5-12cd-4310-9649-f66a158febff,iso,https://cmr.earthdata.nasa.gov/search/concepts/C3466130980-LARC_CLOUD.iso19115
f794ee33-81b4-4016-9987-adb2b6d64b34,html,https://heasarc.gsfc.nasa.gov/W3Browse/all/integralao.html
f794ee33-81b4-4016-9987-adb2b6d64b34,bin,https://heasarc.gsfc.nasa.gov/xamin/vo/cone?showoffsets&table=integralao&
53965359-d7e6-4fb5-9941-e86218396434,bin,https://www-air.larc.nasa.gov/missions/arcsix/
53965359-d7e6-4fb5-9941-e86218396434,bin,https://espo.nasa.gov/arcsix
53965359-d7e6-4fb5-9941-e86218396434,pdf,https://airbornescience.nasa.gov/sites/default/files/documents/ARCSIX_wp_20201030.pdf
53965359-d7e6-4fb5-9941-e86218396434,bin,https://www.nasa.gov/earth/nasa-mission-flies-over-arctic-to-study-sea-ice-melt-causes/
53965359-d7e6-4fb5-9941-e86218396434,bin,https://asdc.larc.nasa.gov/citing-data
53965359-d7e6-4fb5-9941-e86218396434,bin,https://search.earthdata.nasa.gov/search/granules?p=C3466130908-LARC_CLOUD
53965359-d7e6-4fb5-9941-e86218396434,bin,https://flexpart-request.nilu.no/data-access
53965359-d7e6-4fb5-9941-e86218396434,bin,https://atmo-access.nilu.no/ARC6_BC.py
53965359-d7e6-4fb5-9941-e86218396434,bin,https://atmo-access.nilu.no/ARC6_DUST.py
53965359-d7e6-4fb5-9941-e86218396434,bin,https://ebas-data.nilu.no/Default.aspx
53965359-d7e6-4fb5-9941-e86218396434,bin,https://villumresearchstation.dk/
53965359-d7e6-4fb5-9941-e86218396434,bin,https://projects.au.dk/cleancloud/cleancloud-project
53965359-d7e6-4fb5-9941-e86218396434,bin,https://www.thuleatmos-it.it/
53965359-d7e6-4fb5-9941-e86218396434,bin,https://www.thuleatmos-it.it/data/arcsix/
53965359-d7e6-4fb5-9941-e86218396434,html,https://aeronet.gsfc.nasa.gov/new_web/cruises_v3/Kronprins_Haakon_24.html
53965359-d7e6-4fb5-9941-e86218396434,html,https://aeronet.gsfc.nasa.gov/new_web/cruises_v3/Oden_24_0.html
53965359-d7e6-4fb5-9941-e86218396434,html,https://aeronet.gsfc.nasa.gov/new_web/cruises_v3/Polarstern_24_0.html
53965359-d7e6-4fb5-9941-e86218396434,html,https://aeronet.gsfc.nasa.gov/new_web/cruises_v3/Oceania_24_4.html
53965359-d7e6-4fb5-9941-e86218396434,html,https://doi.org/10.23703/e0p8-8r10
53965359-d7e6-4fb5-9941-e86218396434,bin,https://bolin.su.se/data/
53965359-d7e6-4fb5-9941-e86218396434,html,https://doi.org/10.48515/14c4-nn87
53965359-d7e6-4fb5-9941-e86218396434,bin,https://brage.npolar.no/npolar-xmlui/handle/11250/3145717
53965359-d7e6-4fb5-9941-e86218396434,bin,https://data.npolar.no/dataset?q=ao2024
53965359-d7e6-4fb5-9941-e86218396434,html,https://doi.org/10.57738/BzPM_0794_2025
53965359-d7e6-4fb5-9941-e86218396434,pdf,https://epic.awi.de/id/eprint/59013/1/CampaignReport_IceBirdSummer2024.pdf
53965359-d7e6-4fb5-9941-e86218396434,html,https://www.awi.de/en/science/climate-sciences/sea-ice-physics/projects/ice-bird.html
53965359-d7e6-4fb5-9941-e86218396434,html,https://doi.org/10.18739/A2T14TR46
53965359-d7e6-4fb5-9941-e86218396434,html,https://doi.org/10.18739/A2FJ29F6X
53965359-d7e6-4fb5-9941-e86218396434,bin,https://earth.esa.int/eogateway/missions/earthcare
53965359-d7e6-4fb5-9941-e86218396434,bin,https://icesat-2.gsfc.nasa.gov/
53965359-d7e6-4fb5-9941-e86218396434,bin,https://modis.gsfc.nasa.gov/
53965359-d7e6-4fb5-9941-e86218396434,bin,https://pace.gsfc.nasa.gov/
53965359-d7e6-4fb5-9941-e86218396434,bin,https://prefire.ssec.wisc.edu/
53965359-d7e6-4fb5-9941-e86218396434,bin,https://search.earthdata.nasa.gov/search/granules?p=C3160930797-NSIDC_CPRD&pg%5B0%5D%5Bid%5D=%2AARCSIX2024%2A&q=LVISF1B
53965359-d7e6-4fb5-9941-e86218396434,bin,https://search.earthdata.nasa.gov/search/granules?p=C3160943354-NSIDC_CPRD&pg%5B0%5D%5Bid%5D=%2AARCSIX2024%2A&q=LVISF2
53965359-d7e6-4fb5-9941-e86218396434,bin,https://search.earthdata.nasa.gov/search/granules?p=C3160958277-NSIDC_CPRD&pg%5B0%5D%5Bid%5D=%2ACAM150%2AARCSIX2024%2A&q=OLVIS1A
53965359-d7e6-4fb5-9941-e86218396434,bin,https://search.earthdata.nasa.gov/search/granules?p=C3160958277-NSIDC_CPRD&pg%5B0%5D%5Bid%5D=%2ACAM0%2AARCSIX2024%2A&q=OLVIS1A
53965359-d7e6-4fb5-9941-e86218396434,html,https://doi.org/10.5067/SUBORBITAL/ARCSIX/DATA001/G3/AircraftRemoteSensing/HALO_1
53965359-d7e6-4fb5-9941-e86218396434,iso,https://cmr.earthdata.nasa.gov/search/concepts/C3466130908-LARC_CLOUD.iso19115
d4464f0e-6ef6-4fe1-ad1b-1f6b5b2c7b39,bin,https://www-air.larc.nasa.gov/missions/arcsix/
d4464f0e-6ef6-4fe1-ad1b-1f6b5b2c7b39,bin,https://espo.nasa.gov/arcsix
d4464f0e-6ef6-4fe1-ad1b-1f6b5b2c7b39,pdf,https://airbornescience.nasa.gov/sites/default/files/documents/ARCSIX_wp_20201030.pdf
d4464f0e-6ef6-4fe1-ad1b-1f6b5b2c7b39,bin,https://www.nasa.gov/earth/nasa-mission-flies-over-arctic-to-study-sea-ice-melt-causes/
d4464f0e-6ef6-4fe1-ad1b-1f6b5b2c7b39,bin,https://asdc.larc.nasa.gov/citing-data
d4464f0e-6ef6-4fe1-ad1b-1f6b5b2c7b39,bin,https://search.earthdata.nasa.gov/search/granules?p=C3466130029-LARC_CLOUD
d4464f0e-6ef6-4fe1-ad1b-1f6b5b2c7b39,bin,https://flexpart-request.nilu.no/data-access
d4464f0e-6ef6-4fe1-ad1b-1f6b5b2c7b39,bin,https://atmo-access.nilu.no/ARC6_BC.py
d4464f0e-6ef6-4fe1-ad1b-1f6b5b2c7b39,bin,https://atmo-access.nilu.no/ARC6_DUST.py
d4464f0e-6ef6-4fe1-ad1b-1f6b5b2c7b39,bin,https://ebas-data.nilu.no/Default.aspx
d4464f0e-6ef6-4fe1-ad1b-1f6b5b2c7b39,bin,https://villumresearchstation.dk/
d4464f0e-6ef6-4fe1-ad1b-1f6b5b2c7b39,bin,https://projects.au.dk/cleancloud/cleancloud-project
d4464f0e-6ef6-4fe1-ad1b-1f6b5b2c7b39,bin,https://www.thuleatmos-it.it/
d4464f0e-6ef6-4fe1-ad1b-1f6b5b2c7b39,bin,https://www.thuleatmos-it.it/data/arcsix/
d4464f0e-6ef6-4fe1-ad1b-1f6b5b2c7b39,html,https://aeronet.gsfc.nasa.gov/new_web/cruises_v3/Kronprins_Haakon_24.html
d4464f0e-6ef6-4fe1-ad1b-1f6b5b2c7b39,html,https://aeronet.gsfc.nasa.gov/new_web/cruises_v3/Oden_24_0.html
d4464f0e-6ef6-4fe1-ad1b-1f6b5b2c7b39,html,https://aeronet.gsfc.nasa.gov/new_web/cruises_v3/Polarstern_24_0.html
d4464f0e-6ef6-4fe1-ad1b-1f6b5b2c7b39,html,https://aeronet.gsfc.nasa.gov/new_web/cruises_v3/Oceania_24_4.html
d4464f0e-6ef6-4fe1-ad1b-1f6b5b2c7b39,html,https://doi.org/10.23703/e0p8-8r10
d4464f0e-6ef6-4fe1-ad1b-1f6b5b2c7b39,bin,https://bolin.su.se/data/
d4464f0e-6ef6-4fe1-ad1b-1f6b5b2c7b39,html,https://doi.org/10.48515/14c4-nn87
d4464f0e-6ef6-4fe1-ad1b-1f6b5b2c7b39,bin,https://brage.npolar.no/npolar-xmlui/handle/11250/3145717
d4464f0e-6ef6-4fe1-ad1b-1f6b5b2c7b39,bin,https://data.npolar.no/dataset?q=ao2024
d4464f0e-6ef6-4fe1-ad1b-1f6b5b2c7b39,html,https://doi.org/10.57738/BzPM_0794_2025
d4464f0e-6ef6-4fe1-ad1b-1f6b5b2c7b39,pdf,https://epic.awi.de/id/eprint/59013/1/CampaignReport_IceBirdSummer2024.pdf
d4464f0e-6ef6-4fe1-ad1b-1f6b5b2c7b39,html,https://www.awi.de/en/science/climate-sciences/sea-ice-physics/projects/ice-bird.html
d4464f0e-6ef6-4fe1-ad1b-1f6b5b2c7b39,html,https://doi.org/10.18739/A2T14TR46
d4464f0e-6ef6-4fe1-ad1b-1f6b5b2c7b39,html,https://doi.org/10.18739/A2FJ29F6X
d4464f0e-6ef6-4fe1-ad1b-1f6b5b2c7b39,bin,https://earth.esa.int/eogateway/missions/earthcare
d4464f0e-6ef6-4fe1-ad1b-1f6b5b2c7b39,bin,https://icesat-2.gsfc.nasa.gov/
d4464f0e-6ef6-4fe1-ad1b-1f6b5b2c7b39,bin,https://modis.gsfc.nasa.gov/
d4464f0e-6ef6-4fe1-ad1b-1f6b5b2c7b39,bin,https://pace.gsfc.nasa.gov/
d4464f0e-6ef6-4fe1-ad1b-1f6b5b2c7b39,bin,https://prefire.ssec.wisc.edu/
d4464f0e-6ef6-4fe1-ad1b-1f6b5b2c7b39,bin,https://search.earthdata.nasa.gov/search/granules?p=C3160930797-NSIDC_CPRD&pg%5B0%5D%5Bid%5D=%2AARCSIX2024%2A&q=LVISF1B
d4464f0e-6ef6-4fe1-ad1b-1f6b5b2c7b39,bin,https://search.earthdata.nasa.gov/search/granules?p=C3160943354-NSIDC_CPRD&pg%5B0%5D%5Bid%5D=%2AARCSIX2024%2A&q=LVISF2
d4464f0e-6ef6-4fe1-ad1b-1f6b5b2c7b39,bin,https://search.earthdata.nasa.gov/search/granules?p=C3160958277-NSIDC_CPRD&pg%5B0%5D%5Bid%5D=%2ACAM150%2AARCSIX2024%2A&q=OLVIS1A
d4464f0e-6ef6-4fe1-ad1b-1f6b5b2c7b39,bin,https://search.earthdata.nasa.gov/search/granules?p=C3160958277-NSIDC_CPRD&pg%5B0%5D%5Bid%5D=%2ACAM0%2AARCSIX2024%2A&q=OLVIS1A
d4464f0e-6ef6-4fe1-ad1b-1f6b5b2c7b39,html,https://doi.org/10.5067/SUBORBITAL/ARCSIX/DATA001/P3B/TraceGas_AircraftInSitu_1
d4464f0e-6ef6-4fe1-ad1b-1f6b5b2c7b39,iso,https://cmr.earthdata.nasa.gov/search/concepts/C3466130029-LARC_CLOUD.iso19115
e1a3ac9b-db36-44e8-954f-bf692351a43d,bin,https://www-air.larc.nasa.gov/missions/arcsix/
e1a3ac9b-db36-44e8-954f-bf692351a43d,bin,https://espo.nasa.gov/arcsix
e1a3ac9b-db36-44e8-954f-bf692351a43d,pdf,https://airbornescience.nasa.gov/sites/default/files/documents/ARCSIX_wp_20201030.pdf
e1a3ac9b-db36-44e8-954f-bf692351a43d,bin,https://www.nasa.gov/earth/nasa-mission-flies-over-arctic-to-study-sea-ice-melt-causes/
e1a3ac9b-db36-44e8-954f-bf692351a43d,bin,https://asdc.larc.nasa.gov/citing-data
e1a3ac9b-db36-44e8-954f-bf692351a43d,bin,https://search.earthdata.nasa.gov/search/granules?p=C3466129584-LARC_CLOUD
e1a3ac9b-db36-44e8-954f-bf692351a43d,bin,https://flexpart-request.nilu.no/data-access
e1a3ac9b-db36-44e8-954f-bf692351a43d,bin,https://atmo-access.nilu.no/ARC6_BC.py
e1a3ac9b-db36-44e8-954f-bf692351a43d,bin,https://atmo-access.nilu.no/ARC6_DUST.py
e1a3ac9b-db36-44e8-954f-bf692351a43d,bin,https://ebas-data.nilu.no/Default.aspx
e1a3ac9b-db36-44e8-954f-bf692351a43d,bin,https://villumresearchstation.dk/
e1a3ac9b-db36-44e8-954f-bf692351a43d,bin,https://projects.au.dk/cleancloud/cleancloud-project
e1a3ac9b-db36-44e8-954f-bf692351a43d,bin,https://www.thuleatmos-it.it/
e1a3ac9b-db36-44e8-954f-bf692351a43d,bin,https://www.thuleatmos-it.it/data/arcsix/
e1a3ac9b-db36-44e8-954f-bf692351a43d,html,https://aeronet.gsfc.nasa.gov/new_web/cruises_v3/Kronprins_Haakon_24.html
e1a3ac9b-db36-44e8-954f-bf692351a43d,html,https://aeronet.gsfc.nasa.gov/new_web/cruises_v3/Oden_24_0.html
e1a3ac9b-db36-44e8-954f-bf692351a43d,html,https://aeronet.gsfc.nasa.gov/new_web/cruises_v3/Polarstern_24_0.html
e1a3ac9b-db36-44e8-954f-bf692351a43d,html,https://aeronet.gsfc.nasa.gov/new_web/cruises_v3/Oceania_24_4.html
e1a3ac9b-db36-44e8-954f-bf692351a43d,html,https://doi.org/10.23703/e0p8-8r10
e1a3ac9b-db36-44e8-954f-bf692351a43d,bin,https://bolin.su.se/data/
e1a3ac9b-db36-44e8-954f-bf692351a43d,html,https://doi.org/10.48515/14c4-nn87
e1a3ac9b-db36-44e8-954f-bf692351a43d,bin,https://brage.npolar.no/npolar-xmlui/handle/11250/3145717
e1a3ac9b-db36-44e8-954f-bf692351a43d,bin,https://data.npolar.no/dataset?q=ao2024
e1a3ac9b-db36-44e8-954f-bf692351a43d,html,https://doi.org/10.57738/BzPM_0794_2025
e1a3ac9b-db36-44e8-954f-bf692351a43d,pdf,https://epic.awi.de/id/eprint/59013/1/CampaignReport_IceBirdSummer2024.pdf
e1a3ac9b-db36-44e8-954f-bf692351a43d,html,https://www.awi.de/en/science/climate-sciences/sea-ice-physics/projects/ice-bird.html
e1a3ac9b-db36-44e8-954f-bf692351a43d,html,https://doi.org/10.18739/A2T14TR46
e1a3ac9b-db36-44e8-954f-bf692351a43d,html,https://doi.org/10.18739/A2FJ29F6X
e1a3ac9b-db36-44e8-954f-bf692351a43d,bin,https://earth.esa.int/eogateway/missions/earthcare
e1a3ac9b-db36-44e8-954f-bf692351a43d,bin,https://icesat-2.gsfc.nasa.gov/
e1a3ac9b-db36-44e8-954f-bf692351a43d,bin,https://modis.gsfc.nasa.gov/
e1a3ac9b-db36-44e8-954f-bf692351a43d,bin,https://pace.gsfc.nasa.gov/
e1a3ac9b-db36-44e8-954f-bf692351a43d,bin,https://prefire.ssec.wisc.edu/
e1a3ac9b-db36-44e8-954f-bf692351a43d,bin,https://search.earthdata.nasa.gov/search/granules?p=C3160930797-NSIDC_CPRD&pg%5B0%5D%5Bid%5D=%2AARCSIX2024%2A&q=LVISF1B
e1a3ac9b-db36-44e8-954f-bf692351a43d,bin,https://search.earthdata.nasa.gov/search/granules?p=C3160943354-NSIDC_CPRD&pg%5B0%5D%5Bid%5D=%2AARCSIX2024%2A&q=LVISF2
e1a3ac9b-db36-44e8-954f-bf692351a43d,bin,https://search.earthdata.nasa.gov/search/granules?p=C3160958277-NSIDC_CPRD&pg%5B0%5D%5Bid%5D=%2ACAM150%2AARCSIX2024%2A&q=OLVIS1A
e1a3ac9b-db36-44e8-954f-bf692351a43d,bin,https://search.earthdata.nasa.gov/search/granules?p=C3160958277-NSIDC_CPRD&pg%5B0%5D%5Bid%5D=%2ACAM0%2AARCSIX2024%2A&q=OLVIS1A
e1a3ac9b-db36-44e8-954f-bf692351a43d,html,https://doi.org/10.5067/SUBORBITAL/ARCSIX/DATA001/P3B/AircraftRemoteSensing/MARLi_1
e1a3ac9b-db36-44e8-954f-bf692351a43d,iso,https://cmr.earthdata.nasa.gov/search/concepts/C3466129584-LARC_CLOUD.iso19115
c3df2063-d630-4959-8376-b55aac082aeb,bin,https://www-air.larc.nasa.gov/missions/arcsix/
c3df2063-d630-4959-8376-b55aac082aeb,bin,https://espo.nasa.gov/arcsix
c3df2063-d630-4959-8376-b55aac082aeb,pdf,https://airbornescience.nasa.gov/sites/default/files/documents/ARCSIX_wp_20201030.pdf
c3df2063-d630-4959-8376-b55aac082aeb,bin,https://www.nasa.gov/earth/nasa-mission-flies-over-arctic-to-study-sea-ice-melt-causes/
c3df2063-d630-4959-8376-b55aac082aeb,bin,https://asdc.larc.nasa.gov/citing-data
c3df2063-d630-4959-8376-b55aac082aeb,bin,https://search.earthdata.nasa.gov/search/granules?p=C3466129807-LARC_CLOUD
c3df2063-d630-4959-8376-b55aac082aeb,bin,https://flexpart-request.nilu.no/data-access
c3df2063-d630-4959-8376-b55aac082aeb,bin,https://atmo-access.nilu.no/ARC6_BC.py
c3df2063-d630-4959-8376-b55aac082aeb,bin,https://atmo-access.nilu.no/ARC6_DUST.py
c3df2063-d630-4959-8376-b55aac082aeb,bin,https://ebas-data.nilu.no/Default.aspx
c3df2063-d630-4959-8376-b55aac082aeb,bin,https://villumresearchstation.dk/
c3df2063-d630-4959-8376-b55aac082aeb,bin,https://projects.au.dk/cleancloud/cleancloud-project
c3df2063-d630-4959-8376-b55aac082aeb,bin,https://www.thuleatmos-it.it/
c3df2063-d630-4959-8376-b55aac082aeb,bin,https://www.thuleatmos-it.it/data/arcsix/
c3df2063-d630-4959-8376-b55aac082aeb,html,https://aeronet.gsfc.nasa.gov/new_web/cruises_v3/Kronprins_Haakon_24.html
c3df2063-d630-4959-8376-b55aac082aeb,html,https://aeronet.gsfc.nasa.gov/new_web/cruises_v3/Oden_24_0.html
c3df2063-d630-4959-8376-b55aac082aeb,html,https://aeronet.gsfc.nasa.gov/new_web/cruises_v3/Polarstern_24_0.html
c3df2063-d630-4959-8376-b55aac082aeb,html,https://aeronet.gsfc.nasa.gov/new_web/cruises_v3/Oceania_24_4.html
c3df2063-d630-4959-8376-b55aac082aeb,html,https://doi.org/10.23703/e0p8-8r10
c3df2063-d630-4959-8376-b55aac082aeb,bin,https://bolin.su.se/data/
c3df2063-d630-4959-8376-b55aac082aeb,html,https://doi.org/10.48515/14c4-nn87
c3df2063-d630-4959-8376-b55aac082aeb,bin,https://brage.npolar.no/npolar-xmlui/handle/11250/3145717
c3df2063-d630-4959-8376-b55aac082aeb,bin,https://data.npolar.no/dataset?q=ao2024
c3df2063-d630-4959-8376-b55aac082aeb,html,https://doi.org/10.57738/BzPM_0794_2025
c3df2063-d630-4959-8376-b55aac082aeb,pdf,https://epic.awi.de/id/eprint/59013/1/CampaignReport_IceBirdSummer2024.pdf
c3df2063-d630-4959-8376-b55aac082aeb,html,https://www.awi.de/en/science/climate-sciences/sea-ice-physics/projects/ice-bird.html
c3df2063-d630-4959-8376-b55aac082aeb,html,https://doi.org/10.18739/A2T14TR46
c3df2063-d630-4959-8376-b55aac082aeb,html,https://doi.org/10.18739/A2FJ29F6X
c3df2063-d630-4959-8376-b55aac082aeb,bin,https://earth.esa.int/eogateway/missions/earthcare
c3df2063-d630-4959-8376-b55aac082aeb,bin,https://icesat-2.gsfc.nasa.gov/
c3df2063-d630-4959-8376-b55aac082aeb,bin,https://modis.gsfc.nasa.gov/
c3df2063-d630-4959-8376-b55aac082aeb,bin,https://pace.gsfc.nasa.gov/
c3df2063-d630-4959-8376-b55aac082aeb,bin,https://prefire.ssec.wisc.edu/
c3df2063-d630-4959-8376-b55aac082aeb,bin,https://search.earthdata.nasa.gov/search/granules?p=C3160930797-NSIDC_CPRD&pg%5B0%5D%5Bid%5D=%2AARCSIX2024%2A&q=LVISF1B
c3df2063-d630-4959-8376-b55aac082aeb,bin,https://search.earthdata.nasa.gov/search/granules?p=C3160943354-NSIDC_CPRD&pg%5B0%5D%5Bid%5D=%2AARCSIX2024%2A&q=LVISF2
c3df2063-d630-4959-8376-b55aac082aeb,bin,https://search.earthdata.nasa.gov/search/granules?p=C3160958277-NSIDC_CPRD&pg%5B0%5D%5Bid%5D=%2ACAM150%2AARCSIX2024%2A&q=OLVIS1A
c3df2063-d630-4959-8376-b55aac082aeb,bin,https://search.earthdata.nasa.gov/search/granules?p=C3160958277-NSIDC_CPRD&pg%5B0%5D%5Bid%5D=%2ACAM0%2AARCSIX2024%2A&q=OLVIS1A
c3df2063-d630-4959-8376-b55aac082aeb,html,https://doi.org/10.5067/SUBORBITAL/ARCSIX/DATA001/P3B/AircraftRemoteSensing/RSP_1
c3df2063-d630-4959-8376-b55aac082aeb,iso,https://cmr.earthdata.nasa.gov/search/concepts/C3466129807-LARC_CLOUD.iso19115
f864fd38-9fec-43f1-87e8-4f95aa12e4b7,bin,https://www-air.larc.nasa.gov/missions/arcsix/
f864fd38-9fec-43f1-87e8-4f95aa12e4b7,bin,https://espo.nasa.gov/arcsix
f864fd38-9fec-43f1-87e8-4f95aa12e4b7,pdf,https://airbornescience.nasa.gov/sites/default/files/documents/ARCSIX_wp_20201030.pdf
f864fd38-9fec-43f1-87e8-4f95aa12e4b7,bin,https://www.nasa.gov/earth/nasa-mission-flies-over-arctic-to-study-sea-ice-melt-causes/
f864fd38-9fec-43f1-87e8-4f95aa12e4b7,bin,https://asdc.larc.nasa.gov/citing-data
f864fd38-9fec-43f1-87e8-4f95aa12e4b7,bin,https://flexpart-request.nilu.no/data-access
f864fd38-9fec-43f1-87e8-4f95aa12e4b7,bin,https://atmo-access.nilu.no/ARC6_BC.py
f864fd38-9fec-43f1-87e8-4f95aa12e4b7,bin,https://atmo-access.nilu.no/ARC6_DUST.py
f864fd38-9fec-43f1-87e8-4f95aa12e4b7,bin,https://ebas-data.nilu.no/Default.aspx
f864fd38-9fec-43f1-87e8-4f95aa12e4b7,bin,https://villumresearchstation.dk/
f864fd38-9fec-43f1-87e8-4f95aa12e4b7,bin,https://projects.au.dk/cleancloud/cleancloud-project
f864fd38-9fec-43f1-87e8-4f95aa12e4b7,bin,https://www.thuleatmos-it.it/
f864fd38-9fec-43f1-87e8-4f95aa12e4b7,bin,https://www.thuleatmos-it.it/data/arcsix/
f864fd38-9fec-43f1-87e8-4f95aa12e4b7,html,https://aeronet.gsfc.nasa.gov/new_web/cruises_v3/Kronprins_Haakon_24.html
f864fd38-9fec-43f1-87e8-4f95aa12e4b7,html,https://aeronet.gsfc.nasa.gov/new_web/cruises_v3/Oden_24_0.html
f864fd38-9fec-43f1-87e8-4f95aa12e4b7,html,https://aeronet.gsfc.nasa.gov/new_web/cruises_v3/Polarstern_24_0.html
f864fd38-9fec-43f1-87e8-4f95aa12e4b7,html,https://aeronet.gsfc.nasa.gov/new_web/cruises_v3/Oceania_24_4.html
f864fd38-9fec-43f1-87e8-4f95aa12e4b7,html,https://doi.org/10.23703/e0p8-8r10
f864fd38-9fec-43f1-87e8-4f95aa12e4b7,bin,https://bolin.su.se/data/
f864fd38-9fec-43f1-87e8-4f95aa12e4b7,html,https://doi.org/10.48515/14c4-nn87
f864fd38-9fec-43f1-87e8-4f95aa12e4b7,bin,https://brage.npolar.no/npolar-xmlui/handle/11250/3145717
f864fd38-9fec-43f1-87e8-4f95aa12e4b7,bin,https://data.npolar.no/dataset?q=ao2024
f864fd38-9fec-43f1-87e8-4f95aa12e4b7,html,https://doi.org/10.57738/BzPM_0794_2025
f864fd38-9fec-43f1-87e8-4f95aa12e4b7,pdf,https://epic.awi.de/id/eprint/59013/1/CampaignReport_IceBirdSummer2024.pdf
f864fd38-9fec-43f1-87e8-4f95aa12e4b7,html,https://www.awi.de/en/science/climate-sciences/sea-ice-physics/projects/ice-bird.html
f864fd38-9fec-43f1-87e8-4f95aa12e4b7,html,https://doi.org/10.18739/A2T14TR46
f864fd38-9fec-43f1-87e8-4f95aa12e4b7,html,https://doi.org/10.18739/A2FJ29F6X
f864fd38-9fec-43f1-87e8-4f95aa12e4b7,bin,https://earth.esa.int/eogateway/missions/earthcare
f864fd38-9fec-43f1-87e8-4f95aa12e4b7,bin,https://icesat-2.gsfc.nasa.gov/
f864fd38-9fec-43f1-87e8-4f95aa12e4b7,bin,https://modis.gsfc.nasa.gov/
f864fd38-9fec-43f1-87e8-4f95aa12e4b7,bin,https://pace.gsfc.nasa.gov/
f864fd38-9fec-43f1-87e8-4f95aa12e4b7,bin,https://prefire.ssec.wisc.edu/
f864fd38-9fec-43f1-87e8-4f95aa12e4b7,bin,https://search.earthdata.nasa.gov/search/granules?p=C3160930797-NSIDC_CPRD&pg%5B0%5D%5Bid%5D=%2AARCSIX2024%2A&q=LVISF1B
f864fd38-9fec-43f1-87e8-4f95aa12e4b7,bin,https://search.earthdata.nasa.gov/search/granules?p=C3160943354-NSIDC_CPRD&pg%5B0%5D%5Bid%5D=%2AARCSIX2024%2A&q=LVISF2
f864fd38-9fec-43f1-87e8-4f95aa12e4b7,bin,https://search.earthdata.nasa.gov/search/granules?p=C3160958277-NSIDC_CPRD&pg%5B0%5D%5Bid%5D=%2ACAM150%2AARCSIX2024%2A&q=OLVIS1A
f864fd38-9fec-43f1-87e8-4f95aa12e4b7,bin,https://search.earthdata.nasa.gov/search/granules?p=C3160958277-NSIDC_CPRD&pg%5B0%5D%5Bid%5D=%2ACAM0%2AARCSIX2024%2A&q=OLVIS1A
f864fd38-9fec-43f1-87e8-4f95aa12e4b7,bin,https://search.earthdata.nasa.gov/search/granules?p=C3466131054-LARC_CLOUD
f864fd38-9fec-43f1-87e8-4f95aa12e4b7,html,https://doi.org/10.5067/SUBORBITAL/ARCSIX/DATA001/Learjet/Cloud_AircraftInSitu_1
f864fd38-9fec-43f1-87e8-4f95aa12e4b7,iso,https://cmr.earthdata.nasa.gov/search/concepts/C3466131054-LARC_CLOUD.iso19115
1ba758f2-4008-41a6-9a69-7bf4a36cdc27,bin,https://www-air.larc.nasa.gov/missions/arcsix/
1ba758f2-4008-41a6-9a69-7bf4a36cdc27,bin,https://asdc.larc.nasa.gov/citing-data
1ba758f2-4008-41a6-9a69-7bf4a36cdc27,bin,https://www.nasa.gov/earth/nasa-mission-flies-over-arctic-to-study-sea-ice-melt-causes/
1ba758f2-4008-41a6-9a69-7bf4a36cdc27,bin,https://search.earthdata.nasa.gov/search/granules?p=C3466129392-LARC_CLOUD
1ba758f2-4008-41a6-9a69-7bf4a36cdc27,pdf,https://airbornescience.nasa.gov/sites/default/files/documents/ARCSIX_wp_20201030.pdf
1ba758f2-4008-41a6-9a69-7bf4a36cdc27,bin,https://espo.nasa.gov/arcsix
1ba758f2-4008-41a6-9a69-7bf4a36cdc27,bin,https://flexpart-request.nilu.no/data-access
1ba758f2-4008-41a6-9a69-7bf4a36cdc27,bin,https://atmo-access.nilu.no/ARC6_BC.py
1ba758f2-4008-41a6-9a69-7bf4a36cdc27,bin,https://atmo-access.nilu.no/ARC6_DUST.py
1ba758f2-4008-41a6-9a69-7bf4a36cdc27,bin,https://ebas-data.nilu.no/Default.aspx
1ba758f2-4008-41a6-9a69-7bf4a36cdc27,bin,https://villumresearchstation.dk/
1ba758f2-4008-41a6-9a69-7bf4a36cdc27,bin,https://projects.au.dk/cleancloud/cleancloud-project
1ba758f2-4008-41a6-9a69-7bf4a36cdc27,bin,https://www.thuleatmos-it.it/
1ba758f2-4008-41a6-9a69-7bf4a36cdc27,bin,https://www.thuleatmos-it.it/data/arcsix/
1ba758f2-4008-41a6-9a69-7bf4a36cdc27,html,https://aeronet.gsfc.nasa.gov/new_web/cruises_v3/Kronprins_Haakon_24.html
1ba758f2-4008-41a6-9a69-7bf4a36cdc27,html,https://aeronet.gsfc.nasa.gov/new_web/cruises_v3/Oden_24_0.html
1ba758f2-4008-41a6-9a69-7bf4a36cdc27,html,https://aeronet.gsfc.nasa.gov/new_web/cruises_v3/Polarstern_24_0.html
1ba758f2-4008-41a6-9a69-7bf4a36cdc27,html,https://aeronet.gsfc.nasa.gov/new_web/cruises_v3/Oceania_24_4.html
1ba758f2-4008-41a6-9a69-7bf4a36cdc27,html,https://doi.org/10.23703/e0p8-8r10
1ba758f2-4008-41a6-9a69-7bf4a36cdc27,bin,https://bolin.su.se/data/
1ba758f2-4008-41a6-9a69-7bf4a36cdc27,html,https://doi.org/10.48515/14c4-nn87
1ba758f2-4008-41a6-9a69-7bf4a36cdc27,bin,https://brage.npolar.no/npolar-xmlui/handle/11250/3145717
1ba758f2-4008-41a6-9a69-7bf4a36cdc27,bin,https://data.npolar.no/dataset?q=ao2024
1ba758f2-4008-41a6-9a69-7bf4a36cdc27,html,https://doi.org/10.57738/BzPM_0794_2025
1ba758f2-4008-41a6-9a69-7bf4a36cdc27,pdf,https://epic.awi.de/id/eprint/59013/1/CampaignReport_IceBirdSummer2024.pdf
1ba758f2-4008-41a6-9a69-7bf4a36cdc27,html,https://www.awi.de/en/science/climate-sciences/sea-ice-physics/projects/ice-bird.html
1ba758f2-4008-41a6-9a69-7bf4a36cdc27,html,https://doi.org/10.18739/A2T14TR46
1ba758f2-4008-41a6-9a69-7bf4a36cdc27,html,https://doi.org/10.18739/A2FJ29F6X
1ba758f2-4008-41a6-9a69-7bf4a36cdc27,bin,https://earth.esa.int/eogateway/missions/earthcare
1ba758f2-4008-41a6-9a69-7bf4a36cdc27,bin,https://icesat-2.gsfc.nasa.gov/
1ba758f2-4008-41a6-9a69-7bf4a36cdc27,bin,https://modis.gsfc.nasa.gov/
1ba758f2-4008-41a6-9a69-7bf4a36cdc27,bin,https://pace.gsfc.nasa.gov/
1ba758f2-4008-41a6-9a69-7bf4a36cdc27,bin,https://prefire.ssec.wisc.edu/
1ba758f2-4008-41a6-9a69-7bf4a36cdc27,bin,https://search.earthdata.nasa.gov/search/granules?p=C3160930797-NSIDC_CPRD&pg%5B0%5D%5Bid%5D=%2AARCSIX2024%2A&q=LVISF1B
1ba758f2-4008-41a6-9a69-7bf4a36cdc27,bin,https://search.earthdata.nasa.gov/search/granules?p=C3160943354-NSIDC_CPRD&pg%5B0%5D%5Bid%5D=%2AARCSIX2024%2A&q=LVISF2
1ba758f2-4008-41a6-9a69-7bf4a36cdc27,bin,https://search.earthdata.nasa.gov/search/granules?p=C3160958277-NSIDC_CPRD&pg%5B0%5D%5Bid%5D=%2ACAM150%2AARCSIX2024%2A&q=OLVIS1A
1ba758f2-4008-41a6-9a69-7bf4a36cdc27,bin,https://search.earthdata.nasa.gov/search/granules?p=C3160958277-NSIDC_CPRD&pg%5B0%5D%5Bid%5D=%2ACAM0%2AARCSIX2024%2A&q=OLVIS1A
1ba758f2-4008-41a6-9a69-7bf4a36cdc27,html,https://doi.org/10.5067/SUBORBITAL/ARCSIX/DATA001/P3B/Aerosol_AircraftInSitu_1
1ba758f2-4008-41a6-9a69-7bf4a36cdc27,iso,https://cmr.earthdata.nasa.gov/search/concepts/C3466129392-LARC_CLOUD.iso19115
3d3a7b63-1157-40ac-9e84-e42670b6ff09,html,https://heasarc.gsfc.nasa.gov/W3Browse/all/rasscals.html
3d3a7b63-1157-40ac-9e84-e42670b6ff09,bin,https://heasarc.gsfc.nasa.gov/xamin/vo/cone?showoffsets&table=rasscals&
d5bcdc9b-c385-4c94-a6c6-694e79959a15,html,https://heasarc.gsfc.nasa.gov/W3Browse/all/euverap1.html
d5bcdc9b-c385-4c94-a6c6-694e79959a15,bin,https://heasarc.gsfc.nasa.gov/xamin/vo/cone?showoffsets&table=euverap1&
d3ca436f-34ad-409b-b6af-8d965061a024,jpeg,https://docserver.gesdisc.eosdis.nasa.gov/public/project/Images/AIRIBRAD_005.jpeg
d3ca436f-34ad-409b-b6af-8d965061a024,html,https://disc.gsfc.nasa.gov/datacollection/AIRSAQIRL1B_NRT_8.0.html
d3ca436f-34ad-409b-b6af-8d965061a024,bin,https://discnrt1.gesdisc.eosdis.nasa.gov/data/Aqua_AIRS_NRT/AIRSAQIRL1B_NRT.8.0/
d3ca436f-34ad-409b-b6af-8d965061a024,bin,https://discnrt1.gesdisc.eosdis.nasa.gov/opendap/Aqua_AIRS_NRT/AIRSAQIRL1B_NRT.8.0/
d3ca436f-34ad-409b-b6af-8d965061a024,bin,https://search.earthdata.nasa.gov/search?q=AIRSAQIRL1B_NRT%2B8.0
d3ca436f-34ad-409b-b6af-8d965061a024,html,https://airs.jpl.nasa.gov/index.html
d3ca436f-34ad-409b-b6af-8d965061a024,bin,https://disc.gsfc.nasa.gov/information/documents?title=AIRS%2520Documentation
d3ca436f-34ad-409b-b6af-8d965061a024,pdf,https://docserver.gesdisc.eosdis.nasa.gov/public/project/AIRS/README.AIRSAQIRL1B.v8.0.pdf
d3ca436f-34ad-409b-b6af-8d965061a024,pdf,https://docserver.gesdisc.eosdis.nasa.gov/public/project/AIRS/AIRS_V8.0_L1B_Test_Report.pdf
d3ca436f-34ad-409b-b6af-8d965061a024,pdf,https://docserver.gesdisc.eosdis.nasa.gov/public/project/ATBD/AIRS_V8_L1B_ATBD.pdf
d3ca436f-34ad-409b-b6af-8d965061a024,pdf,https://docserver.gesdisc.eosdis.nasa.gov/repository/Mission/AIRS/3.3_ScienceDataProductDocumentation/3.3.5_ProductQuality/nrt_memo_v6.pdf
d3ca436f-34ad-409b-b6af-8d965061a024,iso,https://cmr.earthdata.nasa.gov/search/concepts/C3173404183-GES_DISC.iso19115
5a488b68-1f69-4597-8ab3-2289315c108f,jpeg,https://docserver.gesdisc.eosdis.nasa.gov/public/project/Images/AIRICRAD.v6.7.jpg
5a488b68-1f69-4597-8ab3-2289315c108f,html,https://disc.gsfc.nasa.gov/datacollection/AIRICRAD_6.7.html
5a488b68-1f69-4597-8ab3-2289315c108f,bin,https://airsl1.gesdisc.eosdis.nasa.gov/data/Aqua_AIRS_Level1/AIRICRAD.6.7/
5a488b68-1f69-4597-8ab3-2289315c108f,bin,https://airsl1.gesdisc.eosdis.nasa.gov/opendap/Aqua_AIRS_Level1/AIRICRAD.6.7/
5a488b68-1f69-4597-8ab3-2289315c108f,html,https://airs.jpl.nasa.gov/index.html
5a488b68-1f69-4597-8ab3-2289315c108f,bin,https://disc.gsfc.nasa.gov/information/documents?title=AIRS%2520Documentation
5a488b68-1f69-4597-8ab3-2289315c108f,pdf,https://docserver.gesdisc.eosdis.nasa.gov/public/project/AIRS/V6.7_L1C_Product_User_Guide.pdf
5a488b68-1f69-4597-8ab3-2289315c108f,pdf,https://docserver.gesdisc.eosdis.nasa.gov/public/project/AIRS/AIRS_V6.7_L1C_ATBD.pdf
5a488b68-1f69-4597-8ab3-2289315c108f,bin,https://search.earthdata.nasa.gov/search?q=AIRICRAD%2B6.7
5a488b68-1f69-4597-8ab3-2289315c108f,iso,https://cmr.earthdata.nasa.gov/search/concepts/C1675477037-GES_DISC.iso19115
