identifier,tag_name
9042228b-aae9-40f6-b477-d251e81a1307,aquatic-toxicity
9042228b-aae9-40f6-b477-d251e81a1307,contaminants-of-emerging-concern
9042228b-aae9-40f6-b477-d251e81a1307,legacy-contaminants
9042228b-aae9-40f6-b477-d251e81a1307,risk-assessment
2d836053-35d1-4570-83b5-0149cb70ca18,casualties
2d836053-35d1-4570-83b5-0149cb70ca18,casualty
2d836053-35d1-4570-83b5-0149cb70ca18,contractor
2d836053-35d1-4570-83b5-0149cb70ca18,fatalities
2d836053-35d1-4570-83b5-0149cb70ca18,fatality
2d836053-35d1-4570-83b5-0149cb70ca18,illness
2d836053-35d1-4570-83b5-0149cb70ca18,illnesses
2d836053-35d1-4570-83b5-0149cb70ca18,injuries
2d836053-35d1-4570-83b5-0149cb70ca18,injury
2d836053-35d1-4570-83b5-0149cb70ca18,nontrespasser
2d836053-35d1-4570-83b5-0149cb70ca18,passenger
2d836053-35d1-4570-83b5-0149cb70ca18,railroad-employee
2d836053-35d1-4570-83b5-0149cb70ca18,trespasser
2d836053-35d1-4570-83b5-0149cb70ca18,trespassers
2d836053-35d1-4570-83b5-0149cb70ca18,worker-on-duty
69a8a429-1033-460b-97fe-a1258ee1d79a,collision
69a8a429-1033-460b-97fe-a1258ee1d79a,derailment
69a8a429-1033-460b-97fe-a1258ee1d79a,rail-accident
69a8a429-1033-460b-97fe-a1258ee1d79a,train
69a8a429-1033-460b-97fe-a1258ee1d79a,train-accident
63f2472d-1b99-4102-a76d-d928e8265122,casualties
63f2472d-1b99-4102-a76d-d928e8265122,casualty
63f2472d-1b99-4102-a76d-d928e8265122,contractor
63f2472d-1b99-4102-a76d-d928e8265122,fatalities
63f2472d-1b99-4102-a76d-d928e8265122,fatality
63f2472d-1b99-4102-a76d-d928e8265122,illness
63f2472d-1b99-4102-a76d-d928e8265122,illnesses
63f2472d-1b99-4102-a76d-d928e8265122,injuries
63f2472d-1b99-4102-a76d-d928e8265122,injury
63f2472d-1b99-4102-a76d-d928e8265122,nontrespasser
63f2472d-1b99-4102-a76d-d928e8265122,passenger
63f2472d-1b99-4102-a76d-d928e8265122,railroad-employee
63f2472d-1b99-4102-a76d-d928e8265122,trespasser
63f2472d-1b99-4102-a76d-d928e8265122,trespassers
63f2472d-1b99-4102-a76d-d928e8265122,worker-on-duty
7c8539da-db33-4eb4-9321-2d529f251839,crossing-inventory
7c8539da-db33-4eb4-9321-2d529f251839,grade-crossing-incident
7c8539da-db33-4eb4-9321-2d529f251839,highway-rail-incident
7c8539da-db33-4eb4-9321-2d529f251839,quiet-zone
7c8539da-db33-4eb4-9321-2d529f251839,train-horn
c83712b9-313c-4079-955e-5335ad3ba1dd,suicide
c83712b9-313c-4079-955e-5335ad3ba1dd,trespasser
eb6ccdc4-afb5-4f88-9bc4-78d70d11863b,crossing-inventory
eb6ccdc4-afb5-4f88-9bc4-78d70d11863b,grade-crossing-incident
eb6ccdc4-afb5-4f88-9bc4-78d70d11863b,highway-rail-incident
eb6ccdc4-afb5-4f88-9bc4-78d70d11863b,quiet-zone
eb6ccdc4-afb5-4f88-9bc4-78d70d11863b,train-horn
3d2003f3-7f00-4816-858d-c2ea648db21d,suicide
3d2003f3-7f00-4816-858d-c2ea648db21d,trespasser
0c2dd7d3-ce82-4934-beda-4db430e149ad,casualties
0c2dd7d3-ce82-4934-beda-4db430e149ad,casualty
0c2dd7d3-ce82-4934-beda-4db430e149ad,contractor
0c2dd7d3-ce82-4934-beda-4db430e149ad,fatalities
0c2dd7d3-ce82-4934-beda-4db430e149ad,fatality
0c2dd7d3-ce82-4934-beda-4db430e149ad,illness
0c2dd7d3-ce82-4934-beda-4db430e149ad,illnesses
0c2dd7d3-ce82-4934-beda-4db430e149ad,injuries
0c2dd7d3-ce82-4934-beda-4db430e149ad,injury
0c2dd7d3-ce82-4934-beda-4db430e149ad,nontrespasser
0c2dd7d3-ce82-4934-beda-4db430e149ad,passenger
0c2dd7d3-ce82-4934-beda-4db430e149ad,railroad-employee
0c2dd7d3-ce82-4934-beda-4db430e149ad,trespasser
0c2dd7d3-ce82-4934-beda-4db430e149ad,trespassers
0c2dd7d3-ce82-4934-beda-4db430e149ad,worker-on-duty
e8a20255-66f8-4f36-ad2d-9d7dd55b1487,trespasser-suicide
2d8fe10e-a96b-4193-b508-891f4058517e,energy
2d8fe10e-a96b-4193-b508-891f4058517e,experiment
2d8fe10e-a96b-4193-b508-891f4058517e,hydrokinetic
2d8fe10e-a96b-4193-b508-891f4058517e,marine
2d8fe10e-a96b-4193-b508-891f4058517e,matlab
2d8fe10e-a96b-4193-b508-891f4058517e,mhk
2d8fe10e-a96b-4193-b508-891f4058517e,oscillating-surge-wave-energy-converter
2d8fe10e-a96b-4193-b508-891f4058517e,oswec
2d8fe10e-a96b-4193-b508-891f4058517e,performance
2d8fe10e-a96b-4193-b508-891f4058517e,power
2d8fe10e-a96b-4193-b508-891f4058517e,power-take-off
2d8fe10e-a96b-4193-b508-891f4058517e,pressure
2d8fe10e-a96b-4193-b508-891f4058517e,processed-data
2d8fe10e-a96b-4193-b508-891f4058517e,pto
2d8fe10e-a96b-4193-b508-891f4058517e,wave-energy-converter
2d8fe10e-a96b-4193-b508-891f4058517e,wec
94b1666e-2866-4747-a750-eee9b3bb2b10,2-km
94b1666e-2866-4747-a750-eee9b3bb2b10,atmosphere
94b1666e-2866-4747-a750-eee9b3bb2b10,atmospheric
94b1666e-2866-4747-a750-eee9b3bb2b10,conus
94b1666e-2866-4747-a750-eee9b3bb2b10,data
94b1666e-2866-4747-a750-eee9b3bb2b10,energy
94b1666e-2866-4747-a750-eee9b3bb2b10,hourly
94b1666e-2866-4747-a750-eee9b3bb2b10,hrrr
94b1666e-2866-4747-a750-eee9b3bb2b10,meteorology
94b1666e-2866-4747-a750-eee9b3bb2b10,nlr
94b1666e-2866-4747-a750-eee9b3bb2b10,operations
94b1666e-2866-4747-a750-eee9b3bb2b10,planning
94b1666e-2866-4747-a750-eee9b3bb2b10,power
94b1666e-2866-4747-a750-eee9b3bb2b10,processed-data
94b1666e-2866-4747-a750-eee9b3bb2b10,transmission
94b1666e-2866-4747-a750-eee9b3bb2b10,wind
94b1666e-2866-4747-a750-eee9b3bb2b10,wind-energy
94b1666e-2866-4747-a750-eee9b3bb2b10,wind-power
94b1666e-2866-4747-a750-eee9b3bb2b10,wind-toolkit
0172ab06-70a6-49b5-b389-e335ad03d5b4,authorization
0172ab06-70a6-49b5-b389-e335ad03d5b4,blm
0172ab06-70a6-49b5-b389-e335ad03d5b4,boundaries
0172ab06-70a6-49b5-b389-e335ad03d5b4,federal
0172ab06-70a6-49b5-b389-e335ad03d5b4,idaho
0172ab06-70a6-49b5-b389-e335ad03d5b4,management
0172ab06-70a6-49b5-b389-e335ad03d5b4,realty
0172ab06-70a6-49b5-b389-e335ad03d5b4,right-of-way
0172ab06-70a6-49b5-b389-e335ad03d5b4,rights-of-way
0172ab06-70a6-49b5-b389-e335ad03d5b4,rights-of-ways
0172ab06-70a6-49b5-b389-e335ad03d5b4,row
0172ab06-70a6-49b5-b389-e335ad03d5b4,withdrawal
5e311b23-61b7-41dc-8fca-5028076ca395,002
5e311b23-61b7-41dc-8fca-5028076ca395,003
5e311b23-61b7-41dc-8fca-5028076ca395,007
5e311b23-61b7-41dc-8fca-5028076ca395,008
5e311b23-61b7-41dc-8fca-5028076ca395,012
5e311b23-61b7-41dc-8fca-5028076ca395,013
5e311b23-61b7-41dc-8fca-5028076ca395,015
5e311b23-61b7-41dc-8fca-5028076ca395,authorizations
5e311b23-61b7-41dc-8fca-5028076ca395,biota
5e311b23-61b7-41dc-8fca-5028076ca395,blm
5e311b23-61b7-41dc-8fca-5028076ca395,boundaries
5e311b23-61b7-41dc-8fca-5028076ca395,bureau-of-land-management
5e311b23-61b7-41dc-8fca-5028076ca395,colorado
5e311b23-61b7-41dc-8fca-5028076ca395,endangered
5e311b23-61b7-41dc-8fca-5028076ca395,environment
5e311b23-61b7-41dc-8fca-5028076ca395,forest
5e311b23-61b7-41dc-8fca-5028076ca395,geology
5e311b23-61b7-41dc-8fca-5028076ca395,geospatial
5e311b23-61b7-41dc-8fca-5028076ca395,jurisdiction
5e311b23-61b7-41dc-8fca-5028076ca395,location
5e311b23-61b7-41dc-8fca-5028076ca395,management
5e311b23-61b7-41dc-8fca-5028076ca395,paleontology
5e311b23-61b7-41dc-8fca-5028076ca395,planningcadastre
5e311b23-61b7-41dc-8fca-5028076ca395,public-lands
5e311b23-61b7-41dc-8fca-5028076ca395,recreation
5e311b23-61b7-41dc-8fca-5028076ca395,transportation
5e311b23-61b7-41dc-8fca-5028076ca395,united-states
5e311b23-61b7-41dc-8fca-5028076ca395,utilitiescommunication
5e311b23-61b7-41dc-8fca-5028076ca395,vegetation
5e311b23-61b7-41dc-8fca-5028076ca395,western-states
5e311b23-61b7-41dc-8fca-5028076ca395,wilderness
5e311b23-61b7-41dc-8fca-5028076ca395,wildlife
ed13cad8-c6d7-4d34-ada3-27436232a366,bia
ed13cad8-c6d7-4d34-ada3-27436232a366,blm
ed13cad8-c6d7-4d34-ada3-27436232a366,bor
ed13cad8-c6d7-4d34-ada3-27436232a366,boundaries
ed13cad8-c6d7-4d34-ada3-27436232a366,bureau-of-indian-affairs
ed13cad8-c6d7-4d34-ada3-27436232a366,bureau-of-land-management
ed13cad8-c6d7-4d34-ada3-27436232a366,bureau-of-reclamation
ed13cad8-c6d7-4d34-ada3-27436232a366,department-of-the-interior
ed13cad8-c6d7-4d34-ada3-27436232a366,doi
ed13cad8-c6d7-4d34-ada3-27436232a366,fish-and-game
ed13cad8-c6d7-4d34-ada3-27436232a366,forest-service
ed13cad8-c6d7-4d34-ada3-27436232a366,gcdb
ed13cad8-c6d7-4d34-ada3-27436232a366,gcdb-land-status
ed13cad8-c6d7-4d34-ada3-27436232a366,gcdb-ownership
ed13cad8-c6d7-4d34-ada3-27436232a366,geographic-coordinate-data-base
ed13cad8-c6d7-4d34-ada3-27436232a366,idaho
ed13cad8-c6d7-4d34-ada3-27436232a366,indian-reservation
ed13cad8-c6d7-4d34-ada3-27436232a366,intelligencemilitary
ed13cad8-c6d7-4d34-ada3-27436232a366,land-status
ed13cad8-c6d7-4d34-ada3-27436232a366,management
ed13cad8-c6d7-4d34-ada3-27436232a366,military
ed13cad8-c6d7-4d34-ada3-27436232a366,national-park-service
ed13cad8-c6d7-4d34-ada3-27436232a366,national-wildlife-refuge
ed13cad8-c6d7-4d34-ada3-27436232a366,nevada
ed13cad8-c6d7-4d34-ada3-27436232a366,nps
ed13cad8-c6d7-4d34-ada3-27436232a366,own
ed13cad8-c6d7-4d34-ada3-27436232a366,ownership
ed13cad8-c6d7-4d34-ada3-27436232a366,parks-and-recreation
ed13cad8-c6d7-4d34-ada3-27436232a366,planningcadastre
ed13cad8-c6d7-4d34-ada3-27436232a366,plss
ed13cad8-c6d7-4d34-ada3-27436232a366,public-land-survey-system
ed13cad8-c6d7-4d34-ada3-27436232a366,sma
ed13cad8-c6d7-4d34-ada3-27436232a366,state
ed13cad8-c6d7-4d34-ada3-27436232a366,surface-management-agency
ed13cad8-c6d7-4d34-ada3-27436232a366,u-s-forest-service
ed13cad8-c6d7-4d34-ada3-27436232a366,u-s-geological-survey
ed13cad8-c6d7-4d34-ada3-27436232a366,usfs
ed13cad8-c6d7-4d34-ada3-27436232a366,usgs
8ced03bd-0293-4ac2-8a19-13b1db1da6da,authorization
8ced03bd-0293-4ac2-8a19-13b1db1da6da,blm
8ced03bd-0293-4ac2-8a19-13b1db1da6da,boundaries
8ced03bd-0293-4ac2-8a19-13b1db1da6da,federal
8ced03bd-0293-4ac2-8a19-13b1db1da6da,idaho
8ced03bd-0293-4ac2-8a19-13b1db1da6da,management
8ced03bd-0293-4ac2-8a19-13b1db1da6da,realty
8ced03bd-0293-4ac2-8a19-13b1db1da6da,right-of-way
8ced03bd-0293-4ac2-8a19-13b1db1da6da,rights-of-way
8ced03bd-0293-4ac2-8a19-13b1db1da6da,rights-of-ways
8ced03bd-0293-4ac2-8a19-13b1db1da6da,row
8ced03bd-0293-4ac2-8a19-13b1db1da6da,withdrawal
3f00686f-2ca8-43ba-b52a-7e4a6f716afc,authorization
3f00686f-2ca8-43ba-b52a-7e4a6f716afc,blm
3f00686f-2ca8-43ba-b52a-7e4a6f716afc,boundaries
3f00686f-2ca8-43ba-b52a-7e4a6f716afc,federal
3f00686f-2ca8-43ba-b52a-7e4a6f716afc,idaho
3f00686f-2ca8-43ba-b52a-7e4a6f716afc,management
3f00686f-2ca8-43ba-b52a-7e4a6f716afc,realty
3f00686f-2ca8-43ba-b52a-7e4a6f716afc,right-of-way
3f00686f-2ca8-43ba-b52a-7e4a6f716afc,rights-of-way
3f00686f-2ca8-43ba-b52a-7e4a6f716afc,rights-of-ways
3f00686f-2ca8-43ba-b52a-7e4a6f716afc,row
3f00686f-2ca8-43ba-b52a-7e4a6f716afc,withdrawal
9ff8604c-6ddd-4a79-aeb7-1966f13116a4,authorization
9ff8604c-6ddd-4a79-aeb7-1966f13116a4,blm
9ff8604c-6ddd-4a79-aeb7-1966f13116a4,boundaries
9ff8604c-6ddd-4a79-aeb7-1966f13116a4,federal
9ff8604c-6ddd-4a79-aeb7-1966f13116a4,idaho
9ff8604c-6ddd-4a79-aeb7-1966f13116a4,management
9ff8604c-6ddd-4a79-aeb7-1966f13116a4,realty
9ff8604c-6ddd-4a79-aeb7-1966f13116a4,right-of-way
9ff8604c-6ddd-4a79-aeb7-1966f13116a4,rights-of-way
9ff8604c-6ddd-4a79-aeb7-1966f13116a4,rights-of-ways
9ff8604c-6ddd-4a79-aeb7-1966f13116a4,row
9ff8604c-6ddd-4a79-aeb7-1966f13116a4,withdrawal
58d6b813-314b-419c-8ac4-a7065c05de0f,002
58d6b813-314b-419c-8ac4-a7065c05de0f,003
58d6b813-314b-419c-8ac4-a7065c05de0f,007
58d6b813-314b-419c-8ac4-a7065c05de0f,008
58d6b813-314b-419c-8ac4-a7065c05de0f,012
58d6b813-314b-419c-8ac4-a7065c05de0f,013
58d6b813-314b-419c-8ac4-a7065c05de0f,015
58d6b813-314b-419c-8ac4-a7065c05de0f,authorizations
58d6b813-314b-419c-8ac4-a7065c05de0f,biota
58d6b813-314b-419c-8ac4-a7065c05de0f,blm
58d6b813-314b-419c-8ac4-a7065c05de0f,boundaries
58d6b813-314b-419c-8ac4-a7065c05de0f,bureau-of-land-management
58d6b813-314b-419c-8ac4-a7065c05de0f,colorado
58d6b813-314b-419c-8ac4-a7065c05de0f,endangered
58d6b813-314b-419c-8ac4-a7065c05de0f,environment
58d6b813-314b-419c-8ac4-a7065c05de0f,forest
58d6b813-314b-419c-8ac4-a7065c05de0f,geology
58d6b813-314b-419c-8ac4-a7065c05de0f,geospatial
58d6b813-314b-419c-8ac4-a7065c05de0f,jurisdiction
58d6b813-314b-419c-8ac4-a7065c05de0f,location
58d6b813-314b-419c-8ac4-a7065c05de0f,management
58d6b813-314b-419c-8ac4-a7065c05de0f,paleontology
58d6b813-314b-419c-8ac4-a7065c05de0f,planningcadastre
58d6b813-314b-419c-8ac4-a7065c05de0f,public-lands
58d6b813-314b-419c-8ac4-a7065c05de0f,recreation
58d6b813-314b-419c-8ac4-a7065c05de0f,transportation
58d6b813-314b-419c-8ac4-a7065c05de0f,united-states
58d6b813-314b-419c-8ac4-a7065c05de0f,utilitiescommunication
58d6b813-314b-419c-8ac4-a7065c05de0f,vegetation
58d6b813-314b-419c-8ac4-a7065c05de0f,western-states
58d6b813-314b-419c-8ac4-a7065c05de0f,wilderness
58d6b813-314b-419c-8ac4-a7065c05de0f,wildlife
c4a4aa38-f55f-4d13-b6b3-b5d3bafa2b6b,bia
c4a4aa38-f55f-4d13-b6b3-b5d3bafa2b6b,blm
c4a4aa38-f55f-4d13-b6b3-b5d3bafa2b6b,bor
c4a4aa38-f55f-4d13-b6b3-b5d3bafa2b6b,boundaries
c4a4aa38-f55f-4d13-b6b3-b5d3bafa2b6b,bureau-of-indian-affairs
c4a4aa38-f55f-4d13-b6b3-b5d3bafa2b6b,bureau-of-land-management
c4a4aa38-f55f-4d13-b6b3-b5d3bafa2b6b,bureau-of-reclamation
c4a4aa38-f55f-4d13-b6b3-b5d3bafa2b6b,department-of-the-interior
c4a4aa38-f55f-4d13-b6b3-b5d3bafa2b6b,doi
c4a4aa38-f55f-4d13-b6b3-b5d3bafa2b6b,fish-and-game
c4a4aa38-f55f-4d13-b6b3-b5d3bafa2b6b,forest-service
c4a4aa38-f55f-4d13-b6b3-b5d3bafa2b6b,gcdb
c4a4aa38-f55f-4d13-b6b3-b5d3bafa2b6b,gcdb-land-status
c4a4aa38-f55f-4d13-b6b3-b5d3bafa2b6b,gcdb-ownership
c4a4aa38-f55f-4d13-b6b3-b5d3bafa2b6b,geographic-coordinate-data-base
c4a4aa38-f55f-4d13-b6b3-b5d3bafa2b6b,idaho
c4a4aa38-f55f-4d13-b6b3-b5d3bafa2b6b,indian-reservation
c4a4aa38-f55f-4d13-b6b3-b5d3bafa2b6b,intelligencemilitary
c4a4aa38-f55f-4d13-b6b3-b5d3bafa2b6b,land-status
c4a4aa38-f55f-4d13-b6b3-b5d3bafa2b6b,management
c4a4aa38-f55f-4d13-b6b3-b5d3bafa2b6b,military
c4a4aa38-f55f-4d13-b6b3-b5d3bafa2b6b,national-park-service
c4a4aa38-f55f-4d13-b6b3-b5d3bafa2b6b,national-wildlife-refuge
c4a4aa38-f55f-4d13-b6b3-b5d3bafa2b6b,nevada
c4a4aa38-f55f-4d13-b6b3-b5d3bafa2b6b,nps
c4a4aa38-f55f-4d13-b6b3-b5d3bafa2b6b,own
c4a4aa38-f55f-4d13-b6b3-b5d3bafa2b6b,ownership
c4a4aa38-f55f-4d13-b6b3-b5d3bafa2b6b,parks-and-recreation
c4a4aa38-f55f-4d13-b6b3-b5d3bafa2b6b,planningcadastre
c4a4aa38-f55f-4d13-b6b3-b5d3bafa2b6b,plss
c4a4aa38-f55f-4d13-b6b3-b5d3bafa2b6b,public-land-survey-system
c4a4aa38-f55f-4d13-b6b3-b5d3bafa2b6b,sma
c4a4aa38-f55f-4d13-b6b3-b5d3bafa2b6b,state
c4a4aa38-f55f-4d13-b6b3-b5d3bafa2b6b,surface-management-agency
c4a4aa38-f55f-4d13-b6b3-b5d3bafa2b6b,u-s-forest-service
c4a4aa38-f55f-4d13-b6b3-b5d3bafa2b6b,u-s-geological-survey
c4a4aa38-f55f-4d13-b6b3-b5d3bafa2b6b,usfs
c4a4aa38-f55f-4d13-b6b3-b5d3bafa2b6b,usgs
5d7d9567-053b-4388-bc35-ca292eefb0ff,authorization
5d7d9567-053b-4388-bc35-ca292eefb0ff,blm
5d7d9567-053b-4388-bc35-ca292eefb0ff,boundaries
5d7d9567-053b-4388-bc35-ca292eefb0ff,federal
5d7d9567-053b-4388-bc35-ca292eefb0ff,idaho
5d7d9567-053b-4388-bc35-ca292eefb0ff,management
5d7d9567-053b-4388-bc35-ca292eefb0ff,realty
5d7d9567-053b-4388-bc35-ca292eefb0ff,right-of-way
5d7d9567-053b-4388-bc35-ca292eefb0ff,rights-of-way
5d7d9567-053b-4388-bc35-ca292eefb0ff,rights-of-ways
5d7d9567-053b-4388-bc35-ca292eefb0ff,row
5d7d9567-053b-4388-bc35-ca292eefb0ff,withdrawal
27ea1bc7-fe8d-442d-89e3-b1517d74604e,authorization
27ea1bc7-fe8d-442d-89e3-b1517d74604e,blm
27ea1bc7-fe8d-442d-89e3-b1517d74604e,boundaries
27ea1bc7-fe8d-442d-89e3-b1517d74604e,federal
27ea1bc7-fe8d-442d-89e3-b1517d74604e,idaho
27ea1bc7-fe8d-442d-89e3-b1517d74604e,management
27ea1bc7-fe8d-442d-89e3-b1517d74604e,realty
27ea1bc7-fe8d-442d-89e3-b1517d74604e,right-of-way
27ea1bc7-fe8d-442d-89e3-b1517d74604e,rights-of-way
27ea1bc7-fe8d-442d-89e3-b1517d74604e,rights-of-ways
27ea1bc7-fe8d-442d-89e3-b1517d74604e,row
27ea1bc7-fe8d-442d-89e3-b1517d74604e,withdrawal
ad3cdd23-30d5-46c3-9d6f-d058dcb30639,air-temperature
ad3cdd23-30d5-46c3-9d6f-d058dcb30639,ecological-framework-biological-integrity-focal-species-or-communities-vegetation-complex
ad3cdd23-30d5-46c3-9d6f-d058dcb30639,ground-based
ad3cdd23-30d5-46c3-9d6f-d058dcb30639,imd
ad3cdd23-30d5-46c3-9d6f-d058dcb30639,inventory-and-monitoring-division
ad3cdd23-30d5-46c3-9d6f-d058dcb30639,katm
ad3cdd23-30d5-46c3-9d6f-d058dcb30639,katmai-national-park-and-preserve
ad3cdd23-30d5-46c3-9d6f-d058dcb30639,kefj
ad3cdd23-30d5-46c3-9d6f-d058dcb30639,kenai-fjords-national-park
ad3cdd23-30d5-46c3-9d6f-d058dcb30639,lacl
ad3cdd23-30d5-46c3-9d6f-d058dcb30639,lake-clark-national-park-and-preserve
ad3cdd23-30d5-46c3-9d6f-d058dcb30639,monitoring
ad3cdd23-30d5-46c3-9d6f-d058dcb30639,national-park-service
ad3cdd23-30d5-46c3-9d6f-d058dcb30639,nps
ad3cdd23-30d5-46c3-9d6f-d058dcb30639,plant-cover
ad3cdd23-30d5-46c3-9d6f-d058dcb30639,protocol
ad3cdd23-30d5-46c3-9d6f-d058dcb30639,sensitive-plant-communities
ad3cdd23-30d5-46c3-9d6f-d058dcb30639,soil-temperature
ad3cdd23-30d5-46c3-9d6f-d058dcb30639,species-diversity
ad3cdd23-30d5-46c3-9d6f-d058dcb30639,structure
ad3cdd23-30d5-46c3-9d6f-d058dcb30639,swan
ad3cdd23-30d5-46c3-9d6f-d058dcb30639,temperature
ad3cdd23-30d5-46c3-9d6f-d058dcb30639,vegetation
ad3cdd23-30d5-46c3-9d6f-d058dcb30639,vegetation-composition
ad3cdd23-30d5-46c3-9d6f-d058dcb30639,vegetation-cover
ad3cdd23-30d5-46c3-9d6f-d058dcb30639,vegetation-diversity
c21b9615-2f17-4a46-b958-b080e1fa14cc,amphibian
c21b9615-2f17-4a46-b958-b080e1fa14cc,arcgis
c21b9615-2f17-4a46-b958-b080e1fa14cc,fragstats
c21b9615-2f17-4a46-b958-b080e1fa14cc,landbird
c21b9615-2f17-4a46-b958-b080e1fa14cc,model-builder
c21b9615-2f17-4a46-b958-b080e1fa14cc,rrqrr-tool
c21b9615-2f17-4a46-b958-b080e1fa14cc,sampling-design
c21b9615-2f17-4a46-b958-b080e1fa14cc,spatially-balanced
c21b9615-2f17-4a46-b958-b080e1fa14cc,vegetation
0495d261-02e4-46f4-af17-294b9e1b227e,cmaq
0495d261-02e4-46f4-af17-294b9e1b227e,deposition
0495d261-02e4-46f4-af17-294b9e1b227e,nadp
0495d261-02e4-46f4-af17-294b9e1b227e,nitrogen
0495d261-02e4-46f4-af17-294b9e1b227e,nitrogen-screening
f505958f-d9c1-4b1b-87b0-4af4d7d93ba7,national-park-service
f505958f-d9c1-4b1b-87b0-4af4d7d93ba7,nitrogen-screening
f505958f-d9c1-4b1b-87b0-4af4d7d93ba7,vegetation
4f26df98-f169-4775-9a5a-5f9b5a4a8956,ammonia
4f26df98-f169-4775-9a5a-5f9b5a4a8956,emissions
4f26df98-f169-4775-9a5a-5f9b5a4a8956,national-emissions-inventory
4f26df98-f169-4775-9a5a-5f9b5a4a8956,nei
4f26df98-f169-4775-9a5a-5f9b5a4a8956,nitrogen
4f26df98-f169-4775-9a5a-5f9b5a4a8956,nitrogen-screening
f2f991bf-f2db-4cb0-a56d-695ceeaea298,brickhill-river
f2f991bf-f2db-4cb0-a56d-695ceeaea298,camden-county
f2f991bf-f2db-4cb0-a56d-695ceeaea298,cuis
f2f991bf-f2db-4cb0-a56d-695ceeaea298,cumberland-island-national-seashore
f2f991bf-f2db-4cb0-a56d-695ceeaea298,cumberland-river
f2f991bf-f2db-4cb0-a56d-695ceeaea298,cumberland-sound
f2f991bf-f2db-4cb0-a56d-695ceeaea298,environment
f2f991bf-f2db-4cb0-a56d-695ceeaea298,estuarine-marine
f2f991bf-f2db-4cb0-a56d-695ceeaea298,georgia
f2f991bf-f2db-4cb0-a56d-695ceeaea298,inlandwaters
f2f991bf-f2db-4cb0-a56d-695ceeaea298,long-term-sediment-quality-monitoring
f2f991bf-f2db-4cb0-a56d-695ceeaea298,monitoring
f2f991bf-f2db-4cb0-a56d-695ceeaea298,mud-creek
f2f991bf-f2db-4cb0-a56d-695ceeaea298,national-coastal-assessment-program
f2f991bf-f2db-4cb0-a56d-695ceeaea298,probabilistic-sampling-design
f2f991bf-f2db-4cb0-a56d-695ceeaea298,sediment-quality
f2f991bf-f2db-4cb0-a56d-695ceeaea298,st-marys-river
f2f991bf-f2db-4cb0-a56d-695ceeaea298,water
a93acb8f-0141-4cd3-8107-0d974e586362,back-sound
a93acb8f-0141-4cd3-8107-0d974e586362,calo
a93acb8f-0141-4cd3-8107-0d974e586362,cape-lookout-national-seashore
a93acb8f-0141-4cd3-8107-0d974e586362,carteret-county
a93acb8f-0141-4cd3-8107-0d974e586362,continuous-water-quality-monitoring
a93acb8f-0141-4cd3-8107-0d974e586362,environment
a93acb8f-0141-4cd3-8107-0d974e586362,fixed-station
a93acb8f-0141-4cd3-8107-0d974e586362,inlandwaters
a93acb8f-0141-4cd3-8107-0d974e586362,long-term-water-quality-monitoring
a93acb8f-0141-4cd3-8107-0d974e586362,monitoring
a93acb8f-0141-4cd3-8107-0d974e586362,multi-parameter-water-quality-measurements
a93acb8f-0141-4cd3-8107-0d974e586362,north-carolina
a93acb8f-0141-4cd3-8107-0d974e586362,shackleford-banks
a93acb8f-0141-4cd3-8107-0d974e586362,shackleford-slue
a93acb8f-0141-4cd3-8107-0d974e586362,water
a93acb8f-0141-4cd3-8107-0d974e586362,water-quality
a93acb8f-0141-4cd3-8107-0d974e586362,ysi-datasonde
119fa435-32e2-419f-8dc0-e260727f6989,back-sound
119fa435-32e2-419f-8dc0-e260727f6989,calo
119fa435-32e2-419f-8dc0-e260727f6989,cape-lookout-national-seashore
119fa435-32e2-419f-8dc0-e260727f6989,carteret-county
119fa435-32e2-419f-8dc0-e260727f6989,continuous-water-quality-monitoring
119fa435-32e2-419f-8dc0-e260727f6989,environment
119fa435-32e2-419f-8dc0-e260727f6989,fixed-station
119fa435-32e2-419f-8dc0-e260727f6989,inlandwaters
119fa435-32e2-419f-8dc0-e260727f6989,long-term-water-quality-monitoring
119fa435-32e2-419f-8dc0-e260727f6989,monitoring
119fa435-32e2-419f-8dc0-e260727f6989,multi-parameter-water-quality-measurements
119fa435-32e2-419f-8dc0-e260727f6989,north-carolina
119fa435-32e2-419f-8dc0-e260727f6989,shackleford-banks
119fa435-32e2-419f-8dc0-e260727f6989,shackleford-slue
119fa435-32e2-419f-8dc0-e260727f6989,water
119fa435-32e2-419f-8dc0-e260727f6989,water-quality
119fa435-32e2-419f-8dc0-e260727f6989,ysi-datasonde
69d167ac-86ec-4636-86d8-5faf35bb64f2,back-sound
69d167ac-86ec-4636-86d8-5faf35bb64f2,calo
69d167ac-86ec-4636-86d8-5faf35bb64f2,cape-lookout-national-seashore
69d167ac-86ec-4636-86d8-5faf35bb64f2,carteret-county
69d167ac-86ec-4636-86d8-5faf35bb64f2,continuous-water-quality-monitoring
69d167ac-86ec-4636-86d8-5faf35bb64f2,environment
69d167ac-86ec-4636-86d8-5faf35bb64f2,fixed-station
69d167ac-86ec-4636-86d8-5faf35bb64f2,inlandwaters
69d167ac-86ec-4636-86d8-5faf35bb64f2,long-term-water-quality-monitoring
69d167ac-86ec-4636-86d8-5faf35bb64f2,monitoring
69d167ac-86ec-4636-86d8-5faf35bb64f2,multi-parameter-water-quality-measurements
69d167ac-86ec-4636-86d8-5faf35bb64f2,north-carolina
69d167ac-86ec-4636-86d8-5faf35bb64f2,shackleford-banks
69d167ac-86ec-4636-86d8-5faf35bb64f2,shackleford-slue
69d167ac-86ec-4636-86d8-5faf35bb64f2,water
69d167ac-86ec-4636-86d8-5faf35bb64f2,water-quality
69d167ac-86ec-4636-86d8-5faf35bb64f2,ysi-datasonde
06db3b6b-b7b0-48d9-889b-2baf237e58be,back-sound
06db3b6b-b7b0-48d9-889b-2baf237e58be,calo
06db3b6b-b7b0-48d9-889b-2baf237e58be,cape-lookout-national-seashore
06db3b6b-b7b0-48d9-889b-2baf237e58be,carteret-county
06db3b6b-b7b0-48d9-889b-2baf237e58be,continuous-water-quality-monitoring
06db3b6b-b7b0-48d9-889b-2baf237e58be,environment
06db3b6b-b7b0-48d9-889b-2baf237e58be,fixed-station
06db3b6b-b7b0-48d9-889b-2baf237e58be,inlandwaters
06db3b6b-b7b0-48d9-889b-2baf237e58be,long-term-water-quality-monitoring
06db3b6b-b7b0-48d9-889b-2baf237e58be,monitoring
06db3b6b-b7b0-48d9-889b-2baf237e58be,multi-parameter-water-quality-measurements
06db3b6b-b7b0-48d9-889b-2baf237e58be,north-carolina
06db3b6b-b7b0-48d9-889b-2baf237e58be,shackleford-banks
06db3b6b-b7b0-48d9-889b-2baf237e58be,shackleford-slue
06db3b6b-b7b0-48d9-889b-2baf237e58be,water
06db3b6b-b7b0-48d9-889b-2baf237e58be,water-quality
06db3b6b-b7b0-48d9-889b-2baf237e58be,ysi-datasonde
037884e3-1900-4c1a-80fd-ff6706cc21c4,2009-2010
037884e3-1900-4c1a-80fd-ff6706cc21c4,community
037884e3-1900-4c1a-80fd-ff6706cc21c4,data
037884e3-1900-4c1a-80fd-ff6706cc21c4,monitoring
037884e3-1900-4c1a-80fd-ff6706cc21c4,secn
037884e3-1900-4c1a-80fd-ff6706cc21c4,vegetation
57a7972b-dcb2-4f43-9e4a-f93e8f002962,continuous-water-quality-monitoring
57a7972b-dcb2-4f43-9e4a-f93e8f002962,environment
57a7972b-dcb2-4f43-9e4a-f93e8f002962,fixed-station
57a7972b-dcb2-4f43-9e4a-f93e8f002962,florida
57a7972b-dcb2-4f43-9e4a-f93e8f002962,inlandwaters
57a7972b-dcb2-4f43-9e4a-f93e8f002962,lofton-creek
57a7972b-dcb2-4f43-9e4a-f93e8f002962,long-term-water-quality-monitoring
57a7972b-dcb2-4f43-9e4a-f93e8f002962,monitoring
57a7972b-dcb2-4f43-9e4a-f93e8f002962,multi-parameter-water-quality-measurements
57a7972b-dcb2-4f43-9e4a-f93e8f002962,nassau-county
57a7972b-dcb2-4f43-9e4a-f93e8f002962,timu
57a7972b-dcb2-4f43-9e4a-f93e8f002962,timucuan-ecological-and-historic-preserve-ecological-and-historic-preserve
57a7972b-dcb2-4f43-9e4a-f93e8f002962,water
57a7972b-dcb2-4f43-9e4a-f93e8f002962,water-quality
57a7972b-dcb2-4f43-9e4a-f93e8f002962,ysi-datasonde
3cfd33b6-f05f-4a75-8c8d-72474d6cab8c,continuous-water-quality-monitoring
3cfd33b6-f05f-4a75-8c8d-72474d6cab8c,environment
3cfd33b6-f05f-4a75-8c8d-72474d6cab8c,fixed-station
3cfd33b6-f05f-4a75-8c8d-72474d6cab8c,florida
3cfd33b6-f05f-4a75-8c8d-72474d6cab8c,inlandwaters
3cfd33b6-f05f-4a75-8c8d-72474d6cab8c,lofton-creek
3cfd33b6-f05f-4a75-8c8d-72474d6cab8c,long-term-water-quality-monitoring
3cfd33b6-f05f-4a75-8c8d-72474d6cab8c,monitoring
3cfd33b6-f05f-4a75-8c8d-72474d6cab8c,multi-parameter-water-quality-measurements
3cfd33b6-f05f-4a75-8c8d-72474d6cab8c,nassau-county
3cfd33b6-f05f-4a75-8c8d-72474d6cab8c,timu
3cfd33b6-f05f-4a75-8c8d-72474d6cab8c,timucuan-ecological-and-historic-preserve-ecological-and-historic-preserve
3cfd33b6-f05f-4a75-8c8d-72474d6cab8c,water
3cfd33b6-f05f-4a75-8c8d-72474d6cab8c,water-quality
3cfd33b6-f05f-4a75-8c8d-72474d6cab8c,ysi-datasonde
b82e8ade-f1a3-486d-99ba-a08586ff709d,continuous-water-quality-monitoring
b82e8ade-f1a3-486d-99ba-a08586ff709d,environment
b82e8ade-f1a3-486d-99ba-a08586ff709d,fixed-station
b82e8ade-f1a3-486d-99ba-a08586ff709d,florida
b82e8ade-f1a3-486d-99ba-a08586ff709d,inlandwaters
b82e8ade-f1a3-486d-99ba-a08586ff709d,lofton-creek
b82e8ade-f1a3-486d-99ba-a08586ff709d,long-term-water-quality-monitoring
b82e8ade-f1a3-486d-99ba-a08586ff709d,monitoring
b82e8ade-f1a3-486d-99ba-a08586ff709d,multi-parameter-water-quality-measurements
b82e8ade-f1a3-486d-99ba-a08586ff709d,nassau-county
b82e8ade-f1a3-486d-99ba-a08586ff709d,timu
b82e8ade-f1a3-486d-99ba-a08586ff709d,timucuan-ecological-and-historic-preserve-ecological-and-historic-preserve
b82e8ade-f1a3-486d-99ba-a08586ff709d,water
b82e8ade-f1a3-486d-99ba-a08586ff709d,water-quality
b82e8ade-f1a3-486d-99ba-a08586ff709d,ysi-datasonde
cc2c5cf7-40c0-493f-bceb-1fdf0f042ff6,continuous-water-quality-monitoring
cc2c5cf7-40c0-493f-bceb-1fdf0f042ff6,environment
cc2c5cf7-40c0-493f-bceb-1fdf0f042ff6,fixed-station
cc2c5cf7-40c0-493f-bceb-1fdf0f042ff6,florida
cc2c5cf7-40c0-493f-bceb-1fdf0f042ff6,inlandwaters
cc2c5cf7-40c0-493f-bceb-1fdf0f042ff6,lofton-creek
cc2c5cf7-40c0-493f-bceb-1fdf0f042ff6,long-term-water-quality-monitoring
cc2c5cf7-40c0-493f-bceb-1fdf0f042ff6,monitoring
cc2c5cf7-40c0-493f-bceb-1fdf0f042ff6,multi-parameter-water-quality-measurements
cc2c5cf7-40c0-493f-bceb-1fdf0f042ff6,nassau-county
cc2c5cf7-40c0-493f-bceb-1fdf0f042ff6,timu
cc2c5cf7-40c0-493f-bceb-1fdf0f042ff6,timucuan-ecological-and-historic-preserve-ecological-and-historic-preserve
cc2c5cf7-40c0-493f-bceb-1fdf0f042ff6,water
cc2c5cf7-40c0-493f-bceb-1fdf0f042ff6,water-quality
cc2c5cf7-40c0-493f-bceb-1fdf0f042ff6,ysi-datasonde
374453fa-f9bd-4ab7-abbf-1290c44e298b,continuous-water-quality-monitoring
374453fa-f9bd-4ab7-abbf-1290c44e298b,environment
374453fa-f9bd-4ab7-abbf-1290c44e298b,fixed-station
374453fa-f9bd-4ab7-abbf-1290c44e298b,florida
374453fa-f9bd-4ab7-abbf-1290c44e298b,inlandwaters
374453fa-f9bd-4ab7-abbf-1290c44e298b,lofton-creek
374453fa-f9bd-4ab7-abbf-1290c44e298b,long-term-water-quality-monitoring
374453fa-f9bd-4ab7-abbf-1290c44e298b,monitoring
374453fa-f9bd-4ab7-abbf-1290c44e298b,multi-parameter-water-quality-measurements
374453fa-f9bd-4ab7-abbf-1290c44e298b,nassau-county
374453fa-f9bd-4ab7-abbf-1290c44e298b,timu
374453fa-f9bd-4ab7-abbf-1290c44e298b,timucuan-ecological-and-historic-preserve-ecological-and-historic-preserve
374453fa-f9bd-4ab7-abbf-1290c44e298b,water
374453fa-f9bd-4ab7-abbf-1290c44e298b,water-quality
374453fa-f9bd-4ab7-abbf-1290c44e298b,ysi-datasonde
55cc4309-b27a-4ce3-8476-55e1582bfb73,continuous-water-quality-monitoring
55cc4309-b27a-4ce3-8476-55e1582bfb73,environment
55cc4309-b27a-4ce3-8476-55e1582bfb73,fixed-station
55cc4309-b27a-4ce3-8476-55e1582bfb73,florida
55cc4309-b27a-4ce3-8476-55e1582bfb73,inlandwaters
55cc4309-b27a-4ce3-8476-55e1582bfb73,lofton-creek
55cc4309-b27a-4ce3-8476-55e1582bfb73,long-term-water-quality-monitoring
55cc4309-b27a-4ce3-8476-55e1582bfb73,monitoring
55cc4309-b27a-4ce3-8476-55e1582bfb73,multi-parameter-water-quality-measurements
55cc4309-b27a-4ce3-8476-55e1582bfb73,nassau-county
55cc4309-b27a-4ce3-8476-55e1582bfb73,timu
55cc4309-b27a-4ce3-8476-55e1582bfb73,timucuan-ecological-and-historic-preserve-ecological-and-historic-preserve
55cc4309-b27a-4ce3-8476-55e1582bfb73,water
55cc4309-b27a-4ce3-8476-55e1582bfb73,water-quality
55cc4309-b27a-4ce3-8476-55e1582bfb73,ysi-datasonde
78e0f3fb-94c2-455b-a5c3-27e610cff5b4,continuous-water-quality-monitoring
78e0f3fb-94c2-455b-a5c3-27e610cff5b4,environment
78e0f3fb-94c2-455b-a5c3-27e610cff5b4,fixed-station
78e0f3fb-94c2-455b-a5c3-27e610cff5b4,florida
78e0f3fb-94c2-455b-a5c3-27e610cff5b4,inlandwaters
78e0f3fb-94c2-455b-a5c3-27e610cff5b4,lofton-creek
78e0f3fb-94c2-455b-a5c3-27e610cff5b4,long-term-water-quality-monitoring
78e0f3fb-94c2-455b-a5c3-27e610cff5b4,monitoring
78e0f3fb-94c2-455b-a5c3-27e610cff5b4,multi-parameter-water-quality-measurements
78e0f3fb-94c2-455b-a5c3-27e610cff5b4,nassau-county
78e0f3fb-94c2-455b-a5c3-27e610cff5b4,timu
78e0f3fb-94c2-455b-a5c3-27e610cff5b4,timucuan-ecological-and-historic-preserve-ecological-and-historic-preserve
78e0f3fb-94c2-455b-a5c3-27e610cff5b4,water
78e0f3fb-94c2-455b-a5c3-27e610cff5b4,water-quality
78e0f3fb-94c2-455b-a5c3-27e610cff5b4,ysi-datasonde
df47f9fd-24f1-4393-b2f7-e0938f96485e,continuous-water-quality-monitoring
df47f9fd-24f1-4393-b2f7-e0938f96485e,environment
df47f9fd-24f1-4393-b2f7-e0938f96485e,fixed-station
df47f9fd-24f1-4393-b2f7-e0938f96485e,florida
df47f9fd-24f1-4393-b2f7-e0938f96485e,inlandwaters
df47f9fd-24f1-4393-b2f7-e0938f96485e,lofton-creek
df47f9fd-24f1-4393-b2f7-e0938f96485e,long-term-water-quality-monitoring
df47f9fd-24f1-4393-b2f7-e0938f96485e,monitoring
df47f9fd-24f1-4393-b2f7-e0938f96485e,multi-parameter-water-quality-measurements
df47f9fd-24f1-4393-b2f7-e0938f96485e,nassau-county
df47f9fd-24f1-4393-b2f7-e0938f96485e,timu
df47f9fd-24f1-4393-b2f7-e0938f96485e,timucuan-ecological-and-historic-preserve-ecological-and-historic-preserve
df47f9fd-24f1-4393-b2f7-e0938f96485e,water
df47f9fd-24f1-4393-b2f7-e0938f96485e,water-quality
df47f9fd-24f1-4393-b2f7-e0938f96485e,ysi-datasonde
22b60872-2883-46f6-a6c6-1e6011c22871,continuous-water-quality-monitoring
22b60872-2883-46f6-a6c6-1e6011c22871,environment
22b60872-2883-46f6-a6c6-1e6011c22871,fixed-station
22b60872-2883-46f6-a6c6-1e6011c22871,florida
22b60872-2883-46f6-a6c6-1e6011c22871,inlandwaters
22b60872-2883-46f6-a6c6-1e6011c22871,lofton-creek
22b60872-2883-46f6-a6c6-1e6011c22871,long-term-water-quality-monitoring
22b60872-2883-46f6-a6c6-1e6011c22871,monitoring
22b60872-2883-46f6-a6c6-1e6011c22871,multi-parameter-water-quality-measurements
22b60872-2883-46f6-a6c6-1e6011c22871,nassau-county
22b60872-2883-46f6-a6c6-1e6011c22871,timu
22b60872-2883-46f6-a6c6-1e6011c22871,timucuan-ecological-and-historic-preserve-ecological-and-historic-preserve
22b60872-2883-46f6-a6c6-1e6011c22871,water
22b60872-2883-46f6-a6c6-1e6011c22871,water-quality
22b60872-2883-46f6-a6c6-1e6011c22871,ysi-datasonde
61655a4f-f355-40c4-b9c4-708e7e647f0a,continuous-water-quality-monitoring
61655a4f-f355-40c4-b9c4-708e7e647f0a,environment
61655a4f-f355-40c4-b9c4-708e7e647f0a,fixed-station
61655a4f-f355-40c4-b9c4-708e7e647f0a,florida
61655a4f-f355-40c4-b9c4-708e7e647f0a,inlandwaters
61655a4f-f355-40c4-b9c4-708e7e647f0a,lofton-creek
61655a4f-f355-40c4-b9c4-708e7e647f0a,long-term-water-quality-monitoring
61655a4f-f355-40c4-b9c4-708e7e647f0a,monitoring
61655a4f-f355-40c4-b9c4-708e7e647f0a,multi-parameter-water-quality-measurements
61655a4f-f355-40c4-b9c4-708e7e647f0a,nassau-county
61655a4f-f355-40c4-b9c4-708e7e647f0a,timu
61655a4f-f355-40c4-b9c4-708e7e647f0a,timucuan-ecological-and-historic-preserve-ecological-and-historic-preserve
61655a4f-f355-40c4-b9c4-708e7e647f0a,water
61655a4f-f355-40c4-b9c4-708e7e647f0a,water-quality
61655a4f-f355-40c4-b9c4-708e7e647f0a,ysi-datasonde
a38cff84-2591-444a-83c2-31ffa76f0d87,avian-bird-landbird-audio-recording-automated-recording-device-acoustic-monitoring-species-rich
3a25efb0-604d-4953-9289-0cd4ffcecf08,continuous-water-quality-monitoring
3a25efb0-604d-4953-9289-0cd4ffcecf08,duvall-county
3a25efb0-604d-4953-9289-0cd4ffcecf08,environment
3a25efb0-604d-4953-9289-0cd4ffcecf08,fixed-station
3a25efb0-604d-4953-9289-0cd4ffcecf08,florida
3a25efb0-604d-4953-9289-0cd4ffcecf08,fort-george-river
3a25efb0-604d-4953-9289-0cd4ffcecf08,inlandwaters
3a25efb0-604d-4953-9289-0cd4ffcecf08,long-term-water-quality-monitoring
3a25efb0-604d-4953-9289-0cd4ffcecf08,monitoring
3a25efb0-604d-4953-9289-0cd4ffcecf08,multi-parameter-water-quality-measurements
3a25efb0-604d-4953-9289-0cd4ffcecf08,timu
3a25efb0-604d-4953-9289-0cd4ffcecf08,timucuan-ecological-and-historic-preserve-ecological-and-historic-preserve
3a25efb0-604d-4953-9289-0cd4ffcecf08,water
3a25efb0-604d-4953-9289-0cd4ffcecf08,water-quality
3a25efb0-604d-4953-9289-0cd4ffcecf08,ysi-datasonde
19f313a4-f87f-4d97-a138-002a3b3be46e,continuous-water-quality-monitoring
19f313a4-f87f-4d97-a138-002a3b3be46e,duvall-county
19f313a4-f87f-4d97-a138-002a3b3be46e,environment
19f313a4-f87f-4d97-a138-002a3b3be46e,fixed-station
19f313a4-f87f-4d97-a138-002a3b3be46e,florida
19f313a4-f87f-4d97-a138-002a3b3be46e,fort-george-river
19f313a4-f87f-4d97-a138-002a3b3be46e,inlandwaters
19f313a4-f87f-4d97-a138-002a3b3be46e,long-term-water-quality-monitoring
19f313a4-f87f-4d97-a138-002a3b3be46e,monitoring
19f313a4-f87f-4d97-a138-002a3b3be46e,multi-parameter-water-quality-measurements
19f313a4-f87f-4d97-a138-002a3b3be46e,timu
19f313a4-f87f-4d97-a138-002a3b3be46e,timucuan-ecological-and-historic-preserve-ecological-and-historic-preserve
19f313a4-f87f-4d97-a138-002a3b3be46e,water
19f313a4-f87f-4d97-a138-002a3b3be46e,water-quality
19f313a4-f87f-4d97-a138-002a3b3be46e,ysi-datasonde
7caf93f0-ee26-4010-9b7d-5e0676c6b1d3,continuous-water-quality-monitoring
7caf93f0-ee26-4010-9b7d-5e0676c6b1d3,duvall-county
7caf93f0-ee26-4010-9b7d-5e0676c6b1d3,environment
7caf93f0-ee26-4010-9b7d-5e0676c6b1d3,fixed-station
7caf93f0-ee26-4010-9b7d-5e0676c6b1d3,florida
7caf93f0-ee26-4010-9b7d-5e0676c6b1d3,fort-george-river
7caf93f0-ee26-4010-9b7d-5e0676c6b1d3,inlandwaters
7caf93f0-ee26-4010-9b7d-5e0676c6b1d3,long-term-water-quality-monitoring
7caf93f0-ee26-4010-9b7d-5e0676c6b1d3,monitoring
7caf93f0-ee26-4010-9b7d-5e0676c6b1d3,multi-parameter-water-quality-measurements
7caf93f0-ee26-4010-9b7d-5e0676c6b1d3,timu
7caf93f0-ee26-4010-9b7d-5e0676c6b1d3,timucuan-ecological-and-historic-preserve-ecological-and-historic-preserve
7caf93f0-ee26-4010-9b7d-5e0676c6b1d3,water
7caf93f0-ee26-4010-9b7d-5e0676c6b1d3,water-quality
7caf93f0-ee26-4010-9b7d-5e0676c6b1d3,ysi-datasonde
29e002d0-845f-4a2d-a411-ca77a927bb08,continuous-water-quality-monitoring
29e002d0-845f-4a2d-a411-ca77a927bb08,duvall-county
29e002d0-845f-4a2d-a411-ca77a927bb08,environment
29e002d0-845f-4a2d-a411-ca77a927bb08,fixed-station
29e002d0-845f-4a2d-a411-ca77a927bb08,florida
29e002d0-845f-4a2d-a411-ca77a927bb08,fort-george-river
29e002d0-845f-4a2d-a411-ca77a927bb08,inlandwaters
29e002d0-845f-4a2d-a411-ca77a927bb08,long-term-water-quality-monitoring
29e002d0-845f-4a2d-a411-ca77a927bb08,monitoring
29e002d0-845f-4a2d-a411-ca77a927bb08,multi-parameter-water-quality-measurements
29e002d0-845f-4a2d-a411-ca77a927bb08,timu
29e002d0-845f-4a2d-a411-ca77a927bb08,timucuan-ecological-and-historic-preserve-ecological-and-historic-preserve
29e002d0-845f-4a2d-a411-ca77a927bb08,water
29e002d0-845f-4a2d-a411-ca77a927bb08,water-quality
29e002d0-845f-4a2d-a411-ca77a927bb08,ysi-datasonde
997552c1-783a-4166-92cb-ea0aa7306496,continuous-water-quality-monitoring
997552c1-783a-4166-92cb-ea0aa7306496,duvall-county
997552c1-783a-4166-92cb-ea0aa7306496,environment
997552c1-783a-4166-92cb-ea0aa7306496,fixed-station
997552c1-783a-4166-92cb-ea0aa7306496,florida
997552c1-783a-4166-92cb-ea0aa7306496,fort-george-river
997552c1-783a-4166-92cb-ea0aa7306496,inlandwaters
997552c1-783a-4166-92cb-ea0aa7306496,long-term-water-quality-monitoring
997552c1-783a-4166-92cb-ea0aa7306496,monitoring
997552c1-783a-4166-92cb-ea0aa7306496,multi-parameter-water-quality-measurements
997552c1-783a-4166-92cb-ea0aa7306496,timu
997552c1-783a-4166-92cb-ea0aa7306496,timucuan-ecological-and-historic-preserve-ecological-and-historic-preserve
997552c1-783a-4166-92cb-ea0aa7306496,water
997552c1-783a-4166-92cb-ea0aa7306496,water-quality
997552c1-783a-4166-92cb-ea0aa7306496,ysi-datasonde
5ca5684e-08ba-4db0-9c36-f838e28cd86b,continuous-water-quality-monitoring
5ca5684e-08ba-4db0-9c36-f838e28cd86b,duvall-county
5ca5684e-08ba-4db0-9c36-f838e28cd86b,environment
5ca5684e-08ba-4db0-9c36-f838e28cd86b,fixed-station
5ca5684e-08ba-4db0-9c36-f838e28cd86b,florida
5ca5684e-08ba-4db0-9c36-f838e28cd86b,fort-george-river
5ca5684e-08ba-4db0-9c36-f838e28cd86b,inlandwaters
5ca5684e-08ba-4db0-9c36-f838e28cd86b,long-term-water-quality-monitoring
5ca5684e-08ba-4db0-9c36-f838e28cd86b,monitoring
5ca5684e-08ba-4db0-9c36-f838e28cd86b,multi-parameter-water-quality-measurements
5ca5684e-08ba-4db0-9c36-f838e28cd86b,timu
5ca5684e-08ba-4db0-9c36-f838e28cd86b,timucuan-ecological-and-historic-preserve-ecological-and-historic-preserve
5ca5684e-08ba-4db0-9c36-f838e28cd86b,water
5ca5684e-08ba-4db0-9c36-f838e28cd86b,water-quality
5ca5684e-08ba-4db0-9c36-f838e28cd86b,ysi-datasonde
974150a2-a829-4dd9-b163-37b2db8a1378,continuous-water-quality-monitoring
974150a2-a829-4dd9-b163-37b2db8a1378,duvall-county
974150a2-a829-4dd9-b163-37b2db8a1378,environment
974150a2-a829-4dd9-b163-37b2db8a1378,fixed-station
974150a2-a829-4dd9-b163-37b2db8a1378,florida
974150a2-a829-4dd9-b163-37b2db8a1378,fort-george-river
974150a2-a829-4dd9-b163-37b2db8a1378,inlandwaters
974150a2-a829-4dd9-b163-37b2db8a1378,long-term-water-quality-monitoring
974150a2-a829-4dd9-b163-37b2db8a1378,monitoring
974150a2-a829-4dd9-b163-37b2db8a1378,multi-parameter-water-quality-measurements
974150a2-a829-4dd9-b163-37b2db8a1378,timu
974150a2-a829-4dd9-b163-37b2db8a1378,timucuan-ecological-and-historic-preserve-ecological-and-historic-preserve
974150a2-a829-4dd9-b163-37b2db8a1378,water
974150a2-a829-4dd9-b163-37b2db8a1378,water-quality
974150a2-a829-4dd9-b163-37b2db8a1378,ysi-datasonde
3874ca5f-0276-4619-abfd-32b648876594,continuous-water-quality-monitoring
3874ca5f-0276-4619-abfd-32b648876594,duvall-county
3874ca5f-0276-4619-abfd-32b648876594,environment
3874ca5f-0276-4619-abfd-32b648876594,fixed-station
3874ca5f-0276-4619-abfd-32b648876594,florida
3874ca5f-0276-4619-abfd-32b648876594,fort-george-river
3874ca5f-0276-4619-abfd-32b648876594,inlandwaters
3874ca5f-0276-4619-abfd-32b648876594,long-term-water-quality-monitoring
3874ca5f-0276-4619-abfd-32b648876594,monitoring
3874ca5f-0276-4619-abfd-32b648876594,multi-parameter-water-quality-measurements
3874ca5f-0276-4619-abfd-32b648876594,timu
3874ca5f-0276-4619-abfd-32b648876594,timucuan-ecological-and-historic-preserve-ecological-and-historic-preserve
3874ca5f-0276-4619-abfd-32b648876594,water
3874ca5f-0276-4619-abfd-32b648876594,water-quality
3874ca5f-0276-4619-abfd-32b648876594,ysi-datasonde
41445d54-5477-474f-a62c-d432caccc600,continuous-water-quality-monitoring
41445d54-5477-474f-a62c-d432caccc600,duvall-county
41445d54-5477-474f-a62c-d432caccc600,environment
41445d54-5477-474f-a62c-d432caccc600,fixed-station
41445d54-5477-474f-a62c-d432caccc600,florida
41445d54-5477-474f-a62c-d432caccc600,fort-george-river
41445d54-5477-474f-a62c-d432caccc600,inlandwaters
41445d54-5477-474f-a62c-d432caccc600,long-term-water-quality-monitoring
41445d54-5477-474f-a62c-d432caccc600,monitoring
41445d54-5477-474f-a62c-d432caccc600,multi-parameter-water-quality-measurements
41445d54-5477-474f-a62c-d432caccc600,timu
41445d54-5477-474f-a62c-d432caccc600,timucuan-ecological-and-historic-preserve-ecological-and-historic-preserve
41445d54-5477-474f-a62c-d432caccc600,water
41445d54-5477-474f-a62c-d432caccc600,water-quality
41445d54-5477-474f-a62c-d432caccc600,ysi-datasonde
311cf0cd-030c-4a85-9f0c-c982bc3d2251,continuous-water-quality-monitoring
311cf0cd-030c-4a85-9f0c-c982bc3d2251,duvall-county
311cf0cd-030c-4a85-9f0c-c982bc3d2251,environment
311cf0cd-030c-4a85-9f0c-c982bc3d2251,fixed-station
311cf0cd-030c-4a85-9f0c-c982bc3d2251,florida
311cf0cd-030c-4a85-9f0c-c982bc3d2251,fort-george-river
311cf0cd-030c-4a85-9f0c-c982bc3d2251,inlandwaters
311cf0cd-030c-4a85-9f0c-c982bc3d2251,long-term-water-quality-monitoring
311cf0cd-030c-4a85-9f0c-c982bc3d2251,monitoring
311cf0cd-030c-4a85-9f0c-c982bc3d2251,multi-parameter-water-quality-measurements
311cf0cd-030c-4a85-9f0c-c982bc3d2251,timu
311cf0cd-030c-4a85-9f0c-c982bc3d2251,timucuan-ecological-and-historic-preserve-ecological-and-historic-preserve
311cf0cd-030c-4a85-9f0c-c982bc3d2251,water
311cf0cd-030c-4a85-9f0c-c982bc3d2251,water-quality
311cf0cd-030c-4a85-9f0c-c982bc3d2251,ysi-datasonde
17606c80-a3c9-4ea9-8195-a14e78370693,boundaries
17606c80-a3c9-4ea9-8195-a14e78370693,boundary
17606c80-a3c9-4ea9-8195-a14e78370693,calo
17606c80-a3c9-4ea9-8195-a14e78370693,cape-lookout-national-seashore
17606c80-a3c9-4ea9-8195-a14e78370693,continental-us
17606c80-a3c9-4ea9-8195-a14e78370693,department-of-interior
17606c80-a3c9-4ea9-8195-a14e78370693,doi
17606c80-a3c9-4ea9-8195-a14e78370693,national-park-service
17606c80-a3c9-4ea9-8195-a14e78370693,national-parks
17606c80-a3c9-4ea9-8195-a14e78370693,nps
17606c80-a3c9-4ea9-8195-a14e78370693,united-states
17606c80-a3c9-4ea9-8195-a14e78370693,usa
2b247904-229f-4b3e-85e6-6b7a3f65a419,alabama
2b247904-229f-4b3e-85e6-6b7a3f65a419,boundaries
2b247904-229f-4b3e-85e6-6b7a3f65a419,boundary
2b247904-229f-4b3e-85e6-6b7a3f65a419,caha
2b247904-229f-4b3e-85e6-6b7a3f65a419,calo
2b247904-229f-4b3e-85e6-6b7a3f65a419,cana
2b247904-229f-4b3e-85e6-6b7a3f65a419,canaveral-national-seashore
2b247904-229f-4b3e-85e6-6b7a3f65a419,cape-hatteras-national-seashore
2b247904-229f-4b3e-85e6-6b7a3f65a419,cape-lookout-national-seashore
2b247904-229f-4b3e-85e6-6b7a3f65a419,casa
2b247904-229f-4b3e-85e6-6b7a3f65a419,castillo-de-san-marcos-national-monument
2b247904-229f-4b3e-85e6-6b7a3f65a419,charles-pinckney-national-historic-site
2b247904-229f-4b3e-85e6-6b7a3f65a419,chat
2b247904-229f-4b3e-85e6-6b7a3f65a419,chattahoochee-river-national-recreation-area
2b247904-229f-4b3e-85e6-6b7a3f65a419,chpi
2b247904-229f-4b3e-85e6-6b7a3f65a419,congaree-national-park
2b247904-229f-4b3e-85e6-6b7a3f65a419,cosw
2b247904-229f-4b3e-85e6-6b7a3f65a419,cuis
2b247904-229f-4b3e-85e6-6b7a3f65a419,cumberland-island-national-seashore
2b247904-229f-4b3e-85e6-6b7a3f65a419,drainage-basin
2b247904-229f-4b3e-85e6-6b7a3f65a419,florida
2b247904-229f-4b3e-85e6-6b7a3f65a419,foca
2b247904-229f-4b3e-85e6-6b7a3f65a419,fofr
2b247904-229f-4b3e-85e6-6b7a3f65a419,foma
2b247904-229f-4b3e-85e6-6b7a3f65a419,fopu
2b247904-229f-4b3e-85e6-6b7a3f65a419,fora
2b247904-229f-4b3e-85e6-6b7a3f65a419,fort-caroline-national-memorial
2b247904-229f-4b3e-85e6-6b7a3f65a419,fort-frederica-national-monument
2b247904-229f-4b3e-85e6-6b7a3f65a419,fort-matanzas-national-monument
2b247904-229f-4b3e-85e6-6b7a3f65a419,fort-pulaski-national-monument
2b247904-229f-4b3e-85e6-6b7a3f65a419,fort-raleigh-national-historic-site
2b247904-229f-4b3e-85e6-6b7a3f65a419,fort-sumter-national-monument
2b247904-229f-4b3e-85e6-6b7a3f65a419,fosu
2b247904-229f-4b3e-85e6-6b7a3f65a419,georgia
2b247904-229f-4b3e-85e6-6b7a3f65a419,hobe
2b247904-229f-4b3e-85e6-6b7a3f65a419,horseshoe-bend-national-military-park
2b247904-229f-4b3e-85e6-6b7a3f65a419,hydrography
2b247904-229f-4b3e-85e6-6b7a3f65a419,hydrologic-unit-codes-huc
2b247904-229f-4b3e-85e6-6b7a3f65a419,hydrology
2b247904-229f-4b3e-85e6-6b7a3f65a419,inland-waters
2b247904-229f-4b3e-85e6-6b7a3f65a419,kemo
2b247904-229f-4b3e-85e6-6b7a3f65a419,kennesaw-mountain-national-battlefield-park
2b247904-229f-4b3e-85e6-6b7a3f65a419,mocr
2b247904-229f-4b3e-85e6-6b7a3f65a419,moores-creek-national-battlefield
2b247904-229f-4b3e-85e6-6b7a3f65a419,national-hydrography-dataset-nhd
2b247904-229f-4b3e-85e6-6b7a3f65a419,north-carolina
2b247904-229f-4b3e-85e6-6b7a3f65a419,ocmu
2b247904-229f-4b3e-85e6-6b7a3f65a419,ocmulgee-national-monument
2b247904-229f-4b3e-85e6-6b7a3f65a419,secn
2b247904-229f-4b3e-85e6-6b7a3f65a419,south-carolina
2b247904-229f-4b3e-85e6-6b7a3f65a419,southeast-coast-network
2b247904-229f-4b3e-85e6-6b7a3f65a419,timu
2b247904-229f-4b3e-85e6-6b7a3f65a419,timucuan-ecological-and-historic-preserve-ecological-and-historic-preserve
2b247904-229f-4b3e-85e6-6b7a3f65a419,water
2b247904-229f-4b3e-85e6-6b7a3f65a419,watershed
2b247904-229f-4b3e-85e6-6b7a3f65a419,watershed-boundary-dataset-wbd
2b247904-229f-4b3e-85e6-6b7a3f65a419,wrbr
2b247904-229f-4b3e-85e6-6b7a3f65a419,wright-brothers-national-memorial
fe9d7a0f-cdcb-4818-bcb0-21b5bb5f261c,alabama
fe9d7a0f-cdcb-4818-bcb0-21b5bb5f261c,boundaries
fe9d7a0f-cdcb-4818-bcb0-21b5bb5f261c,boundary
fe9d7a0f-cdcb-4818-bcb0-21b5bb5f261c,caha
fe9d7a0f-cdcb-4818-bcb0-21b5bb5f261c,calo
fe9d7a0f-cdcb-4818-bcb0-21b5bb5f261c,cana
fe9d7a0f-cdcb-4818-bcb0-21b5bb5f261c,canaveral-national-seashore
fe9d7a0f-cdcb-4818-bcb0-21b5bb5f261c,cape-hatteras-national-seashore
fe9d7a0f-cdcb-4818-bcb0-21b5bb5f261c,cape-lookout-national-seashore
fe9d7a0f-cdcb-4818-bcb0-21b5bb5f261c,casa
fe9d7a0f-cdcb-4818-bcb0-21b5bb5f261c,castillo-de-san-marcos-national-monument
fe9d7a0f-cdcb-4818-bcb0-21b5bb5f261c,charles-pinckney-national-historic-site
fe9d7a0f-cdcb-4818-bcb0-21b5bb5f261c,chat
fe9d7a0f-cdcb-4818-bcb0-21b5bb5f261c,chattahoochee-river-national-recreation-area
fe9d7a0f-cdcb-4818-bcb0-21b5bb5f261c,chpi
fe9d7a0f-cdcb-4818-bcb0-21b5bb5f261c,congaree-national-park
fe9d7a0f-cdcb-4818-bcb0-21b5bb5f261c,cosw
fe9d7a0f-cdcb-4818-bcb0-21b5bb5f261c,cuis
fe9d7a0f-cdcb-4818-bcb0-21b5bb5f261c,cumberland-island-national-seashore
fe9d7a0f-cdcb-4818-bcb0-21b5bb5f261c,drainage-basin
fe9d7a0f-cdcb-4818-bcb0-21b5bb5f261c,florida
fe9d7a0f-cdcb-4818-bcb0-21b5bb5f261c,foca
fe9d7a0f-cdcb-4818-bcb0-21b5bb5f261c,fofr
fe9d7a0f-cdcb-4818-bcb0-21b5bb5f261c,foma
fe9d7a0f-cdcb-4818-bcb0-21b5bb5f261c,fopu
fe9d7a0f-cdcb-4818-bcb0-21b5bb5f261c,fora
fe9d7a0f-cdcb-4818-bcb0-21b5bb5f261c,fort-caroline-national-memorial
fe9d7a0f-cdcb-4818-bcb0-21b5bb5f261c,fort-frederica-national-monument
fe9d7a0f-cdcb-4818-bcb0-21b5bb5f261c,fort-matanzas-national-monument
fe9d7a0f-cdcb-4818-bcb0-21b5bb5f261c,fort-pulaski-national-monument
fe9d7a0f-cdcb-4818-bcb0-21b5bb5f261c,fort-raleigh-national-historic-site
fe9d7a0f-cdcb-4818-bcb0-21b5bb5f261c,fort-sumter-national-monument
fe9d7a0f-cdcb-4818-bcb0-21b5bb5f261c,fosu
fe9d7a0f-cdcb-4818-bcb0-21b5bb5f261c,georgia
fe9d7a0f-cdcb-4818-bcb0-21b5bb5f261c,hobe
fe9d7a0f-cdcb-4818-bcb0-21b5bb5f261c,horseshoe-bend-national-military-park
fe9d7a0f-cdcb-4818-bcb0-21b5bb5f261c,hydrography
fe9d7a0f-cdcb-4818-bcb0-21b5bb5f261c,hydrologic-unit-codes-huc
fe9d7a0f-cdcb-4818-bcb0-21b5bb5f261c,hydrology
fe9d7a0f-cdcb-4818-bcb0-21b5bb5f261c,inland-waters
fe9d7a0f-cdcb-4818-bcb0-21b5bb5f261c,kemo
fe9d7a0f-cdcb-4818-bcb0-21b5bb5f261c,kennesaw-mountain-national-battlefield-park
fe9d7a0f-cdcb-4818-bcb0-21b5bb5f261c,mocr
fe9d7a0f-cdcb-4818-bcb0-21b5bb5f261c,moores-creek-national-battlefield
fe9d7a0f-cdcb-4818-bcb0-21b5bb5f261c,national-hydrography-dataset-nhd
fe9d7a0f-cdcb-4818-bcb0-21b5bb5f261c,north-carolina
fe9d7a0f-cdcb-4818-bcb0-21b5bb5f261c,ocmu
fe9d7a0f-cdcb-4818-bcb0-21b5bb5f261c,ocmulgee-national-monument
fe9d7a0f-cdcb-4818-bcb0-21b5bb5f261c,secn
fe9d7a0f-cdcb-4818-bcb0-21b5bb5f261c,south-carolina
fe9d7a0f-cdcb-4818-bcb0-21b5bb5f261c,southeast-coast-network
fe9d7a0f-cdcb-4818-bcb0-21b5bb5f261c,timu
fe9d7a0f-cdcb-4818-bcb0-21b5bb5f261c,timucuan-ecological-and-historic-preserve-ecological-and-historic-preserve
fe9d7a0f-cdcb-4818-bcb0-21b5bb5f261c,water
fe9d7a0f-cdcb-4818-bcb0-21b5bb5f261c,watershed
fe9d7a0f-cdcb-4818-bcb0-21b5bb5f261c,watershed-boundary-dataset-wbd
fe9d7a0f-cdcb-4818-bcb0-21b5bb5f261c,wrbr
fe9d7a0f-cdcb-4818-bcb0-21b5bb5f261c,wright-brothers-national-memorial
7c369549-42fb-4735-ba40-c1642fcb004c,continuous-water-quality-monitoring
7c369549-42fb-4735-ba40-c1642fcb004c,duvall-county
7c369549-42fb-4735-ba40-c1642fcb004c,environment
7c369549-42fb-4735-ba40-c1642fcb004c,fixed-station
7c369549-42fb-4735-ba40-c1642fcb004c,florida
7c369549-42fb-4735-ba40-c1642fcb004c,fort-george-river
7c369549-42fb-4735-ba40-c1642fcb004c,inlandwaters
7c369549-42fb-4735-ba40-c1642fcb004c,long-term-water-quality-monitoring
7c369549-42fb-4735-ba40-c1642fcb004c,monitoring
7c369549-42fb-4735-ba40-c1642fcb004c,multi-parameter-water-quality-measurements
7c369549-42fb-4735-ba40-c1642fcb004c,timu
7c369549-42fb-4735-ba40-c1642fcb004c,timucuan-ecological-and-historic-preserve-ecological-and-historic-preserve
7c369549-42fb-4735-ba40-c1642fcb004c,water
7c369549-42fb-4735-ba40-c1642fcb004c,water-quality
7c369549-42fb-4735-ba40-c1642fcb004c,ysi-datasonde
715c400e-28b4-492f-aba1-2b1762b9044c,continuous-water-quality-monitoring
715c400e-28b4-492f-aba1-2b1762b9044c,duvall-county
715c400e-28b4-492f-aba1-2b1762b9044c,environment
715c400e-28b4-492f-aba1-2b1762b9044c,fixed-station
715c400e-28b4-492f-aba1-2b1762b9044c,florida
715c400e-28b4-492f-aba1-2b1762b9044c,fort-george-river
715c400e-28b4-492f-aba1-2b1762b9044c,inlandwaters
715c400e-28b4-492f-aba1-2b1762b9044c,long-term-water-quality-monitoring
715c400e-28b4-492f-aba1-2b1762b9044c,monitoring
715c400e-28b4-492f-aba1-2b1762b9044c,multi-parameter-water-quality-measurements
715c400e-28b4-492f-aba1-2b1762b9044c,timu
715c400e-28b4-492f-aba1-2b1762b9044c,timucuan-ecological-and-historic-preserve-ecological-and-historic-preserve
715c400e-28b4-492f-aba1-2b1762b9044c,water
715c400e-28b4-492f-aba1-2b1762b9044c,water-quality
715c400e-28b4-492f-aba1-2b1762b9044c,ysi-datasonde
78da8ccf-10b0-4b81-91fd-720c23bfe3b3,continuous-water-quality-monitoring
78da8ccf-10b0-4b81-91fd-720c23bfe3b3,duvall-county
78da8ccf-10b0-4b81-91fd-720c23bfe3b3,environment
78da8ccf-10b0-4b81-91fd-720c23bfe3b3,fixed-station
78da8ccf-10b0-4b81-91fd-720c23bfe3b3,florida
78da8ccf-10b0-4b81-91fd-720c23bfe3b3,fort-george-river
78da8ccf-10b0-4b81-91fd-720c23bfe3b3,inlandwaters
78da8ccf-10b0-4b81-91fd-720c23bfe3b3,long-term-water-quality-monitoring
78da8ccf-10b0-4b81-91fd-720c23bfe3b3,monitoring
78da8ccf-10b0-4b81-91fd-720c23bfe3b3,multi-parameter-water-quality-measurements
78da8ccf-10b0-4b81-91fd-720c23bfe3b3,timu
78da8ccf-10b0-4b81-91fd-720c23bfe3b3,timucuan-ecological-and-historic-preserve-ecological-and-historic-preserve
78da8ccf-10b0-4b81-91fd-720c23bfe3b3,water
78da8ccf-10b0-4b81-91fd-720c23bfe3b3,water-quality
78da8ccf-10b0-4b81-91fd-720c23bfe3b3,ysi-datasonde
ec3fa7e5-6cb1-424a-81ad-876e3352634c,continuous-water-quality-monitoring
ec3fa7e5-6cb1-424a-81ad-876e3352634c,environment
ec3fa7e5-6cb1-424a-81ad-876e3352634c,fixed-station
ec3fa7e5-6cb1-424a-81ad-876e3352634c,florida
ec3fa7e5-6cb1-424a-81ad-876e3352634c,inlandwaters
ec3fa7e5-6cb1-424a-81ad-876e3352634c,lofton-creek
ec3fa7e5-6cb1-424a-81ad-876e3352634c,long-term-water-quality-monitoring
ec3fa7e5-6cb1-424a-81ad-876e3352634c,monitoring
ec3fa7e5-6cb1-424a-81ad-876e3352634c,multi-parameter-water-quality-measurements
ec3fa7e5-6cb1-424a-81ad-876e3352634c,nassau-county
ec3fa7e5-6cb1-424a-81ad-876e3352634c,timu
ec3fa7e5-6cb1-424a-81ad-876e3352634c,timucuan-ecological-and-historic-preserve-ecological-and-historic-preserve
ec3fa7e5-6cb1-424a-81ad-876e3352634c,water
ec3fa7e5-6cb1-424a-81ad-876e3352634c,water-quality
ec3fa7e5-6cb1-424a-81ad-876e3352634c,ysi-datasonde
b6b84149-d7e8-483e-a518-5c97aefbdfac,continuous-water-quality-monitoring
b6b84149-d7e8-483e-a518-5c97aefbdfac,environment
b6b84149-d7e8-483e-a518-5c97aefbdfac,fixed-station
b6b84149-d7e8-483e-a518-5c97aefbdfac,florida
b6b84149-d7e8-483e-a518-5c97aefbdfac,inlandwaters
b6b84149-d7e8-483e-a518-5c97aefbdfac,lofton-creek
b6b84149-d7e8-483e-a518-5c97aefbdfac,long-term-water-quality-monitoring
b6b84149-d7e8-483e-a518-5c97aefbdfac,monitoring
b6b84149-d7e8-483e-a518-5c97aefbdfac,multi-parameter-water-quality-measurements
b6b84149-d7e8-483e-a518-5c97aefbdfac,nassau-county
b6b84149-d7e8-483e-a518-5c97aefbdfac,timu
b6b84149-d7e8-483e-a518-5c97aefbdfac,timucuan-ecological-and-historic-preserve-ecological-and-historic-preserve
b6b84149-d7e8-483e-a518-5c97aefbdfac,water
b6b84149-d7e8-483e-a518-5c97aefbdfac,water-quality
b6b84149-d7e8-483e-a518-5c97aefbdfac,ysi-datasonde
dd94a57e-6166-4823-9f0d-447dbcf4b6a9,brevard-county
dd94a57e-6166-4823-9f0d-447dbcf4b6a9,cana
dd94a57e-6166-4823-9f0d-447dbcf4b6a9,canaveral-national-seashore
dd94a57e-6166-4823-9f0d-447dbcf4b6a9,continuous-water-quality-monitoring
dd94a57e-6166-4823-9f0d-447dbcf4b6a9,environment
dd94a57e-6166-4823-9f0d-447dbcf4b6a9,fixed-station
dd94a57e-6166-4823-9f0d-447dbcf4b6a9,florida
dd94a57e-6166-4823-9f0d-447dbcf4b6a9,inlandwaters
dd94a57e-6166-4823-9f0d-447dbcf4b6a9,long-term-water-quality-monitoring
dd94a57e-6166-4823-9f0d-447dbcf4b6a9,monitoring
dd94a57e-6166-4823-9f0d-447dbcf4b6a9,mosquito-lagoon
dd94a57e-6166-4823-9f0d-447dbcf4b6a9,multi-parameter-water-quality-measurements
dd94a57e-6166-4823-9f0d-447dbcf4b6a9,volusia-county
dd94a57e-6166-4823-9f0d-447dbcf4b6a9,water
dd94a57e-6166-4823-9f0d-447dbcf4b6a9,water-quality
dd94a57e-6166-4823-9f0d-447dbcf4b6a9,ysi-datasonde
c24596f0-3d5a-41df-87d2-317b783ec80b,brevard-county
c24596f0-3d5a-41df-87d2-317b783ec80b,cana
c24596f0-3d5a-41df-87d2-317b783ec80b,canaveral-national-seashore
c24596f0-3d5a-41df-87d2-317b783ec80b,continuous-water-quality-monitoring
c24596f0-3d5a-41df-87d2-317b783ec80b,environment
c24596f0-3d5a-41df-87d2-317b783ec80b,fixed-station
c24596f0-3d5a-41df-87d2-317b783ec80b,florida
c24596f0-3d5a-41df-87d2-317b783ec80b,inlandwaters
c24596f0-3d5a-41df-87d2-317b783ec80b,long-term-water-quality-monitoring
c24596f0-3d5a-41df-87d2-317b783ec80b,monitoring
c24596f0-3d5a-41df-87d2-317b783ec80b,mosquito-lagoon
c24596f0-3d5a-41df-87d2-317b783ec80b,multi-parameter-water-quality-measurements
c24596f0-3d5a-41df-87d2-317b783ec80b,volusia-county
c24596f0-3d5a-41df-87d2-317b783ec80b,water
c24596f0-3d5a-41df-87d2-317b783ec80b,water-quality
c24596f0-3d5a-41df-87d2-317b783ec80b,ysi-datasonde
2ceab6e9-6d44-49d4-bd94-74da7672e2ef,brevard-county
2ceab6e9-6d44-49d4-bd94-74da7672e2ef,cana
2ceab6e9-6d44-49d4-bd94-74da7672e2ef,canaveral-national-seashore
2ceab6e9-6d44-49d4-bd94-74da7672e2ef,continuous-water-quality-monitoring
2ceab6e9-6d44-49d4-bd94-74da7672e2ef,environment
2ceab6e9-6d44-49d4-bd94-74da7672e2ef,fixed-station
2ceab6e9-6d44-49d4-bd94-74da7672e2ef,florida
2ceab6e9-6d44-49d4-bd94-74da7672e2ef,inlandwaters
2ceab6e9-6d44-49d4-bd94-74da7672e2ef,long-term-water-quality-monitoring
2ceab6e9-6d44-49d4-bd94-74da7672e2ef,monitoring
2ceab6e9-6d44-49d4-bd94-74da7672e2ef,mosquito-lagoon
2ceab6e9-6d44-49d4-bd94-74da7672e2ef,multi-parameter-water-quality-measurements
2ceab6e9-6d44-49d4-bd94-74da7672e2ef,volusia-county
2ceab6e9-6d44-49d4-bd94-74da7672e2ef,water
2ceab6e9-6d44-49d4-bd94-74da7672e2ef,water-quality
2ceab6e9-6d44-49d4-bd94-74da7672e2ef,ysi-datasonde
f87dac8c-e187-4acb-92e1-f63d7025c15b,brevard-county
f87dac8c-e187-4acb-92e1-f63d7025c15b,cana
f87dac8c-e187-4acb-92e1-f63d7025c15b,canaveral-national-seashore
f87dac8c-e187-4acb-92e1-f63d7025c15b,continuous-water-quality-monitoring
f87dac8c-e187-4acb-92e1-f63d7025c15b,environment
f87dac8c-e187-4acb-92e1-f63d7025c15b,fixed-station
f87dac8c-e187-4acb-92e1-f63d7025c15b,florida
f87dac8c-e187-4acb-92e1-f63d7025c15b,inlandwaters
f87dac8c-e187-4acb-92e1-f63d7025c15b,long-term-water-quality-monitoring
f87dac8c-e187-4acb-92e1-f63d7025c15b,monitoring
f87dac8c-e187-4acb-92e1-f63d7025c15b,mosquito-lagoon
f87dac8c-e187-4acb-92e1-f63d7025c15b,multi-parameter-water-quality-measurements
f87dac8c-e187-4acb-92e1-f63d7025c15b,volusia-county
f87dac8c-e187-4acb-92e1-f63d7025c15b,water
f87dac8c-e187-4acb-92e1-f63d7025c15b,water-quality
f87dac8c-e187-4acb-92e1-f63d7025c15b,ysi-datasonde
ed1503ee-0c47-4fa0-8328-96c6b89a4a7e,brevard-county
ed1503ee-0c47-4fa0-8328-96c6b89a4a7e,cana
ed1503ee-0c47-4fa0-8328-96c6b89a4a7e,canaveral-national-seashore
ed1503ee-0c47-4fa0-8328-96c6b89a4a7e,environment
ed1503ee-0c47-4fa0-8328-96c6b89a4a7e,estuarine-marine
ed1503ee-0c47-4fa0-8328-96c6b89a4a7e,florida
ed1503ee-0c47-4fa0-8328-96c6b89a4a7e,inlandwaters
ed1503ee-0c47-4fa0-8328-96c6b89a4a7e,long-term-sediment-quality-monitoring
ed1503ee-0c47-4fa0-8328-96c6b89a4a7e,monitoring
ed1503ee-0c47-4fa0-8328-96c6b89a4a7e,mosquito-lagoon
ed1503ee-0c47-4fa0-8328-96c6b89a4a7e,national-coastal-assessment-program
ed1503ee-0c47-4fa0-8328-96c6b89a4a7e,probabilistic-sampling-design
ed1503ee-0c47-4fa0-8328-96c6b89a4a7e,sediment-quality
ed1503ee-0c47-4fa0-8328-96c6b89a4a7e,volusia-county
ed1503ee-0c47-4fa0-8328-96c6b89a4a7e,water
f308bc7b-13c5-45f5-a41f-c095cb36e59a,brevard-county
f308bc7b-13c5-45f5-a41f-c095cb36e59a,cana
f308bc7b-13c5-45f5-a41f-c095cb36e59a,canaveral-national-seashore
f308bc7b-13c5-45f5-a41f-c095cb36e59a,continuous-water-quality-monitoring
f308bc7b-13c5-45f5-a41f-c095cb36e59a,environment
f308bc7b-13c5-45f5-a41f-c095cb36e59a,fixed-station
f308bc7b-13c5-45f5-a41f-c095cb36e59a,florida
f308bc7b-13c5-45f5-a41f-c095cb36e59a,inlandwaters
f308bc7b-13c5-45f5-a41f-c095cb36e59a,long-term-water-quality-monitoring
f308bc7b-13c5-45f5-a41f-c095cb36e59a,monitoring
f308bc7b-13c5-45f5-a41f-c095cb36e59a,mosquito-lagoon
f308bc7b-13c5-45f5-a41f-c095cb36e59a,multi-parameter-water-quality-measurements
f308bc7b-13c5-45f5-a41f-c095cb36e59a,volusia-county
f308bc7b-13c5-45f5-a41f-c095cb36e59a,water
f308bc7b-13c5-45f5-a41f-c095cb36e59a,water-quality
f308bc7b-13c5-45f5-a41f-c095cb36e59a,ysi-datasonde
b78ad23a-386d-4a88-b247-8737ef8650e3,brevard-county
b78ad23a-386d-4a88-b247-8737ef8650e3,cana
b78ad23a-386d-4a88-b247-8737ef8650e3,canaveral-national-seashore
b78ad23a-386d-4a88-b247-8737ef8650e3,continuous-water-quality-monitoring
b78ad23a-386d-4a88-b247-8737ef8650e3,environment
b78ad23a-386d-4a88-b247-8737ef8650e3,fixed-station
b78ad23a-386d-4a88-b247-8737ef8650e3,florida
b78ad23a-386d-4a88-b247-8737ef8650e3,inlandwaters
b78ad23a-386d-4a88-b247-8737ef8650e3,long-term-water-quality-monitoring
b78ad23a-386d-4a88-b247-8737ef8650e3,monitoring
b78ad23a-386d-4a88-b247-8737ef8650e3,mosquito-lagoon
b78ad23a-386d-4a88-b247-8737ef8650e3,multi-parameter-water-quality-measurements
b78ad23a-386d-4a88-b247-8737ef8650e3,volusia-county
b78ad23a-386d-4a88-b247-8737ef8650e3,water
b78ad23a-386d-4a88-b247-8737ef8650e3,water-quality
b78ad23a-386d-4a88-b247-8737ef8650e3,ysi-datasonde
b49c341b-fe97-4b73-a215-f98b8ba76679,brevard-county
b49c341b-fe97-4b73-a215-f98b8ba76679,cana
b49c341b-fe97-4b73-a215-f98b8ba76679,canaveral-national-seashore
b49c341b-fe97-4b73-a215-f98b8ba76679,continuous-water-quality-monitoring
b49c341b-fe97-4b73-a215-f98b8ba76679,environment
b49c341b-fe97-4b73-a215-f98b8ba76679,fixed-station
b49c341b-fe97-4b73-a215-f98b8ba76679,florida
b49c341b-fe97-4b73-a215-f98b8ba76679,inlandwaters
b49c341b-fe97-4b73-a215-f98b8ba76679,long-term-water-quality-monitoring
b49c341b-fe97-4b73-a215-f98b8ba76679,monitoring
b49c341b-fe97-4b73-a215-f98b8ba76679,mosquito-lagoon
b49c341b-fe97-4b73-a215-f98b8ba76679,multi-parameter-water-quality-measurements
b49c341b-fe97-4b73-a215-f98b8ba76679,volusia-county
b49c341b-fe97-4b73-a215-f98b8ba76679,water
b49c341b-fe97-4b73-a215-f98b8ba76679,water-quality
b49c341b-fe97-4b73-a215-f98b8ba76679,ysi-datasonde
dfc5a27d-9527-4377-bf38-73cd4e237285,brevard-county
dfc5a27d-9527-4377-bf38-73cd4e237285,cana
dfc5a27d-9527-4377-bf38-73cd4e237285,canaveral-national-seashore
dfc5a27d-9527-4377-bf38-73cd4e237285,continuous-water-quality-monitoring
dfc5a27d-9527-4377-bf38-73cd4e237285,environment
dfc5a27d-9527-4377-bf38-73cd4e237285,fixed-station
dfc5a27d-9527-4377-bf38-73cd4e237285,florida
dfc5a27d-9527-4377-bf38-73cd4e237285,inlandwaters
dfc5a27d-9527-4377-bf38-73cd4e237285,long-term-water-quality-monitoring
dfc5a27d-9527-4377-bf38-73cd4e237285,monitoring
dfc5a27d-9527-4377-bf38-73cd4e237285,mosquito-lagoon
dfc5a27d-9527-4377-bf38-73cd4e237285,multi-parameter-water-quality-measurements
dfc5a27d-9527-4377-bf38-73cd4e237285,volusia-county
dfc5a27d-9527-4377-bf38-73cd4e237285,water
dfc5a27d-9527-4377-bf38-73cd4e237285,water-quality
dfc5a27d-9527-4377-bf38-73cd4e237285,ysi-datasonde
51944270-9b76-44d6-945a-7ba723d51912,brevard-county
51944270-9b76-44d6-945a-7ba723d51912,cana
51944270-9b76-44d6-945a-7ba723d51912,canaveral-national-seashore
51944270-9b76-44d6-945a-7ba723d51912,continuous-water-quality-monitoring
51944270-9b76-44d6-945a-7ba723d51912,environment
51944270-9b76-44d6-945a-7ba723d51912,fixed-station
51944270-9b76-44d6-945a-7ba723d51912,florida
51944270-9b76-44d6-945a-7ba723d51912,inlandwaters
51944270-9b76-44d6-945a-7ba723d51912,long-term-water-quality-monitoring
51944270-9b76-44d6-945a-7ba723d51912,monitoring
51944270-9b76-44d6-945a-7ba723d51912,mosquito-lagoon
51944270-9b76-44d6-945a-7ba723d51912,multi-parameter-water-quality-measurements
51944270-9b76-44d6-945a-7ba723d51912,volusia-county
51944270-9b76-44d6-945a-7ba723d51912,water
51944270-9b76-44d6-945a-7ba723d51912,water-quality
51944270-9b76-44d6-945a-7ba723d51912,ysi-datasonde
dccf1727-d92b-4e89-82ac-d8d7657ff5c6,cedar-point-creek
dccf1727-d92b-4e89-82ac-d8d7657ff5c6,clapboard-creek
dccf1727-d92b-4e89-82ac-d8d7657ff5c6,duval-county
dccf1727-d92b-4e89-82ac-d8d7657ff5c6,environment
dccf1727-d92b-4e89-82ac-d8d7657ff5c6,estuarine-marine
dccf1727-d92b-4e89-82ac-d8d7657ff5c6,florida
dccf1727-d92b-4e89-82ac-d8d7657ff5c6,inlandwaters
dccf1727-d92b-4e89-82ac-d8d7657ff5c6,intracoastal-waterway
dccf1727-d92b-4e89-82ac-d8d7657ff5c6,long-term-sediment-quality-monitoring
dccf1727-d92b-4e89-82ac-d8d7657ff5c6,monitoring
dccf1727-d92b-4e89-82ac-d8d7657ff5c6,nassau-river
dccf1727-d92b-4e89-82ac-d8d7657ff5c6,national-coastal-assessment-program
dccf1727-d92b-4e89-82ac-d8d7657ff5c6,pablo-creek
dccf1727-d92b-4e89-82ac-d8d7657ff5c6,probabilistic-sampling-design
dccf1727-d92b-4e89-82ac-d8d7657ff5c6,pumpkin-hill-creek
dccf1727-d92b-4e89-82ac-d8d7657ff5c6,sediment-quality
dccf1727-d92b-4e89-82ac-d8d7657ff5c6,sisters-creek
dccf1727-d92b-4e89-82ac-d8d7657ff5c6,st-johns-river
dccf1727-d92b-4e89-82ac-d8d7657ff5c6,timu
dccf1727-d92b-4e89-82ac-d8d7657ff5c6,timucuan-ecological-and-historic-preserve-ecological-and-historic-preserve
dccf1727-d92b-4e89-82ac-d8d7657ff5c6,water
50dff6e6-e0d8-49b5-a517-513e5c839196,brevard-county
50dff6e6-e0d8-49b5-a517-513e5c839196,cana
50dff6e6-e0d8-49b5-a517-513e5c839196,canaveral-national-seashore
50dff6e6-e0d8-49b5-a517-513e5c839196,continuous-water-quality-monitoring
50dff6e6-e0d8-49b5-a517-513e5c839196,environment
50dff6e6-e0d8-49b5-a517-513e5c839196,fixed-station
50dff6e6-e0d8-49b5-a517-513e5c839196,florida
50dff6e6-e0d8-49b5-a517-513e5c839196,inlandwaters
50dff6e6-e0d8-49b5-a517-513e5c839196,long-term-water-quality-monitoring
50dff6e6-e0d8-49b5-a517-513e5c839196,monitoring
50dff6e6-e0d8-49b5-a517-513e5c839196,mosquito-lagoon
50dff6e6-e0d8-49b5-a517-513e5c839196,multi-parameter-water-quality-measurements
50dff6e6-e0d8-49b5-a517-513e5c839196,volusia-county
50dff6e6-e0d8-49b5-a517-513e5c839196,water
50dff6e6-e0d8-49b5-a517-513e5c839196,water-quality
50dff6e6-e0d8-49b5-a517-513e5c839196,ysi-datasonde
b288bc75-03aa-4313-b184-56e02e9430c4,brevard-county
b288bc75-03aa-4313-b184-56e02e9430c4,cana
b288bc75-03aa-4313-b184-56e02e9430c4,canaveral-national-seashore
b288bc75-03aa-4313-b184-56e02e9430c4,continuous-water-quality-monitoring
b288bc75-03aa-4313-b184-56e02e9430c4,environment
b288bc75-03aa-4313-b184-56e02e9430c4,fixed-station
b288bc75-03aa-4313-b184-56e02e9430c4,florida
b288bc75-03aa-4313-b184-56e02e9430c4,inlandwaters
b288bc75-03aa-4313-b184-56e02e9430c4,long-term-water-quality-monitoring
b288bc75-03aa-4313-b184-56e02e9430c4,monitoring
b288bc75-03aa-4313-b184-56e02e9430c4,mosquito-lagoon
b288bc75-03aa-4313-b184-56e02e9430c4,multi-parameter-water-quality-measurements
b288bc75-03aa-4313-b184-56e02e9430c4,volusia-county
b288bc75-03aa-4313-b184-56e02e9430c4,water
b288bc75-03aa-4313-b184-56e02e9430c4,water-quality
b288bc75-03aa-4313-b184-56e02e9430c4,ysi-datasonde
3d976baf-645c-4326-9bf6-a44abd2803d4,brevard-county
3d976baf-645c-4326-9bf6-a44abd2803d4,cana
3d976baf-645c-4326-9bf6-a44abd2803d4,canaveral-national-seashore
3d976baf-645c-4326-9bf6-a44abd2803d4,continuous-water-quality-monitoring
3d976baf-645c-4326-9bf6-a44abd2803d4,environment
3d976baf-645c-4326-9bf6-a44abd2803d4,fixed-station
3d976baf-645c-4326-9bf6-a44abd2803d4,florida
3d976baf-645c-4326-9bf6-a44abd2803d4,inlandwaters
3d976baf-645c-4326-9bf6-a44abd2803d4,long-term-water-quality-monitoring
3d976baf-645c-4326-9bf6-a44abd2803d4,monitoring
3d976baf-645c-4326-9bf6-a44abd2803d4,mosquito-lagoon
3d976baf-645c-4326-9bf6-a44abd2803d4,multi-parameter-water-quality-measurements
3d976baf-645c-4326-9bf6-a44abd2803d4,volusia-county
3d976baf-645c-4326-9bf6-a44abd2803d4,water
3d976baf-645c-4326-9bf6-a44abd2803d4,water-quality
3d976baf-645c-4326-9bf6-a44abd2803d4,ysi-datasonde
91d85528-76a2-42cc-a8e4-6c0a9528bbf1,brevard-county
91d85528-76a2-42cc-a8e4-6c0a9528bbf1,cana
91d85528-76a2-42cc-a8e4-6c0a9528bbf1,canaveral-national-seashore
91d85528-76a2-42cc-a8e4-6c0a9528bbf1,continuous-water-quality-monitoring
91d85528-76a2-42cc-a8e4-6c0a9528bbf1,environment
91d85528-76a2-42cc-a8e4-6c0a9528bbf1,fixed-station
91d85528-76a2-42cc-a8e4-6c0a9528bbf1,florida
91d85528-76a2-42cc-a8e4-6c0a9528bbf1,inlandwaters
91d85528-76a2-42cc-a8e4-6c0a9528bbf1,long-term-water-quality-monitoring
91d85528-76a2-42cc-a8e4-6c0a9528bbf1,monitoring
91d85528-76a2-42cc-a8e4-6c0a9528bbf1,mosquito-lagoon
91d85528-76a2-42cc-a8e4-6c0a9528bbf1,multi-parameter-water-quality-measurements
91d85528-76a2-42cc-a8e4-6c0a9528bbf1,volusia-county
91d85528-76a2-42cc-a8e4-6c0a9528bbf1,water
91d85528-76a2-42cc-a8e4-6c0a9528bbf1,water-quality
91d85528-76a2-42cc-a8e4-6c0a9528bbf1,ysi-datasonde
1a8ad8d6-0f70-437b-a634-0ce55cc3867c,brevard-county
1a8ad8d6-0f70-437b-a634-0ce55cc3867c,cana
1a8ad8d6-0f70-437b-a634-0ce55cc3867c,canaveral-national-seashore
1a8ad8d6-0f70-437b-a634-0ce55cc3867c,continuous-water-quality-monitoring
1a8ad8d6-0f70-437b-a634-0ce55cc3867c,environment
1a8ad8d6-0f70-437b-a634-0ce55cc3867c,fixed-station
1a8ad8d6-0f70-437b-a634-0ce55cc3867c,florida
1a8ad8d6-0f70-437b-a634-0ce55cc3867c,inlandwaters
1a8ad8d6-0f70-437b-a634-0ce55cc3867c,long-term-water-quality-monitoring
1a8ad8d6-0f70-437b-a634-0ce55cc3867c,monitoring
1a8ad8d6-0f70-437b-a634-0ce55cc3867c,mosquito-lagoon
1a8ad8d6-0f70-437b-a634-0ce55cc3867c,multi-parameter-water-quality-measurements
1a8ad8d6-0f70-437b-a634-0ce55cc3867c,volusia-county
1a8ad8d6-0f70-437b-a634-0ce55cc3867c,water
1a8ad8d6-0f70-437b-a634-0ce55cc3867c,water-quality
1a8ad8d6-0f70-437b-a634-0ce55cc3867c,ysi-datasonde
f594f1fa-2e0d-4af0-b98e-44d93255052e,brevard-county
f594f1fa-2e0d-4af0-b98e-44d93255052e,cana
f594f1fa-2e0d-4af0-b98e-44d93255052e,canaveral-national-seashore
f594f1fa-2e0d-4af0-b98e-44d93255052e,continuous-water-quality-monitoring
f594f1fa-2e0d-4af0-b98e-44d93255052e,environment
f594f1fa-2e0d-4af0-b98e-44d93255052e,fixed-station
f594f1fa-2e0d-4af0-b98e-44d93255052e,florida
f594f1fa-2e0d-4af0-b98e-44d93255052e,inlandwaters
f594f1fa-2e0d-4af0-b98e-44d93255052e,long-term-water-quality-monitoring
f594f1fa-2e0d-4af0-b98e-44d93255052e,monitoring
f594f1fa-2e0d-4af0-b98e-44d93255052e,mosquito-lagoon
f594f1fa-2e0d-4af0-b98e-44d93255052e,multi-parameter-water-quality-measurements
f594f1fa-2e0d-4af0-b98e-44d93255052e,volusia-county
f594f1fa-2e0d-4af0-b98e-44d93255052e,water
f594f1fa-2e0d-4af0-b98e-44d93255052e,water-quality
f594f1fa-2e0d-4af0-b98e-44d93255052e,ysi-datasonde
4f16f07f-61ae-41d6-803e-b9b2eacec49e,brevard-county
4f16f07f-61ae-41d6-803e-b9b2eacec49e,cana
4f16f07f-61ae-41d6-803e-b9b2eacec49e,canaveral-national-seashore
4f16f07f-61ae-41d6-803e-b9b2eacec49e,continuous-water-quality-monitoring
4f16f07f-61ae-41d6-803e-b9b2eacec49e,environment
4f16f07f-61ae-41d6-803e-b9b2eacec49e,fixed-station
4f16f07f-61ae-41d6-803e-b9b2eacec49e,florida
4f16f07f-61ae-41d6-803e-b9b2eacec49e,inlandwaters
4f16f07f-61ae-41d6-803e-b9b2eacec49e,long-term-water-quality-monitoring
4f16f07f-61ae-41d6-803e-b9b2eacec49e,monitoring
4f16f07f-61ae-41d6-803e-b9b2eacec49e,mosquito-lagoon
4f16f07f-61ae-41d6-803e-b9b2eacec49e,multi-parameter-water-quality-measurements
4f16f07f-61ae-41d6-803e-b9b2eacec49e,volusia-county
4f16f07f-61ae-41d6-803e-b9b2eacec49e,water
4f16f07f-61ae-41d6-803e-b9b2eacec49e,water-quality
4f16f07f-61ae-41d6-803e-b9b2eacec49e,ysi-datasonde
ca5207dd-8758-4340-b24c-a6b5faf238b7,brevard-county
ca5207dd-8758-4340-b24c-a6b5faf238b7,cana
ca5207dd-8758-4340-b24c-a6b5faf238b7,canaveral-national-seashore
ca5207dd-8758-4340-b24c-a6b5faf238b7,continuous-water-quality-monitoring
ca5207dd-8758-4340-b24c-a6b5faf238b7,environment
ca5207dd-8758-4340-b24c-a6b5faf238b7,fixed-station
ca5207dd-8758-4340-b24c-a6b5faf238b7,florida
ca5207dd-8758-4340-b24c-a6b5faf238b7,inlandwaters
ca5207dd-8758-4340-b24c-a6b5faf238b7,long-term-water-quality-monitoring
ca5207dd-8758-4340-b24c-a6b5faf238b7,monitoring
ca5207dd-8758-4340-b24c-a6b5faf238b7,mosquito-lagoon
ca5207dd-8758-4340-b24c-a6b5faf238b7,multi-parameter-water-quality-measurements
ca5207dd-8758-4340-b24c-a6b5faf238b7,volusia-county
ca5207dd-8758-4340-b24c-a6b5faf238b7,water
ca5207dd-8758-4340-b24c-a6b5faf238b7,water-quality
ca5207dd-8758-4340-b24c-a6b5faf238b7,ysi-datasonde
d5a55ba4-8bc7-4ad5-b0f9-5f3012005d5e,brevard-county
d5a55ba4-8bc7-4ad5-b0f9-5f3012005d5e,cana
d5a55ba4-8bc7-4ad5-b0f9-5f3012005d5e,canaveral-national-seashore
d5a55ba4-8bc7-4ad5-b0f9-5f3012005d5e,continuous-water-quality-monitoring
d5a55ba4-8bc7-4ad5-b0f9-5f3012005d5e,environment
d5a55ba4-8bc7-4ad5-b0f9-5f3012005d5e,fixed-station
d5a55ba4-8bc7-4ad5-b0f9-5f3012005d5e,florida
d5a55ba4-8bc7-4ad5-b0f9-5f3012005d5e,inlandwaters
d5a55ba4-8bc7-4ad5-b0f9-5f3012005d5e,long-term-water-quality-monitoring
d5a55ba4-8bc7-4ad5-b0f9-5f3012005d5e,monitoring
d5a55ba4-8bc7-4ad5-b0f9-5f3012005d5e,mosquito-lagoon
d5a55ba4-8bc7-4ad5-b0f9-5f3012005d5e,multi-parameter-water-quality-measurements
d5a55ba4-8bc7-4ad5-b0f9-5f3012005d5e,volusia-county
d5a55ba4-8bc7-4ad5-b0f9-5f3012005d5e,water
d5a55ba4-8bc7-4ad5-b0f9-5f3012005d5e,water-quality
d5a55ba4-8bc7-4ad5-b0f9-5f3012005d5e,ysi-datasonde
f3e329b8-de2b-4e4a-907d-224eea886fa4,brevard-county
f3e329b8-de2b-4e4a-907d-224eea886fa4,cana
f3e329b8-de2b-4e4a-907d-224eea886fa4,canaveral-national-seashore
f3e329b8-de2b-4e4a-907d-224eea886fa4,continuous-water-quality-monitoring
f3e329b8-de2b-4e4a-907d-224eea886fa4,environment
f3e329b8-de2b-4e4a-907d-224eea886fa4,fixed-station
f3e329b8-de2b-4e4a-907d-224eea886fa4,florida
f3e329b8-de2b-4e4a-907d-224eea886fa4,inlandwaters
f3e329b8-de2b-4e4a-907d-224eea886fa4,long-term-water-quality-monitoring
f3e329b8-de2b-4e4a-907d-224eea886fa4,monitoring
f3e329b8-de2b-4e4a-907d-224eea886fa4,mosquito-lagoon
f3e329b8-de2b-4e4a-907d-224eea886fa4,multi-parameter-water-quality-measurements
f3e329b8-de2b-4e4a-907d-224eea886fa4,volusia-county
f3e329b8-de2b-4e4a-907d-224eea886fa4,water
f3e329b8-de2b-4e4a-907d-224eea886fa4,water-quality
f3e329b8-de2b-4e4a-907d-224eea886fa4,ysi-datasonde
41488556-3dd5-4318-96b1-bc0afbfdb852,brevard-county
41488556-3dd5-4318-96b1-bc0afbfdb852,cana
41488556-3dd5-4318-96b1-bc0afbfdb852,canaveral-national-seashore
41488556-3dd5-4318-96b1-bc0afbfdb852,continuous-water-quality-monitoring
41488556-3dd5-4318-96b1-bc0afbfdb852,environment
41488556-3dd5-4318-96b1-bc0afbfdb852,fixed-station
41488556-3dd5-4318-96b1-bc0afbfdb852,florida
41488556-3dd5-4318-96b1-bc0afbfdb852,inlandwaters
41488556-3dd5-4318-96b1-bc0afbfdb852,long-term-water-quality-monitoring
41488556-3dd5-4318-96b1-bc0afbfdb852,monitoring
41488556-3dd5-4318-96b1-bc0afbfdb852,mosquito-lagoon
41488556-3dd5-4318-96b1-bc0afbfdb852,multi-parameter-water-quality-measurements
41488556-3dd5-4318-96b1-bc0afbfdb852,volusia-county
41488556-3dd5-4318-96b1-bc0afbfdb852,water
41488556-3dd5-4318-96b1-bc0afbfdb852,water-quality
41488556-3dd5-4318-96b1-bc0afbfdb852,ysi-datasonde
86412523-b3dd-4480-a7be-b6c2dc0b6388,brevard-county
86412523-b3dd-4480-a7be-b6c2dc0b6388,cana
86412523-b3dd-4480-a7be-b6c2dc0b6388,canaveral-national-seashore
86412523-b3dd-4480-a7be-b6c2dc0b6388,continuous-water-quality-monitoring
86412523-b3dd-4480-a7be-b6c2dc0b6388,environment
86412523-b3dd-4480-a7be-b6c2dc0b6388,fixed-station
86412523-b3dd-4480-a7be-b6c2dc0b6388,florida
86412523-b3dd-4480-a7be-b6c2dc0b6388,inlandwaters
86412523-b3dd-4480-a7be-b6c2dc0b6388,long-term-water-quality-monitoring
86412523-b3dd-4480-a7be-b6c2dc0b6388,monitoring
86412523-b3dd-4480-a7be-b6c2dc0b6388,mosquito-lagoon
86412523-b3dd-4480-a7be-b6c2dc0b6388,multi-parameter-water-quality-measurements
86412523-b3dd-4480-a7be-b6c2dc0b6388,volusia-county
86412523-b3dd-4480-a7be-b6c2dc0b6388,water
86412523-b3dd-4480-a7be-b6c2dc0b6388,water-quality
86412523-b3dd-4480-a7be-b6c2dc0b6388,ysi-datasonde
b9202a39-d77c-49a1-bf94-a2dd98289817,brevard-county
b9202a39-d77c-49a1-bf94-a2dd98289817,cana
b9202a39-d77c-49a1-bf94-a2dd98289817,canaveral-national-seashore
b9202a39-d77c-49a1-bf94-a2dd98289817,continuous-water-quality-monitoring
b9202a39-d77c-49a1-bf94-a2dd98289817,environment
b9202a39-d77c-49a1-bf94-a2dd98289817,fixed-station
b9202a39-d77c-49a1-bf94-a2dd98289817,florida
b9202a39-d77c-49a1-bf94-a2dd98289817,inlandwaters
b9202a39-d77c-49a1-bf94-a2dd98289817,long-term-water-quality-monitoring
b9202a39-d77c-49a1-bf94-a2dd98289817,monitoring
b9202a39-d77c-49a1-bf94-a2dd98289817,mosquito-lagoon
b9202a39-d77c-49a1-bf94-a2dd98289817,multi-parameter-water-quality-measurements
b9202a39-d77c-49a1-bf94-a2dd98289817,volusia-county
b9202a39-d77c-49a1-bf94-a2dd98289817,water
b9202a39-d77c-49a1-bf94-a2dd98289817,water-quality
b9202a39-d77c-49a1-bf94-a2dd98289817,ysi-datasonde
46c6f619-eca1-4825-9a3b-57f2591b2d19,brevard-county
46c6f619-eca1-4825-9a3b-57f2591b2d19,cana
46c6f619-eca1-4825-9a3b-57f2591b2d19,canaveral-national-seashore
46c6f619-eca1-4825-9a3b-57f2591b2d19,continuous-water-quality-monitoring
46c6f619-eca1-4825-9a3b-57f2591b2d19,environment
46c6f619-eca1-4825-9a3b-57f2591b2d19,fixed-station
46c6f619-eca1-4825-9a3b-57f2591b2d19,florida
46c6f619-eca1-4825-9a3b-57f2591b2d19,inlandwaters
46c6f619-eca1-4825-9a3b-57f2591b2d19,long-term-water-quality-monitoring
46c6f619-eca1-4825-9a3b-57f2591b2d19,monitoring
46c6f619-eca1-4825-9a3b-57f2591b2d19,mosquito-lagoon
46c6f619-eca1-4825-9a3b-57f2591b2d19,multi-parameter-water-quality-measurements
46c6f619-eca1-4825-9a3b-57f2591b2d19,volusia-county
46c6f619-eca1-4825-9a3b-57f2591b2d19,water
46c6f619-eca1-4825-9a3b-57f2591b2d19,water-quality
46c6f619-eca1-4825-9a3b-57f2591b2d19,ysi-datasonde
159f7675-315e-4a52-9ca8-9508467aacab,brevard-county
159f7675-315e-4a52-9ca8-9508467aacab,cana
159f7675-315e-4a52-9ca8-9508467aacab,canaveral-national-seashore
159f7675-315e-4a52-9ca8-9508467aacab,continuous-water-quality-monitoring
159f7675-315e-4a52-9ca8-9508467aacab,environment
159f7675-315e-4a52-9ca8-9508467aacab,fixed-station
159f7675-315e-4a52-9ca8-9508467aacab,florida
159f7675-315e-4a52-9ca8-9508467aacab,inlandwaters
159f7675-315e-4a52-9ca8-9508467aacab,long-term-water-quality-monitoring
159f7675-315e-4a52-9ca8-9508467aacab,monitoring
159f7675-315e-4a52-9ca8-9508467aacab,mosquito-lagoon
159f7675-315e-4a52-9ca8-9508467aacab,multi-parameter-water-quality-measurements
159f7675-315e-4a52-9ca8-9508467aacab,volusia-county
159f7675-315e-4a52-9ca8-9508467aacab,water
159f7675-315e-4a52-9ca8-9508467aacab,water-quality
159f7675-315e-4a52-9ca8-9508467aacab,ysi-datasonde
0af66776-39f2-4bae-88fc-72e6fc22dfd4,brevard-county
0af66776-39f2-4bae-88fc-72e6fc22dfd4,cana
0af66776-39f2-4bae-88fc-72e6fc22dfd4,canaveral-national-seashore
0af66776-39f2-4bae-88fc-72e6fc22dfd4,continuous-water-quality-monitoring
0af66776-39f2-4bae-88fc-72e6fc22dfd4,environment
0af66776-39f2-4bae-88fc-72e6fc22dfd4,fixed-station
0af66776-39f2-4bae-88fc-72e6fc22dfd4,florida
0af66776-39f2-4bae-88fc-72e6fc22dfd4,inlandwaters
0af66776-39f2-4bae-88fc-72e6fc22dfd4,long-term-water-quality-monitoring
0af66776-39f2-4bae-88fc-72e6fc22dfd4,monitoring
0af66776-39f2-4bae-88fc-72e6fc22dfd4,mosquito-lagoon
0af66776-39f2-4bae-88fc-72e6fc22dfd4,multi-parameter-water-quality-measurements
0af66776-39f2-4bae-88fc-72e6fc22dfd4,volusia-county
0af66776-39f2-4bae-88fc-72e6fc22dfd4,water
0af66776-39f2-4bae-88fc-72e6fc22dfd4,water-quality
0af66776-39f2-4bae-88fc-72e6fc22dfd4,ysi-datasonde
5312eea6-6a98-4684-a757-b61fe74ce557,brevard-county
5312eea6-6a98-4684-a757-b61fe74ce557,cana
5312eea6-6a98-4684-a757-b61fe74ce557,canaveral-national-seashore
5312eea6-6a98-4684-a757-b61fe74ce557,continuous-water-quality-monitoring
5312eea6-6a98-4684-a757-b61fe74ce557,environment
5312eea6-6a98-4684-a757-b61fe74ce557,fixed-station
5312eea6-6a98-4684-a757-b61fe74ce557,florida
5312eea6-6a98-4684-a757-b61fe74ce557,inlandwaters
5312eea6-6a98-4684-a757-b61fe74ce557,long-term-water-quality-monitoring
5312eea6-6a98-4684-a757-b61fe74ce557,monitoring
5312eea6-6a98-4684-a757-b61fe74ce557,mosquito-lagoon
5312eea6-6a98-4684-a757-b61fe74ce557,multi-parameter-water-quality-measurements
5312eea6-6a98-4684-a757-b61fe74ce557,volusia-county
5312eea6-6a98-4684-a757-b61fe74ce557,water
5312eea6-6a98-4684-a757-b61fe74ce557,water-quality
5312eea6-6a98-4684-a757-b61fe74ce557,ysi-datasonde
18cf1d91-65f2-4e8e-b4ee-580748334357,brevard-county
18cf1d91-65f2-4e8e-b4ee-580748334357,cana
18cf1d91-65f2-4e8e-b4ee-580748334357,canaveral-national-seashore
18cf1d91-65f2-4e8e-b4ee-580748334357,continuous-water-quality-monitoring
18cf1d91-65f2-4e8e-b4ee-580748334357,environment
18cf1d91-65f2-4e8e-b4ee-580748334357,fixed-station
18cf1d91-65f2-4e8e-b4ee-580748334357,florida
18cf1d91-65f2-4e8e-b4ee-580748334357,inlandwaters
18cf1d91-65f2-4e8e-b4ee-580748334357,long-term-water-quality-monitoring
18cf1d91-65f2-4e8e-b4ee-580748334357,monitoring
18cf1d91-65f2-4e8e-b4ee-580748334357,mosquito-lagoon
18cf1d91-65f2-4e8e-b4ee-580748334357,multi-parameter-water-quality-measurements
18cf1d91-65f2-4e8e-b4ee-580748334357,volusia-county
18cf1d91-65f2-4e8e-b4ee-580748334357,water
18cf1d91-65f2-4e8e-b4ee-580748334357,water-quality
18cf1d91-65f2-4e8e-b4ee-580748334357,ysi-datasonde
ed5fce31-dc2e-4d7e-a377-70c4b62c2fa7,brevard-county
ed5fce31-dc2e-4d7e-a377-70c4b62c2fa7,cana
ed5fce31-dc2e-4d7e-a377-70c4b62c2fa7,canaveral-national-seashore
ed5fce31-dc2e-4d7e-a377-70c4b62c2fa7,continuous-water-quality-monitoring
ed5fce31-dc2e-4d7e-a377-70c4b62c2fa7,environment
ed5fce31-dc2e-4d7e-a377-70c4b62c2fa7,fixed-station
ed5fce31-dc2e-4d7e-a377-70c4b62c2fa7,florida
ed5fce31-dc2e-4d7e-a377-70c4b62c2fa7,inlandwaters
ed5fce31-dc2e-4d7e-a377-70c4b62c2fa7,long-term-water-quality-monitoring
ed5fce31-dc2e-4d7e-a377-70c4b62c2fa7,monitoring
ed5fce31-dc2e-4d7e-a377-70c4b62c2fa7,mosquito-lagoon
ed5fce31-dc2e-4d7e-a377-70c4b62c2fa7,multi-parameter-water-quality-measurements
ed5fce31-dc2e-4d7e-a377-70c4b62c2fa7,volusia-county
ed5fce31-dc2e-4d7e-a377-70c4b62c2fa7,water
ed5fce31-dc2e-4d7e-a377-70c4b62c2fa7,water-quality
ed5fce31-dc2e-4d7e-a377-70c4b62c2fa7,ysi-datasonde
498e77a0-1139-4027-89e0-42cf81805feb,brevard-county
498e77a0-1139-4027-89e0-42cf81805feb,cana
498e77a0-1139-4027-89e0-42cf81805feb,canaveral-national-seashore
498e77a0-1139-4027-89e0-42cf81805feb,continuous-water-quality-monitoring
498e77a0-1139-4027-89e0-42cf81805feb,environment
498e77a0-1139-4027-89e0-42cf81805feb,fixed-station
498e77a0-1139-4027-89e0-42cf81805feb,florida
498e77a0-1139-4027-89e0-42cf81805feb,inlandwaters
498e77a0-1139-4027-89e0-42cf81805feb,long-term-water-quality-monitoring
498e77a0-1139-4027-89e0-42cf81805feb,monitoring
498e77a0-1139-4027-89e0-42cf81805feb,mosquito-lagoon
498e77a0-1139-4027-89e0-42cf81805feb,multi-parameter-water-quality-measurements
498e77a0-1139-4027-89e0-42cf81805feb,volusia-county
498e77a0-1139-4027-89e0-42cf81805feb,water
498e77a0-1139-4027-89e0-42cf81805feb,water-quality
498e77a0-1139-4027-89e0-42cf81805feb,ysi-datasonde
a4f5259a-f517-4e51-9682-046f969aaac0,brevard-county
a4f5259a-f517-4e51-9682-046f969aaac0,cana
a4f5259a-f517-4e51-9682-046f969aaac0,canaveral-national-seashore
a4f5259a-f517-4e51-9682-046f969aaac0,continuous-water-quality-monitoring
a4f5259a-f517-4e51-9682-046f969aaac0,environment
a4f5259a-f517-4e51-9682-046f969aaac0,fixed-station
a4f5259a-f517-4e51-9682-046f969aaac0,florida
a4f5259a-f517-4e51-9682-046f969aaac0,inlandwaters
a4f5259a-f517-4e51-9682-046f969aaac0,long-term-water-quality-monitoring
a4f5259a-f517-4e51-9682-046f969aaac0,monitoring
a4f5259a-f517-4e51-9682-046f969aaac0,mosquito-lagoon
a4f5259a-f517-4e51-9682-046f969aaac0,multi-parameter-water-quality-measurements
a4f5259a-f517-4e51-9682-046f969aaac0,volusia-county
a4f5259a-f517-4e51-9682-046f969aaac0,water
a4f5259a-f517-4e51-9682-046f969aaac0,water-quality
a4f5259a-f517-4e51-9682-046f969aaac0,ysi-datasonde
ea7669a9-9295-4163-8c17-55b7992df17d,brevard-county
ea7669a9-9295-4163-8c17-55b7992df17d,cana
ea7669a9-9295-4163-8c17-55b7992df17d,canaveral-national-seashore
ea7669a9-9295-4163-8c17-55b7992df17d,continuous-water-quality-monitoring
ea7669a9-9295-4163-8c17-55b7992df17d,environment
ea7669a9-9295-4163-8c17-55b7992df17d,fixed-station
ea7669a9-9295-4163-8c17-55b7992df17d,florida
ea7669a9-9295-4163-8c17-55b7992df17d,inlandwaters
ea7669a9-9295-4163-8c17-55b7992df17d,long-term-water-quality-monitoring
ea7669a9-9295-4163-8c17-55b7992df17d,monitoring
ea7669a9-9295-4163-8c17-55b7992df17d,mosquito-lagoon
ea7669a9-9295-4163-8c17-55b7992df17d,multi-parameter-water-quality-measurements
ea7669a9-9295-4163-8c17-55b7992df17d,volusia-county
ea7669a9-9295-4163-8c17-55b7992df17d,water
ea7669a9-9295-4163-8c17-55b7992df17d,water-quality
ea7669a9-9295-4163-8c17-55b7992df17d,ysi-datasonde
f912979e-39d0-42eb-aeae-303312424d26,clapboard-creek
f912979e-39d0-42eb-aeae-303312424d26,continuous-water-quality-monitoring
f912979e-39d0-42eb-aeae-303312424d26,duvall-county
f912979e-39d0-42eb-aeae-303312424d26,environment
f912979e-39d0-42eb-aeae-303312424d26,fixed-station
f912979e-39d0-42eb-aeae-303312424d26,florida
f912979e-39d0-42eb-aeae-303312424d26,inlandwaters
f912979e-39d0-42eb-aeae-303312424d26,long-term-water-quality-monitoring
f912979e-39d0-42eb-aeae-303312424d26,monitoring
f912979e-39d0-42eb-aeae-303312424d26,multi-parameter-water-quality-measurements
f912979e-39d0-42eb-aeae-303312424d26,timu
f912979e-39d0-42eb-aeae-303312424d26,timucuan-ecological-and-historic-preserve-ecological-and-historic-preserve
f912979e-39d0-42eb-aeae-303312424d26,water
f912979e-39d0-42eb-aeae-303312424d26,water-quality
f912979e-39d0-42eb-aeae-303312424d26,ysi-datasonde
5e5b7e0a-e657-43b4-9036-0d3f998ccf6f,clapboard-creek
5e5b7e0a-e657-43b4-9036-0d3f998ccf6f,continuous-water-quality-monitoring
5e5b7e0a-e657-43b4-9036-0d3f998ccf6f,duvall-county
5e5b7e0a-e657-43b4-9036-0d3f998ccf6f,environment
5e5b7e0a-e657-43b4-9036-0d3f998ccf6f,fixed-station
5e5b7e0a-e657-43b4-9036-0d3f998ccf6f,florida
5e5b7e0a-e657-43b4-9036-0d3f998ccf6f,inlandwaters
5e5b7e0a-e657-43b4-9036-0d3f998ccf6f,long-term-water-quality-monitoring
5e5b7e0a-e657-43b4-9036-0d3f998ccf6f,monitoring
5e5b7e0a-e657-43b4-9036-0d3f998ccf6f,multi-parameter-water-quality-measurements
5e5b7e0a-e657-43b4-9036-0d3f998ccf6f,timu
5e5b7e0a-e657-43b4-9036-0d3f998ccf6f,timucuan-ecological-and-historic-preserve-ecological-and-historic-preserve
5e5b7e0a-e657-43b4-9036-0d3f998ccf6f,water
5e5b7e0a-e657-43b4-9036-0d3f998ccf6f,water-quality
5e5b7e0a-e657-43b4-9036-0d3f998ccf6f,ysi-datasonde
bb0cb1b3-55a7-48a9-a541-b29f4b2e74c8,clapboard-creek
bb0cb1b3-55a7-48a9-a541-b29f4b2e74c8,continuous-water-quality-monitoring
bb0cb1b3-55a7-48a9-a541-b29f4b2e74c8,duvall-county
bb0cb1b3-55a7-48a9-a541-b29f4b2e74c8,environment
bb0cb1b3-55a7-48a9-a541-b29f4b2e74c8,fixed-station
bb0cb1b3-55a7-48a9-a541-b29f4b2e74c8,florida
bb0cb1b3-55a7-48a9-a541-b29f4b2e74c8,inlandwaters
bb0cb1b3-55a7-48a9-a541-b29f4b2e74c8,long-term-water-quality-monitoring
bb0cb1b3-55a7-48a9-a541-b29f4b2e74c8,monitoring
bb0cb1b3-55a7-48a9-a541-b29f4b2e74c8,multi-parameter-water-quality-measurements
bb0cb1b3-55a7-48a9-a541-b29f4b2e74c8,timu
bb0cb1b3-55a7-48a9-a541-b29f4b2e74c8,timucuan-ecological-and-historic-preserve-ecological-and-historic-preserve
bb0cb1b3-55a7-48a9-a541-b29f4b2e74c8,water
bb0cb1b3-55a7-48a9-a541-b29f4b2e74c8,water-quality
bb0cb1b3-55a7-48a9-a541-b29f4b2e74c8,ysi-datasonde
baf9d0cc-af46-4c32-901c-d6f8e3e5e579,clapboard-creek
baf9d0cc-af46-4c32-901c-d6f8e3e5e579,continuous-water-quality-monitoring
baf9d0cc-af46-4c32-901c-d6f8e3e5e579,duvall-county
baf9d0cc-af46-4c32-901c-d6f8e3e5e579,environment
baf9d0cc-af46-4c32-901c-d6f8e3e5e579,fixed-station
baf9d0cc-af46-4c32-901c-d6f8e3e5e579,florida
baf9d0cc-af46-4c32-901c-d6f8e3e5e579,inlandwaters
baf9d0cc-af46-4c32-901c-d6f8e3e5e579,long-term-water-quality-monitoring
baf9d0cc-af46-4c32-901c-d6f8e3e5e579,monitoring
baf9d0cc-af46-4c32-901c-d6f8e3e5e579,multi-parameter-water-quality-measurements
baf9d0cc-af46-4c32-901c-d6f8e3e5e579,timu
baf9d0cc-af46-4c32-901c-d6f8e3e5e579,timucuan-ecological-and-historic-preserve-ecological-and-historic-preserve
baf9d0cc-af46-4c32-901c-d6f8e3e5e579,water
baf9d0cc-af46-4c32-901c-d6f8e3e5e579,water-quality
baf9d0cc-af46-4c32-901c-d6f8e3e5e579,ysi-datasonde
942360d2-e994-4fc5-9f12-0bedb26c35b7,clapboard-creek
942360d2-e994-4fc5-9f12-0bedb26c35b7,continuous-water-quality-monitoring
942360d2-e994-4fc5-9f12-0bedb26c35b7,duvall-county
942360d2-e994-4fc5-9f12-0bedb26c35b7,environment
942360d2-e994-4fc5-9f12-0bedb26c35b7,fixed-station
942360d2-e994-4fc5-9f12-0bedb26c35b7,florida
942360d2-e994-4fc5-9f12-0bedb26c35b7,inlandwaters
942360d2-e994-4fc5-9f12-0bedb26c35b7,long-term-water-quality-monitoring
942360d2-e994-4fc5-9f12-0bedb26c35b7,monitoring
942360d2-e994-4fc5-9f12-0bedb26c35b7,multi-parameter-water-quality-measurements
942360d2-e994-4fc5-9f12-0bedb26c35b7,timu
942360d2-e994-4fc5-9f12-0bedb26c35b7,timucuan-ecological-and-historic-preserve-ecological-and-historic-preserve
942360d2-e994-4fc5-9f12-0bedb26c35b7,water
942360d2-e994-4fc5-9f12-0bedb26c35b7,water-quality
942360d2-e994-4fc5-9f12-0bedb26c35b7,ysi-datasonde
52c88183-ffd5-454e-b14e-48645ee657fe,clapboard-creek
52c88183-ffd5-454e-b14e-48645ee657fe,continuous-water-quality-monitoring
52c88183-ffd5-454e-b14e-48645ee657fe,duvall-county
52c88183-ffd5-454e-b14e-48645ee657fe,environment
52c88183-ffd5-454e-b14e-48645ee657fe,fixed-station
52c88183-ffd5-454e-b14e-48645ee657fe,florida
52c88183-ffd5-454e-b14e-48645ee657fe,inlandwaters
52c88183-ffd5-454e-b14e-48645ee657fe,long-term-water-quality-monitoring
52c88183-ffd5-454e-b14e-48645ee657fe,monitoring
52c88183-ffd5-454e-b14e-48645ee657fe,multi-parameter-water-quality-measurements
52c88183-ffd5-454e-b14e-48645ee657fe,timu
52c88183-ffd5-454e-b14e-48645ee657fe,timucuan-ecological-and-historic-preserve-ecological-and-historic-preserve
52c88183-ffd5-454e-b14e-48645ee657fe,water
52c88183-ffd5-454e-b14e-48645ee657fe,water-quality
52c88183-ffd5-454e-b14e-48645ee657fe,ysi-datasonde
39c95dde-17f9-43d7-83b5-50a4462362b6,clapboard-creek
39c95dde-17f9-43d7-83b5-50a4462362b6,continuous-water-quality-monitoring
39c95dde-17f9-43d7-83b5-50a4462362b6,duvall-county
39c95dde-17f9-43d7-83b5-50a4462362b6,environment
39c95dde-17f9-43d7-83b5-50a4462362b6,fixed-station
39c95dde-17f9-43d7-83b5-50a4462362b6,florida
39c95dde-17f9-43d7-83b5-50a4462362b6,inlandwaters
39c95dde-17f9-43d7-83b5-50a4462362b6,long-term-water-quality-monitoring
39c95dde-17f9-43d7-83b5-50a4462362b6,monitoring
39c95dde-17f9-43d7-83b5-50a4462362b6,multi-parameter-water-quality-measurements
39c95dde-17f9-43d7-83b5-50a4462362b6,timu
39c95dde-17f9-43d7-83b5-50a4462362b6,timucuan-ecological-and-historic-preserve-ecological-and-historic-preserve
39c95dde-17f9-43d7-83b5-50a4462362b6,water
39c95dde-17f9-43d7-83b5-50a4462362b6,water-quality
39c95dde-17f9-43d7-83b5-50a4462362b6,ysi-datasonde
fd1b9bac-5a78-4825-a98a-fd0dfc9c102b,clapboard-creek
fd1b9bac-5a78-4825-a98a-fd0dfc9c102b,continuous-water-quality-monitoring
fd1b9bac-5a78-4825-a98a-fd0dfc9c102b,duvall-county
fd1b9bac-5a78-4825-a98a-fd0dfc9c102b,environment
fd1b9bac-5a78-4825-a98a-fd0dfc9c102b,fixed-station
fd1b9bac-5a78-4825-a98a-fd0dfc9c102b,florida
fd1b9bac-5a78-4825-a98a-fd0dfc9c102b,inlandwaters
fd1b9bac-5a78-4825-a98a-fd0dfc9c102b,long-term-water-quality-monitoring
fd1b9bac-5a78-4825-a98a-fd0dfc9c102b,monitoring
fd1b9bac-5a78-4825-a98a-fd0dfc9c102b,multi-parameter-water-quality-measurements
fd1b9bac-5a78-4825-a98a-fd0dfc9c102b,timu
fd1b9bac-5a78-4825-a98a-fd0dfc9c102b,timucuan-ecological-and-historic-preserve-ecological-and-historic-preserve
fd1b9bac-5a78-4825-a98a-fd0dfc9c102b,water
fd1b9bac-5a78-4825-a98a-fd0dfc9c102b,water-quality
fd1b9bac-5a78-4825-a98a-fd0dfc9c102b,ysi-datasonde
6ac0c175-88db-4057-ab7c-6342f2f7eb6c,clapboard-creek
6ac0c175-88db-4057-ab7c-6342f2f7eb6c,continuous-water-quality-monitoring
6ac0c175-88db-4057-ab7c-6342f2f7eb6c,duvall-county
6ac0c175-88db-4057-ab7c-6342f2f7eb6c,environment
6ac0c175-88db-4057-ab7c-6342f2f7eb6c,fixed-station
6ac0c175-88db-4057-ab7c-6342f2f7eb6c,florida
6ac0c175-88db-4057-ab7c-6342f2f7eb6c,inlandwaters
6ac0c175-88db-4057-ab7c-6342f2f7eb6c,long-term-water-quality-monitoring
6ac0c175-88db-4057-ab7c-6342f2f7eb6c,monitoring
6ac0c175-88db-4057-ab7c-6342f2f7eb6c,multi-parameter-water-quality-measurements
6ac0c175-88db-4057-ab7c-6342f2f7eb6c,timu
6ac0c175-88db-4057-ab7c-6342f2f7eb6c,timucuan-ecological-and-historic-preserve-ecological-and-historic-preserve
6ac0c175-88db-4057-ab7c-6342f2f7eb6c,water
6ac0c175-88db-4057-ab7c-6342f2f7eb6c,water-quality
6ac0c175-88db-4057-ab7c-6342f2f7eb6c,ysi-datasonde
a6a3c1ea-b01c-44cc-837b-b40c97e205f9,clapboard-creek
a6a3c1ea-b01c-44cc-837b-b40c97e205f9,continuous-water-quality-monitoring
a6a3c1ea-b01c-44cc-837b-b40c97e205f9,duvall-county
a6a3c1ea-b01c-44cc-837b-b40c97e205f9,environment
a6a3c1ea-b01c-44cc-837b-b40c97e205f9,fixed-station
a6a3c1ea-b01c-44cc-837b-b40c97e205f9,florida
a6a3c1ea-b01c-44cc-837b-b40c97e205f9,inlandwaters
a6a3c1ea-b01c-44cc-837b-b40c97e205f9,long-term-water-quality-monitoring
a6a3c1ea-b01c-44cc-837b-b40c97e205f9,monitoring
a6a3c1ea-b01c-44cc-837b-b40c97e205f9,multi-parameter-water-quality-measurements
a6a3c1ea-b01c-44cc-837b-b40c97e205f9,timu
a6a3c1ea-b01c-44cc-837b-b40c97e205f9,timucuan-ecological-and-historic-preserve-ecological-and-historic-preserve
a6a3c1ea-b01c-44cc-837b-b40c97e205f9,water
a6a3c1ea-b01c-44cc-837b-b40c97e205f9,water-quality
a6a3c1ea-b01c-44cc-837b-b40c97e205f9,ysi-datasonde
ce26fbaf-ab0a-4f20-b70e-34c84b5b9908,clapboard-creek
ce26fbaf-ab0a-4f20-b70e-34c84b5b9908,continuous-water-quality-monitoring
ce26fbaf-ab0a-4f20-b70e-34c84b5b9908,duvall-county
ce26fbaf-ab0a-4f20-b70e-34c84b5b9908,environment
ce26fbaf-ab0a-4f20-b70e-34c84b5b9908,fixed-station
ce26fbaf-ab0a-4f20-b70e-34c84b5b9908,florida
ce26fbaf-ab0a-4f20-b70e-34c84b5b9908,inlandwaters
ce26fbaf-ab0a-4f20-b70e-34c84b5b9908,long-term-water-quality-monitoring
ce26fbaf-ab0a-4f20-b70e-34c84b5b9908,monitoring
ce26fbaf-ab0a-4f20-b70e-34c84b5b9908,multi-parameter-water-quality-measurements
ce26fbaf-ab0a-4f20-b70e-34c84b5b9908,timu
ce26fbaf-ab0a-4f20-b70e-34c84b5b9908,timucuan-ecological-and-historic-preserve-ecological-and-historic-preserve
ce26fbaf-ab0a-4f20-b70e-34c84b5b9908,water
ce26fbaf-ab0a-4f20-b70e-34c84b5b9908,water-quality
ce26fbaf-ab0a-4f20-b70e-34c84b5b9908,ysi-datasonde
8667bd75-9079-4ead-8fa1-f158858a7725,clapboard-creek
8667bd75-9079-4ead-8fa1-f158858a7725,continuous-water-quality-monitoring
8667bd75-9079-4ead-8fa1-f158858a7725,duvall-county
8667bd75-9079-4ead-8fa1-f158858a7725,environment
8667bd75-9079-4ead-8fa1-f158858a7725,fixed-station
8667bd75-9079-4ead-8fa1-f158858a7725,florida
8667bd75-9079-4ead-8fa1-f158858a7725,inlandwaters
8667bd75-9079-4ead-8fa1-f158858a7725,long-term-water-quality-monitoring
8667bd75-9079-4ead-8fa1-f158858a7725,monitoring
8667bd75-9079-4ead-8fa1-f158858a7725,multi-parameter-water-quality-measurements
8667bd75-9079-4ead-8fa1-f158858a7725,timu
8667bd75-9079-4ead-8fa1-f158858a7725,timucuan-ecological-and-historic-preserve-ecological-and-historic-preserve
8667bd75-9079-4ead-8fa1-f158858a7725,water
8667bd75-9079-4ead-8fa1-f158858a7725,water-quality
8667bd75-9079-4ead-8fa1-f158858a7725,ysi-datasonde
a69901cb-fb44-4bd4-ba83-127b996460cb,brevard-county
a69901cb-fb44-4bd4-ba83-127b996460cb,cana
a69901cb-fb44-4bd4-ba83-127b996460cb,canaveral-national-seashore
a69901cb-fb44-4bd4-ba83-127b996460cb,continuous-water-quality-monitoring
a69901cb-fb44-4bd4-ba83-127b996460cb,environment
a69901cb-fb44-4bd4-ba83-127b996460cb,fixed-station
a69901cb-fb44-4bd4-ba83-127b996460cb,florida
a69901cb-fb44-4bd4-ba83-127b996460cb,inlandwaters
a69901cb-fb44-4bd4-ba83-127b996460cb,long-term-water-quality-monitoring
a69901cb-fb44-4bd4-ba83-127b996460cb,monitoring
a69901cb-fb44-4bd4-ba83-127b996460cb,mosquito-lagoon
a69901cb-fb44-4bd4-ba83-127b996460cb,multi-parameter-water-quality-measurements
a69901cb-fb44-4bd4-ba83-127b996460cb,volusia-county
a69901cb-fb44-4bd4-ba83-127b996460cb,water
a69901cb-fb44-4bd4-ba83-127b996460cb,water-quality
a69901cb-fb44-4bd4-ba83-127b996460cb,ysi-datasonde
e014625b-3964-4fb6-8155-3dbc7b53db87,brevard-county
e014625b-3964-4fb6-8155-3dbc7b53db87,cana
e014625b-3964-4fb6-8155-3dbc7b53db87,canaveral-national-seashore
e014625b-3964-4fb6-8155-3dbc7b53db87,continuous-water-quality-monitoring
e014625b-3964-4fb6-8155-3dbc7b53db87,environment
e014625b-3964-4fb6-8155-3dbc7b53db87,fixed-station
e014625b-3964-4fb6-8155-3dbc7b53db87,florida
e014625b-3964-4fb6-8155-3dbc7b53db87,inlandwaters
e014625b-3964-4fb6-8155-3dbc7b53db87,long-term-water-quality-monitoring
e014625b-3964-4fb6-8155-3dbc7b53db87,monitoring
e014625b-3964-4fb6-8155-3dbc7b53db87,mosquito-lagoon
e014625b-3964-4fb6-8155-3dbc7b53db87,multi-parameter-water-quality-measurements
e014625b-3964-4fb6-8155-3dbc7b53db87,volusia-county
e014625b-3964-4fb6-8155-3dbc7b53db87,water
e014625b-3964-4fb6-8155-3dbc7b53db87,water-quality
e014625b-3964-4fb6-8155-3dbc7b53db87,ysi-datasonde
e0efc5ec-563b-4409-9469-c333fd5acedd,brevard-county
e0efc5ec-563b-4409-9469-c333fd5acedd,cana
e0efc5ec-563b-4409-9469-c333fd5acedd,canaveral-national-seashore
e0efc5ec-563b-4409-9469-c333fd5acedd,continuous-water-quality-monitoring
e0efc5ec-563b-4409-9469-c333fd5acedd,environment
e0efc5ec-563b-4409-9469-c333fd5acedd,fixed-station
e0efc5ec-563b-4409-9469-c333fd5acedd,florida
e0efc5ec-563b-4409-9469-c333fd5acedd,inlandwaters
e0efc5ec-563b-4409-9469-c333fd5acedd,long-term-water-quality-monitoring
e0efc5ec-563b-4409-9469-c333fd5acedd,monitoring
e0efc5ec-563b-4409-9469-c333fd5acedd,mosquito-lagoon
e0efc5ec-563b-4409-9469-c333fd5acedd,multi-parameter-water-quality-measurements
e0efc5ec-563b-4409-9469-c333fd5acedd,volusia-county
e0efc5ec-563b-4409-9469-c333fd5acedd,water
e0efc5ec-563b-4409-9469-c333fd5acedd,water-quality
e0efc5ec-563b-4409-9469-c333fd5acedd,ysi-datasonde
4dd762cb-94c3-42c4-aaeb-658817bddd8e,brevard-county
4dd762cb-94c3-42c4-aaeb-658817bddd8e,cana
4dd762cb-94c3-42c4-aaeb-658817bddd8e,canaveral-national-seashore
4dd762cb-94c3-42c4-aaeb-658817bddd8e,continuous-water-quality-monitoring
4dd762cb-94c3-42c4-aaeb-658817bddd8e,environment
4dd762cb-94c3-42c4-aaeb-658817bddd8e,fixed-station
4dd762cb-94c3-42c4-aaeb-658817bddd8e,florida
4dd762cb-94c3-42c4-aaeb-658817bddd8e,inlandwaters
4dd762cb-94c3-42c4-aaeb-658817bddd8e,long-term-water-quality-monitoring
4dd762cb-94c3-42c4-aaeb-658817bddd8e,monitoring
4dd762cb-94c3-42c4-aaeb-658817bddd8e,mosquito-lagoon
4dd762cb-94c3-42c4-aaeb-658817bddd8e,multi-parameter-water-quality-measurements
4dd762cb-94c3-42c4-aaeb-658817bddd8e,volusia-county
4dd762cb-94c3-42c4-aaeb-658817bddd8e,water
4dd762cb-94c3-42c4-aaeb-658817bddd8e,water-quality
4dd762cb-94c3-42c4-aaeb-658817bddd8e,ysi-datasonde
dfe6ab02-6b7a-4b31-a5f0-286752f28977,brevard-county
dfe6ab02-6b7a-4b31-a5f0-286752f28977,cana
dfe6ab02-6b7a-4b31-a5f0-286752f28977,canaveral-national-seashore
dfe6ab02-6b7a-4b31-a5f0-286752f28977,continuous-water-quality-monitoring
dfe6ab02-6b7a-4b31-a5f0-286752f28977,environment
dfe6ab02-6b7a-4b31-a5f0-286752f28977,fixed-station
dfe6ab02-6b7a-4b31-a5f0-286752f28977,florida
dfe6ab02-6b7a-4b31-a5f0-286752f28977,inlandwaters
dfe6ab02-6b7a-4b31-a5f0-286752f28977,long-term-water-quality-monitoring
dfe6ab02-6b7a-4b31-a5f0-286752f28977,monitoring
dfe6ab02-6b7a-4b31-a5f0-286752f28977,mosquito-lagoon
dfe6ab02-6b7a-4b31-a5f0-286752f28977,multi-parameter-water-quality-measurements
dfe6ab02-6b7a-4b31-a5f0-286752f28977,volusia-county
dfe6ab02-6b7a-4b31-a5f0-286752f28977,water
dfe6ab02-6b7a-4b31-a5f0-286752f28977,water-quality
dfe6ab02-6b7a-4b31-a5f0-286752f28977,ysi-datasonde
3207e47a-ad80-4e62-836a-0fdf0ff8ccaf,brevard-county
3207e47a-ad80-4e62-836a-0fdf0ff8ccaf,cana
3207e47a-ad80-4e62-836a-0fdf0ff8ccaf,canaveral-national-seashore
3207e47a-ad80-4e62-836a-0fdf0ff8ccaf,continuous-water-quality-monitoring
3207e47a-ad80-4e62-836a-0fdf0ff8ccaf,environment
3207e47a-ad80-4e62-836a-0fdf0ff8ccaf,fixed-station
3207e47a-ad80-4e62-836a-0fdf0ff8ccaf,florida
3207e47a-ad80-4e62-836a-0fdf0ff8ccaf,inlandwaters
3207e47a-ad80-4e62-836a-0fdf0ff8ccaf,long-term-water-quality-monitoring
3207e47a-ad80-4e62-836a-0fdf0ff8ccaf,monitoring
3207e47a-ad80-4e62-836a-0fdf0ff8ccaf,mosquito-lagoon
3207e47a-ad80-4e62-836a-0fdf0ff8ccaf,multi-parameter-water-quality-measurements
3207e47a-ad80-4e62-836a-0fdf0ff8ccaf,volusia-county
3207e47a-ad80-4e62-836a-0fdf0ff8ccaf,water
3207e47a-ad80-4e62-836a-0fdf0ff8ccaf,water-quality
3207e47a-ad80-4e62-836a-0fdf0ff8ccaf,ysi-datasonde
1d8d9a17-5a6b-4c75-91d5-55d7f21db58a,brevard-county
1d8d9a17-5a6b-4c75-91d5-55d7f21db58a,cana
1d8d9a17-5a6b-4c75-91d5-55d7f21db58a,canaveral-national-seashore
1d8d9a17-5a6b-4c75-91d5-55d7f21db58a,continuous-water-quality-monitoring
1d8d9a17-5a6b-4c75-91d5-55d7f21db58a,environment
1d8d9a17-5a6b-4c75-91d5-55d7f21db58a,fixed-station
1d8d9a17-5a6b-4c75-91d5-55d7f21db58a,florida
1d8d9a17-5a6b-4c75-91d5-55d7f21db58a,inlandwaters
1d8d9a17-5a6b-4c75-91d5-55d7f21db58a,long-term-water-quality-monitoring
1d8d9a17-5a6b-4c75-91d5-55d7f21db58a,monitoring
1d8d9a17-5a6b-4c75-91d5-55d7f21db58a,mosquito-lagoon
1d8d9a17-5a6b-4c75-91d5-55d7f21db58a,multi-parameter-water-quality-measurements
1d8d9a17-5a6b-4c75-91d5-55d7f21db58a,volusia-county
1d8d9a17-5a6b-4c75-91d5-55d7f21db58a,water
1d8d9a17-5a6b-4c75-91d5-55d7f21db58a,water-quality
1d8d9a17-5a6b-4c75-91d5-55d7f21db58a,ysi-datasonde
5a9f3e91-e674-439a-b86b-ec11e3cf3f04,brevard-county
5a9f3e91-e674-439a-b86b-ec11e3cf3f04,cana
5a9f3e91-e674-439a-b86b-ec11e3cf3f04,canaveral-national-seashore
5a9f3e91-e674-439a-b86b-ec11e3cf3f04,continuous-water-quality-monitoring
5a9f3e91-e674-439a-b86b-ec11e3cf3f04,environment
5a9f3e91-e674-439a-b86b-ec11e3cf3f04,fixed-station
5a9f3e91-e674-439a-b86b-ec11e3cf3f04,florida
5a9f3e91-e674-439a-b86b-ec11e3cf3f04,inlandwaters
5a9f3e91-e674-439a-b86b-ec11e3cf3f04,long-term-water-quality-monitoring
5a9f3e91-e674-439a-b86b-ec11e3cf3f04,monitoring
5a9f3e91-e674-439a-b86b-ec11e3cf3f04,mosquito-lagoon
5a9f3e91-e674-439a-b86b-ec11e3cf3f04,multi-parameter-water-quality-measurements
5a9f3e91-e674-439a-b86b-ec11e3cf3f04,volusia-county
5a9f3e91-e674-439a-b86b-ec11e3cf3f04,water
5a9f3e91-e674-439a-b86b-ec11e3cf3f04,water-quality
5a9f3e91-e674-439a-b86b-ec11e3cf3f04,ysi-datasonde
7eff68a9-8709-418a-9184-e7cac034fe04,back-sound
7eff68a9-8709-418a-9184-e7cac034fe04,calo
7eff68a9-8709-418a-9184-e7cac034fe04,cape-lookout-national-seashore
7eff68a9-8709-418a-9184-e7cac034fe04,carteret-county
7eff68a9-8709-418a-9184-e7cac034fe04,continuous-water-quality-monitoring
7eff68a9-8709-418a-9184-e7cac034fe04,environment
7eff68a9-8709-418a-9184-e7cac034fe04,fixed-station
7eff68a9-8709-418a-9184-e7cac034fe04,inlandwaters
7eff68a9-8709-418a-9184-e7cac034fe04,long-term-water-quality-monitoring
7eff68a9-8709-418a-9184-e7cac034fe04,monitoring
7eff68a9-8709-418a-9184-e7cac034fe04,multi-parameter-water-quality-measurements
7eff68a9-8709-418a-9184-e7cac034fe04,north-carolina
7eff68a9-8709-418a-9184-e7cac034fe04,shackleford-banks
7eff68a9-8709-418a-9184-e7cac034fe04,shackleford-slue
7eff68a9-8709-418a-9184-e7cac034fe04,water
7eff68a9-8709-418a-9184-e7cac034fe04,water-quality
7eff68a9-8709-418a-9184-e7cac034fe04,ysi-datasonde
c6ed7c52-4120-42ed-9fbe-5eeb0ce71dd0,back-sound
c6ed7c52-4120-42ed-9fbe-5eeb0ce71dd0,calo
c6ed7c52-4120-42ed-9fbe-5eeb0ce71dd0,cape-lookout-national-seashore
c6ed7c52-4120-42ed-9fbe-5eeb0ce71dd0,carteret-county
c6ed7c52-4120-42ed-9fbe-5eeb0ce71dd0,continuous-water-quality-monitoring
c6ed7c52-4120-42ed-9fbe-5eeb0ce71dd0,environment
c6ed7c52-4120-42ed-9fbe-5eeb0ce71dd0,fixed-station
c6ed7c52-4120-42ed-9fbe-5eeb0ce71dd0,inlandwaters
c6ed7c52-4120-42ed-9fbe-5eeb0ce71dd0,long-term-water-quality-monitoring
c6ed7c52-4120-42ed-9fbe-5eeb0ce71dd0,monitoring
c6ed7c52-4120-42ed-9fbe-5eeb0ce71dd0,multi-parameter-water-quality-measurements
c6ed7c52-4120-42ed-9fbe-5eeb0ce71dd0,north-carolina
c6ed7c52-4120-42ed-9fbe-5eeb0ce71dd0,shackleford-banks
c6ed7c52-4120-42ed-9fbe-5eeb0ce71dd0,shackleford-slue
c6ed7c52-4120-42ed-9fbe-5eeb0ce71dd0,water
c6ed7c52-4120-42ed-9fbe-5eeb0ce71dd0,water-quality
c6ed7c52-4120-42ed-9fbe-5eeb0ce71dd0,ysi-datasonde
d8ee4b9d-0693-4fff-b7f5-5a8f652418aa,back-sound
d8ee4b9d-0693-4fff-b7f5-5a8f652418aa,calo
d8ee4b9d-0693-4fff-b7f5-5a8f652418aa,cape-lookout-national-seashore
d8ee4b9d-0693-4fff-b7f5-5a8f652418aa,carteret-county
d8ee4b9d-0693-4fff-b7f5-5a8f652418aa,continuous-water-quality-monitoring
d8ee4b9d-0693-4fff-b7f5-5a8f652418aa,environment
d8ee4b9d-0693-4fff-b7f5-5a8f652418aa,fixed-station
d8ee4b9d-0693-4fff-b7f5-5a8f652418aa,inlandwaters
d8ee4b9d-0693-4fff-b7f5-5a8f652418aa,long-term-water-quality-monitoring
d8ee4b9d-0693-4fff-b7f5-5a8f652418aa,monitoring
d8ee4b9d-0693-4fff-b7f5-5a8f652418aa,multi-parameter-water-quality-measurements
d8ee4b9d-0693-4fff-b7f5-5a8f652418aa,north-carolina
d8ee4b9d-0693-4fff-b7f5-5a8f652418aa,shackleford-banks
d8ee4b9d-0693-4fff-b7f5-5a8f652418aa,shackleford-slue
d8ee4b9d-0693-4fff-b7f5-5a8f652418aa,water
d8ee4b9d-0693-4fff-b7f5-5a8f652418aa,water-quality
d8ee4b9d-0693-4fff-b7f5-5a8f652418aa,ysi-datasonde
536f1770-3e2c-4d4a-bb15-e4543e4baa42,fish
536f1770-3e2c-4d4a-bb15-e4543e4baa42,fort-frederica-national-monument
536f1770-3e2c-4d4a-bb15-e4543e4baa42,georgia
536f1770-3e2c-4d4a-bb15-e4543e4baa42,inventory-and-monitoring
536f1770-3e2c-4d4a-bb15-e4543e4baa42,southeast-coast
536f1770-3e2c-4d4a-bb15-e4543e4baa42,southeast-coast-network
033a57db-7bed-4ba7-8942-7248f75ed3c8,back-sound
033a57db-7bed-4ba7-8942-7248f75ed3c8,calo
033a57db-7bed-4ba7-8942-7248f75ed3c8,cape-lookout-national-seashore
033a57db-7bed-4ba7-8942-7248f75ed3c8,carteret-county
033a57db-7bed-4ba7-8942-7248f75ed3c8,continuous-water-quality-monitoring
033a57db-7bed-4ba7-8942-7248f75ed3c8,environment
033a57db-7bed-4ba7-8942-7248f75ed3c8,fixed-station
033a57db-7bed-4ba7-8942-7248f75ed3c8,inlandwaters
033a57db-7bed-4ba7-8942-7248f75ed3c8,long-term-water-quality-monitoring
033a57db-7bed-4ba7-8942-7248f75ed3c8,monitoring
033a57db-7bed-4ba7-8942-7248f75ed3c8,multi-parameter-water-quality-measurements
033a57db-7bed-4ba7-8942-7248f75ed3c8,north-carolina
033a57db-7bed-4ba7-8942-7248f75ed3c8,shackleford-banks
033a57db-7bed-4ba7-8942-7248f75ed3c8,shackleford-slue
033a57db-7bed-4ba7-8942-7248f75ed3c8,water
033a57db-7bed-4ba7-8942-7248f75ed3c8,water-quality
033a57db-7bed-4ba7-8942-7248f75ed3c8,ysi-datasonde
503e896d-23c7-4d97-bd83-9053518e7882,back-sound
503e896d-23c7-4d97-bd83-9053518e7882,calo
503e896d-23c7-4d97-bd83-9053518e7882,cape-lookout-national-seashore
503e896d-23c7-4d97-bd83-9053518e7882,carteret-county
503e896d-23c7-4d97-bd83-9053518e7882,continuous-water-quality-monitoring
503e896d-23c7-4d97-bd83-9053518e7882,environment
503e896d-23c7-4d97-bd83-9053518e7882,fixed-station
503e896d-23c7-4d97-bd83-9053518e7882,inlandwaters
503e896d-23c7-4d97-bd83-9053518e7882,long-term-water-quality-monitoring
503e896d-23c7-4d97-bd83-9053518e7882,monitoring
503e896d-23c7-4d97-bd83-9053518e7882,multi-parameter-water-quality-measurements
503e896d-23c7-4d97-bd83-9053518e7882,north-carolina
503e896d-23c7-4d97-bd83-9053518e7882,shackleford-banks
503e896d-23c7-4d97-bd83-9053518e7882,shackleford-slue
503e896d-23c7-4d97-bd83-9053518e7882,water
503e896d-23c7-4d97-bd83-9053518e7882,water-quality
503e896d-23c7-4d97-bd83-9053518e7882,ysi-datasonde
fefb03d8-41fb-49e8-88c4-dfe9ae881744,back-sound
fefb03d8-41fb-49e8-88c4-dfe9ae881744,calo
fefb03d8-41fb-49e8-88c4-dfe9ae881744,cape-lookout-national-seashore
fefb03d8-41fb-49e8-88c4-dfe9ae881744,carteret-county
fefb03d8-41fb-49e8-88c4-dfe9ae881744,continuous-water-quality-monitoring
fefb03d8-41fb-49e8-88c4-dfe9ae881744,environment
fefb03d8-41fb-49e8-88c4-dfe9ae881744,fixed-station
fefb03d8-41fb-49e8-88c4-dfe9ae881744,inlandwaters
fefb03d8-41fb-49e8-88c4-dfe9ae881744,long-term-water-quality-monitoring
fefb03d8-41fb-49e8-88c4-dfe9ae881744,monitoring
fefb03d8-41fb-49e8-88c4-dfe9ae881744,multi-parameter-water-quality-measurements
fefb03d8-41fb-49e8-88c4-dfe9ae881744,north-carolina
fefb03d8-41fb-49e8-88c4-dfe9ae881744,shackleford-banks
fefb03d8-41fb-49e8-88c4-dfe9ae881744,shackleford-slue
fefb03d8-41fb-49e8-88c4-dfe9ae881744,water
fefb03d8-41fb-49e8-88c4-dfe9ae881744,water-quality
fefb03d8-41fb-49e8-88c4-dfe9ae881744,ysi-datasonde
5edd67a0-7621-4570-8dff-7a6ed3e6d5ae,back-sound
5edd67a0-7621-4570-8dff-7a6ed3e6d5ae,calo
5edd67a0-7621-4570-8dff-7a6ed3e6d5ae,cape-lookout-national-seashore
5edd67a0-7621-4570-8dff-7a6ed3e6d5ae,carteret-county
5edd67a0-7621-4570-8dff-7a6ed3e6d5ae,continuous-water-quality-monitoring
5edd67a0-7621-4570-8dff-7a6ed3e6d5ae,environment
5edd67a0-7621-4570-8dff-7a6ed3e6d5ae,fixed-station
5edd67a0-7621-4570-8dff-7a6ed3e6d5ae,inlandwaters
5edd67a0-7621-4570-8dff-7a6ed3e6d5ae,long-term-water-quality-monitoring
5edd67a0-7621-4570-8dff-7a6ed3e6d5ae,monitoring
5edd67a0-7621-4570-8dff-7a6ed3e6d5ae,multi-parameter-water-quality-measurements
5edd67a0-7621-4570-8dff-7a6ed3e6d5ae,north-carolina
5edd67a0-7621-4570-8dff-7a6ed3e6d5ae,shackleford-banks
5edd67a0-7621-4570-8dff-7a6ed3e6d5ae,shackleford-slue
5edd67a0-7621-4570-8dff-7a6ed3e6d5ae,water
5edd67a0-7621-4570-8dff-7a6ed3e6d5ae,water-quality
5edd67a0-7621-4570-8dff-7a6ed3e6d5ae,ysi-datasonde
278bfa1a-8d3c-4016-a905-adea2086e17d,back-sound
278bfa1a-8d3c-4016-a905-adea2086e17d,calo
278bfa1a-8d3c-4016-a905-adea2086e17d,cape-lookout-national-seashore
278bfa1a-8d3c-4016-a905-adea2086e17d,carteret-county
278bfa1a-8d3c-4016-a905-adea2086e17d,continuous-water-quality-monitoring
278bfa1a-8d3c-4016-a905-adea2086e17d,environment
278bfa1a-8d3c-4016-a905-adea2086e17d,fixed-station
278bfa1a-8d3c-4016-a905-adea2086e17d,inlandwaters
278bfa1a-8d3c-4016-a905-adea2086e17d,long-term-water-quality-monitoring
278bfa1a-8d3c-4016-a905-adea2086e17d,monitoring
278bfa1a-8d3c-4016-a905-adea2086e17d,multi-parameter-water-quality-measurements
278bfa1a-8d3c-4016-a905-adea2086e17d,north-carolina
278bfa1a-8d3c-4016-a905-adea2086e17d,shackleford-banks
278bfa1a-8d3c-4016-a905-adea2086e17d,shackleford-slue
278bfa1a-8d3c-4016-a905-adea2086e17d,water
278bfa1a-8d3c-4016-a905-adea2086e17d,water-quality
278bfa1a-8d3c-4016-a905-adea2086e17d,ysi-datasonde
268065d6-c468-4386-ab05-bd6ef70f072e,back-sound
268065d6-c468-4386-ab05-bd6ef70f072e,calo
268065d6-c468-4386-ab05-bd6ef70f072e,cape-lookout-national-seashore
268065d6-c468-4386-ab05-bd6ef70f072e,carteret-county
268065d6-c468-4386-ab05-bd6ef70f072e,continuous-water-quality-monitoring
268065d6-c468-4386-ab05-bd6ef70f072e,environment
268065d6-c468-4386-ab05-bd6ef70f072e,fixed-station
268065d6-c468-4386-ab05-bd6ef70f072e,inlandwaters
268065d6-c468-4386-ab05-bd6ef70f072e,long-term-water-quality-monitoring
268065d6-c468-4386-ab05-bd6ef70f072e,monitoring
268065d6-c468-4386-ab05-bd6ef70f072e,multi-parameter-water-quality-measurements
268065d6-c468-4386-ab05-bd6ef70f072e,north-carolina
268065d6-c468-4386-ab05-bd6ef70f072e,shackleford-banks
268065d6-c468-4386-ab05-bd6ef70f072e,shackleford-slue
268065d6-c468-4386-ab05-bd6ef70f072e,water
268065d6-c468-4386-ab05-bd6ef70f072e,water-quality
268065d6-c468-4386-ab05-bd6ef70f072e,ysi-datasonde
661cfa36-e15b-48f7-9f6a-9823e5d59400,bull-river
661cfa36-e15b-48f7-9f6a-9823e5d59400,chatham-county
661cfa36-e15b-48f7-9f6a-9823e5d59400,environment
661cfa36-e15b-48f7-9f6a-9823e5d59400,estuarine-marine
661cfa36-e15b-48f7-9f6a-9823e5d59400,fopu
661cfa36-e15b-48f7-9f6a-9823e5d59400,fort-pulaski-national-monument
661cfa36-e15b-48f7-9f6a-9823e5d59400,georgia
661cfa36-e15b-48f7-9f6a-9823e5d59400,inlandwaters
661cfa36-e15b-48f7-9f6a-9823e5d59400,lazaretto-creek
661cfa36-e15b-48f7-9f6a-9823e5d59400,long-term-sediment-quality-monitoring
661cfa36-e15b-48f7-9f6a-9823e5d59400,monitoring
661cfa36-e15b-48f7-9f6a-9823e5d59400,national-coastal-assessment-program
661cfa36-e15b-48f7-9f6a-9823e5d59400,probabilistic-sampling-design
661cfa36-e15b-48f7-9f6a-9823e5d59400,savannah-river
661cfa36-e15b-48f7-9f6a-9823e5d59400,sediment-quality
661cfa36-e15b-48f7-9f6a-9823e5d59400,shad-river
661cfa36-e15b-48f7-9f6a-9823e5d59400,south-channel-savannah-river
661cfa36-e15b-48f7-9f6a-9823e5d59400,tybee-creek
661cfa36-e15b-48f7-9f6a-9823e5d59400,water
8a2d2934-2922-4eee-b054-329b9cdbfc91,back-sound
8a2d2934-2922-4eee-b054-329b9cdbfc91,calo
8a2d2934-2922-4eee-b054-329b9cdbfc91,cape-lookout-national-seashore
8a2d2934-2922-4eee-b054-329b9cdbfc91,carteret-county
8a2d2934-2922-4eee-b054-329b9cdbfc91,continuous-water-quality-monitoring
8a2d2934-2922-4eee-b054-329b9cdbfc91,environment
8a2d2934-2922-4eee-b054-329b9cdbfc91,fixed-station
8a2d2934-2922-4eee-b054-329b9cdbfc91,inlandwaters
8a2d2934-2922-4eee-b054-329b9cdbfc91,long-term-water-quality-monitoring
8a2d2934-2922-4eee-b054-329b9cdbfc91,monitoring
8a2d2934-2922-4eee-b054-329b9cdbfc91,multi-parameter-water-quality-measurements
8a2d2934-2922-4eee-b054-329b9cdbfc91,north-carolina
8a2d2934-2922-4eee-b054-329b9cdbfc91,shackleford-banks
8a2d2934-2922-4eee-b054-329b9cdbfc91,shackleford-slue
8a2d2934-2922-4eee-b054-329b9cdbfc91,water
8a2d2934-2922-4eee-b054-329b9cdbfc91,water-quality
8a2d2934-2922-4eee-b054-329b9cdbfc91,ysi-datasonde
6578a9f2-bf0c-435d-9edd-8fa13ce57e51,back-sound
6578a9f2-bf0c-435d-9edd-8fa13ce57e51,calo
6578a9f2-bf0c-435d-9edd-8fa13ce57e51,cape-lookout-national-seashore
6578a9f2-bf0c-435d-9edd-8fa13ce57e51,carteret-county
6578a9f2-bf0c-435d-9edd-8fa13ce57e51,continuous-water-quality-monitoring
6578a9f2-bf0c-435d-9edd-8fa13ce57e51,environment
6578a9f2-bf0c-435d-9edd-8fa13ce57e51,fixed-station
6578a9f2-bf0c-435d-9edd-8fa13ce57e51,inlandwaters
6578a9f2-bf0c-435d-9edd-8fa13ce57e51,long-term-water-quality-monitoring
6578a9f2-bf0c-435d-9edd-8fa13ce57e51,monitoring
6578a9f2-bf0c-435d-9edd-8fa13ce57e51,multi-parameter-water-quality-measurements
6578a9f2-bf0c-435d-9edd-8fa13ce57e51,north-carolina
6578a9f2-bf0c-435d-9edd-8fa13ce57e51,shackleford-banks
6578a9f2-bf0c-435d-9edd-8fa13ce57e51,shackleford-slue
6578a9f2-bf0c-435d-9edd-8fa13ce57e51,water
6578a9f2-bf0c-435d-9edd-8fa13ce57e51,water-quality
6578a9f2-bf0c-435d-9edd-8fa13ce57e51,ysi-datasonde
8ff18113-014e-4be7-b97d-87a082167647,back-sound
8ff18113-014e-4be7-b97d-87a082167647,calo
8ff18113-014e-4be7-b97d-87a082167647,cape-lookout-national-seashore
8ff18113-014e-4be7-b97d-87a082167647,carteret-county
8ff18113-014e-4be7-b97d-87a082167647,continuous-water-quality-monitoring
8ff18113-014e-4be7-b97d-87a082167647,environment
8ff18113-014e-4be7-b97d-87a082167647,fixed-station
8ff18113-014e-4be7-b97d-87a082167647,inlandwaters
8ff18113-014e-4be7-b97d-87a082167647,long-term-water-quality-monitoring
8ff18113-014e-4be7-b97d-87a082167647,monitoring
8ff18113-014e-4be7-b97d-87a082167647,multi-parameter-water-quality-measurements
8ff18113-014e-4be7-b97d-87a082167647,north-carolina
8ff18113-014e-4be7-b97d-87a082167647,shackleford-banks
8ff18113-014e-4be7-b97d-87a082167647,shackleford-slue
8ff18113-014e-4be7-b97d-87a082167647,water
8ff18113-014e-4be7-b97d-87a082167647,water-quality
8ff18113-014e-4be7-b97d-87a082167647,ysi-datasonde
813b40d8-5891-43bb-bf9c-4cc1f4dbfc70,back-sound
813b40d8-5891-43bb-bf9c-4cc1f4dbfc70,calo
813b40d8-5891-43bb-bf9c-4cc1f4dbfc70,cape-lookout-national-seashore
813b40d8-5891-43bb-bf9c-4cc1f4dbfc70,carteret-county
813b40d8-5891-43bb-bf9c-4cc1f4dbfc70,continuous-water-quality-monitoring
813b40d8-5891-43bb-bf9c-4cc1f4dbfc70,environment
813b40d8-5891-43bb-bf9c-4cc1f4dbfc70,fixed-station
813b40d8-5891-43bb-bf9c-4cc1f4dbfc70,inlandwaters
813b40d8-5891-43bb-bf9c-4cc1f4dbfc70,long-term-water-quality-monitoring
813b40d8-5891-43bb-bf9c-4cc1f4dbfc70,monitoring
813b40d8-5891-43bb-bf9c-4cc1f4dbfc70,multi-parameter-water-quality-measurements
813b40d8-5891-43bb-bf9c-4cc1f4dbfc70,north-carolina
813b40d8-5891-43bb-bf9c-4cc1f4dbfc70,shackleford-banks
813b40d8-5891-43bb-bf9c-4cc1f4dbfc70,shackleford-slue
813b40d8-5891-43bb-bf9c-4cc1f4dbfc70,water
813b40d8-5891-43bb-bf9c-4cc1f4dbfc70,water-quality
813b40d8-5891-43bb-bf9c-4cc1f4dbfc70,ysi-datasonde
49721b70-0ce5-4bc5-9eca-7bc6735aa0de,back-sound
49721b70-0ce5-4bc5-9eca-7bc6735aa0de,calo
49721b70-0ce5-4bc5-9eca-7bc6735aa0de,cape-lookout-national-seashore
49721b70-0ce5-4bc5-9eca-7bc6735aa0de,carteret-county
49721b70-0ce5-4bc5-9eca-7bc6735aa0de,continuous-water-quality-monitoring
49721b70-0ce5-4bc5-9eca-7bc6735aa0de,environment
49721b70-0ce5-4bc5-9eca-7bc6735aa0de,fixed-station
49721b70-0ce5-4bc5-9eca-7bc6735aa0de,inlandwaters
49721b70-0ce5-4bc5-9eca-7bc6735aa0de,long-term-water-quality-monitoring
49721b70-0ce5-4bc5-9eca-7bc6735aa0de,monitoring
49721b70-0ce5-4bc5-9eca-7bc6735aa0de,multi-parameter-water-quality-measurements
49721b70-0ce5-4bc5-9eca-7bc6735aa0de,north-carolina
49721b70-0ce5-4bc5-9eca-7bc6735aa0de,shackleford-banks
49721b70-0ce5-4bc5-9eca-7bc6735aa0de,shackleford-slue
49721b70-0ce5-4bc5-9eca-7bc6735aa0de,water
49721b70-0ce5-4bc5-9eca-7bc6735aa0de,water-quality
49721b70-0ce5-4bc5-9eca-7bc6735aa0de,ysi-datasonde
78a6ae3b-d87d-407f-9f4a-75d3e4cb392e,medicaid
790245be-87d3-4445-bae9-edf4b4ecaf73,drug-rebate-program
357cdcf6-0c27-4ebb-bac6-82caeadef073,agoltosocrata
eec2cfb3-0b6b-4df2-a1ec-c7677e5e3526,occupational-licensing-registration-division
eec2cfb3-0b6b-4df2-a1ec-c7677e5e3526,office-of-waste
eec2cfb3-0b6b-4df2-a1ec-c7677e5e3526,oow
eec2cfb3-0b6b-4df2-a1ec-c7677e5e3526,tceq
eec2cfb3-0b6b-4df2-a1ec-c7677e5e3526,training
320fc0b6-94e3-450e-8ea3-68a971c40464,apr
320fc0b6-94e3-450e-8ea3-68a971c40464,audit
8ac2466c-7cc8-4ed3-a276-4792f5a6517c,individual-permit
8ac2466c-7cc8-4ed3-a276-4792f5a6517c,ow
8ac2466c-7cc8-4ed3-a276-4792f5a6517c,stormwater-and-wastewater
8ac2466c-7cc8-4ed3-a276-4792f5a6517c,sw-ww
8ac2466c-7cc8-4ed3-a276-4792f5a6517c,wqd
0ca29a64-8d12-4bcf-b625-679820f94860,library
0ca29a64-8d12-4bcf-b625-679820f94860,volunteers
e3959526-f45f-4fe3-9b12-d86a616425ce,general-permit
e3959526-f45f-4fe3-9b12-d86a616425ce,ow
e3959526-f45f-4fe3-9b12-d86a616425ce,stormwater-and-wastewater
e3959526-f45f-4fe3-9b12-d86a616425ce,sw-ww
e3959526-f45f-4fe3-9b12-d86a616425ce,wqd
bb3be766-43c2-4d51-ad58-bc9d3d107bb1,forest
bb3be766-43c2-4d51-ad58-bc9d3d107bb1,fund
bb3be766-43c2-4d51-ad58-bc9d3d107bb1,grant
bb3be766-43c2-4d51-ad58-bc9d3d107bb1,mitigation
bb3be766-43c2-4d51-ad58-bc9d3d107bb1,tree
bb3be766-43c2-4d51-ad58-bc9d3d107bb1,urban-forest-replenishment-fund
b038e4ce-02c8-4250-ba14-5eb2af4d974c,aegb
b038e4ce-02c8-4250-ba14-5eb2af4d974c,affordable-housing
b038e4ce-02c8-4250-ba14-5eb2af4d974c,energy-efficiency
b038e4ce-02c8-4250-ba14-5eb2af4d974c,green
b038e4ce-02c8-4250-ba14-5eb2af4d974c,green-building
b038e4ce-02c8-4250-ba14-5eb2af4d974c,leed
b038e4ce-02c8-4250-ba14-5eb2af4d974c,resilience
b038e4ce-02c8-4250-ba14-5eb2af4d974c,sustainability
b1c72065-5d28-4eab-936f-ed97bed5bae5,incarcerated
b1c72065-5d28-4eab-936f-ed97bed5bae5,prison
b1c72065-5d28-4eab-936f-ed97bed5bae5,tdcj
b1c72065-5d28-4eab-936f-ed97bed5bae5,texas-department-of-criminal-justice
b1c72065-5d28-4eab-936f-ed97bed5bae5,texas-inmates
7f5d67b1-5089-4028-8e7d-454a75c496e2,demographics
9a66580c-48f9-486c-8253-776a842eebb8,highways
9a66580c-48f9-486c-8253-776a842eebb8,intelligent-transportation-systems-its
9a66580c-48f9-486c-8253-776a842eebb8,its-joint-program-office-jpo
9a66580c-48f9-486c-8253-776a842eebb8,lane-closure-dcmthcd
9a66580c-48f9-486c-8253-776a842eebb8,texas
9a66580c-48f9-486c-8253-776a842eebb8,texas-department-of-transportation-txdot
9a66580c-48f9-486c-8253-776a842eebb8,work-zone-data-exchange-wzdx
9a66580c-48f9-486c-8253-776a842eebb8,work-zones
9a66580c-48f9-486c-8253-776a842eebb8,wzdx
7ddec5c7-efb6-4af9-9d08-7553e6d1d6fc,highways
7ddec5c7-efb6-4af9-9d08-7553e6d1d6fc,intelligent-transportation-systems-its
7ddec5c7-efb6-4af9-9d08-7553e6d1d6fc,iowa
7ddec5c7-efb6-4af9-9d08-7553e6d1d6fc,iowa-department-of-transportation-idot
7ddec5c7-efb6-4af9-9d08-7553e6d1d6fc,its-joint-program-office-jpo
7ddec5c7-efb6-4af9-9d08-7553e6d1d6fc,lane-closure-dcmthcd
7ddec5c7-efb6-4af9-9d08-7553e6d1d6fc,work-zone-data-exchange-wzdx
7ddec5c7-efb6-4af9-9d08-7553e6d1d6fc,work-zones
7ddec5c7-efb6-4af9-9d08-7553e6d1d6fc,wzdx
6fbeadb4-e155-4b91-a91c-376f2ce80e3e,casualties
6fbeadb4-e155-4b91-a91c-376f2ce80e3e,casualty
6fbeadb4-e155-4b91-a91c-376f2ce80e3e,contractor
6fbeadb4-e155-4b91-a91c-376f2ce80e3e,fatalities
6fbeadb4-e155-4b91-a91c-376f2ce80e3e,fatality
6fbeadb4-e155-4b91-a91c-376f2ce80e3e,illness
6fbeadb4-e155-4b91-a91c-376f2ce80e3e,illnesses
6fbeadb4-e155-4b91-a91c-376f2ce80e3e,injuries
6fbeadb4-e155-4b91-a91c-376f2ce80e3e,injury
6fbeadb4-e155-4b91-a91c-376f2ce80e3e,nontrespasser
6fbeadb4-e155-4b91-a91c-376f2ce80e3e,passenger
6fbeadb4-e155-4b91-a91c-376f2ce80e3e,railroad-employee
6fbeadb4-e155-4b91-a91c-376f2ce80e3e,trespasser
6fbeadb4-e155-4b91-a91c-376f2ce80e3e,trespassers
6fbeadb4-e155-4b91-a91c-376f2ce80e3e,worker-on-duty
a05aff2b-c6b1-47d5-898a-ad969f705a6a,allotment
a05aff2b-c6b1-47d5-898a-ad969f705a6a,biota
a05aff2b-c6b1-47d5-898a-ad969f705a6a,blm
a05aff2b-c6b1-47d5-898a-ad969f705a6a,boundaries
a05aff2b-c6b1-47d5-898a-ad969f705a6a,bureau-of-land-management
a05aff2b-c6b1-47d5-898a-ad969f705a6a,department-of-the-interior
a05aff2b-c6b1-47d5-898a-ad969f705a6a,doi
a05aff2b-c6b1-47d5-898a-ad969f705a6a,farming
a05aff2b-c6b1-47d5-898a-ad969f705a6a,grazing
a05aff2b-c6b1-47d5-898a-ad969f705a6a,idaho
a05aff2b-c6b1-47d5-898a-ad969f705a6a,livestock
a05aff2b-c6b1-47d5-898a-ad969f705a6a,management
a05aff2b-c6b1-47d5-898a-ad969f705a6a,pasture
a05aff2b-c6b1-47d5-898a-ad969f705a6a,rangeland-administration-system
a05aff2b-c6b1-47d5-898a-ad969f705a6a,ras
a05aff2b-c6b1-47d5-898a-ad969f705a6a,taylor-grazing-act
a05aff2b-c6b1-47d5-898a-ad969f705a6a,tga
3b43639d-3143-4d64-bf78-15463a0a6023,blm
3b43639d-3143-4d64-bf78-15463a0a6023,bureau-of-land-management
3b43639d-3143-4d64-bf78-15463a0a6023,department-of-the-interior
3b43639d-3143-4d64-bf78-15463a0a6023,doi
3b43639d-3143-4d64-bf78-15463a0a6023,facility-asset-management-system
3b43639d-3143-4d64-bf78-15463a0a6023,fams
3b43639d-3143-4d64-bf78-15463a0a6023,federal-lands-transportation-program
3b43639d-3143-4d64-bf78-15463a0a6023,fltp
3b43639d-3143-4d64-bf78-15463a0a6023,ground-transportation-linear-features
3b43639d-3143-4d64-bf78-15463a0a6023,gtlf
3b43639d-3143-4d64-bf78-15463a0a6023,id
3b43639d-3143-4d64-bf78-15463a0a6023,idaho
3b43639d-3143-4d64-bf78-15463a0a6023,idaho-state-office
3b43639d-3143-4d64-bf78-15463a0a6023,iso
3b43639d-3143-4d64-bf78-15463a0a6023,linear-disturbance
3b43639d-3143-4d64-bf78-15463a0a6023,linear-features
3b43639d-3143-4d64-bf78-15463a0a6023,rca
3b43639d-3143-4d64-bf78-15463a0a6023,recreation
3b43639d-3143-4d64-bf78-15463a0a6023,recreation-management-information-system
3b43639d-3143-4d64-bf78-15463a0a6023,rmis
3b43639d-3143-4d64-bf78-15463a0a6023,road-condition-assessment
3b43639d-3143-4d64-bf78-15463a0a6023,roads
3b43639d-3143-4d64-bf78-15463a0a6023,scenic-biways
3b43639d-3143-4d64-bf78-15463a0a6023,t-plan
3b43639d-3143-4d64-bf78-15463a0a6023,tmp
3b43639d-3143-4d64-bf78-15463a0a6023,trails
3b43639d-3143-4d64-bf78-15463a0a6023,transportation
3b43639d-3143-4d64-bf78-15463a0a6023,travel-management-plan
94f6859b-df21-4546-a05c-9de8aab62fea,ada-county
94f6859b-df21-4546-a05c-9de8aab62fea,authorization
94f6859b-df21-4546-a05c-9de8aab62fea,biota
94f6859b-df21-4546-a05c-9de8aab62fea,boundaries
94f6859b-df21-4546-a05c-9de8aab62fea,disturbance
94f6859b-df21-4546-a05c-9de8aab62fea,environment
94f6859b-df21-4546-a05c-9de8aab62fea,facility
94f6859b-df21-4546-a05c-9de8aab62fea,geospatial
94f6859b-df21-4546-a05c-9de8aab62fea,idaho
94f6859b-df21-4546-a05c-9de8aab62fea,location
94f6859b-df21-4546-a05c-9de8aab62fea,management
94f6859b-df21-4546-a05c-9de8aab62fea,orchard-training-area
fe7b53ec-2cdf-488f-9286-e1c35a315e36,allotment
fe7b53ec-2cdf-488f-9286-e1c35a315e36,biota
fe7b53ec-2cdf-488f-9286-e1c35a315e36,blm
fe7b53ec-2cdf-488f-9286-e1c35a315e36,boundaries
fe7b53ec-2cdf-488f-9286-e1c35a315e36,bureau-of-land-management
fe7b53ec-2cdf-488f-9286-e1c35a315e36,department-of-the-interior
fe7b53ec-2cdf-488f-9286-e1c35a315e36,doi
fe7b53ec-2cdf-488f-9286-e1c35a315e36,farming
fe7b53ec-2cdf-488f-9286-e1c35a315e36,grazing
fe7b53ec-2cdf-488f-9286-e1c35a315e36,idaho
fe7b53ec-2cdf-488f-9286-e1c35a315e36,livestock
fe7b53ec-2cdf-488f-9286-e1c35a315e36,management
fe7b53ec-2cdf-488f-9286-e1c35a315e36,pasture
fe7b53ec-2cdf-488f-9286-e1c35a315e36,rangeland-administration-system
fe7b53ec-2cdf-488f-9286-e1c35a315e36,ras
fe7b53ec-2cdf-488f-9286-e1c35a315e36,taylor-grazing-act
fe7b53ec-2cdf-488f-9286-e1c35a315e36,tga
aec5d7bc-357e-45de-a33c-89a1f55fbe1d,ada-county
aec5d7bc-357e-45de-a33c-89a1f55fbe1d,authorization
aec5d7bc-357e-45de-a33c-89a1f55fbe1d,bdo
aec5d7bc-357e-45de-a33c-89a1f55fbe1d,biota
aec5d7bc-357e-45de-a33c-89a1f55fbe1d,boise-district
aec5d7bc-357e-45de-a33c-89a1f55fbe1d,boundaries
aec5d7bc-357e-45de-a33c-89a1f55fbe1d,disturbance
aec5d7bc-357e-45de-a33c-89a1f55fbe1d,environment
aec5d7bc-357e-45de-a33c-89a1f55fbe1d,facility
aec5d7bc-357e-45de-a33c-89a1f55fbe1d,geospatial
aec5d7bc-357e-45de-a33c-89a1f55fbe1d,idaho
aec5d7bc-357e-45de-a33c-89a1f55fbe1d,idaho-national-guard
aec5d7bc-357e-45de-a33c-89a1f55fbe1d,location
aec5d7bc-357e-45de-a33c-89a1f55fbe1d,management
aec5d7bc-357e-45de-a33c-89a1f55fbe1d,orchard-training-areaorchard-training-area-impact-area
63015619-05f8-45c2-bcb7-2abd8cafab1b,ada-county
63015619-05f8-45c2-bcb7-2abd8cafab1b,authorization
63015619-05f8-45c2-bcb7-2abd8cafab1b,biota
63015619-05f8-45c2-bcb7-2abd8cafab1b,boundaries
63015619-05f8-45c2-bcb7-2abd8cafab1b,disturbance
63015619-05f8-45c2-bcb7-2abd8cafab1b,environment
63015619-05f8-45c2-bcb7-2abd8cafab1b,facility
63015619-05f8-45c2-bcb7-2abd8cafab1b,geospatial
63015619-05f8-45c2-bcb7-2abd8cafab1b,idaho
63015619-05f8-45c2-bcb7-2abd8cafab1b,location
63015619-05f8-45c2-bcb7-2abd8cafab1b,management
63015619-05f8-45c2-bcb7-2abd8cafab1b,orchard-training-area
63015619-05f8-45c2-bcb7-2abd8cafab1b,orchard-training-area-artillery-impact-areaorchard-training-area-impact-area
d42d4ad8-db63-4932-8e4d-b12db17cf189,blm
d42d4ad8-db63-4932-8e4d-b12db17cf189,bureau-of-land-management
d42d4ad8-db63-4932-8e4d-b12db17cf189,department-of-the-interior
d42d4ad8-db63-4932-8e4d-b12db17cf189,doi
d42d4ad8-db63-4932-8e4d-b12db17cf189,facility-asset-management-system
d42d4ad8-db63-4932-8e4d-b12db17cf189,fams
d42d4ad8-db63-4932-8e4d-b12db17cf189,federal-lands-transportation-program
d42d4ad8-db63-4932-8e4d-b12db17cf189,fltp
d42d4ad8-db63-4932-8e4d-b12db17cf189,ground-transportation-linear-features
d42d4ad8-db63-4932-8e4d-b12db17cf189,gtlf
d42d4ad8-db63-4932-8e4d-b12db17cf189,id
d42d4ad8-db63-4932-8e4d-b12db17cf189,idaho
d42d4ad8-db63-4932-8e4d-b12db17cf189,idaho-state-office
d42d4ad8-db63-4932-8e4d-b12db17cf189,iso
d42d4ad8-db63-4932-8e4d-b12db17cf189,linear-disturbance
d42d4ad8-db63-4932-8e4d-b12db17cf189,linear-features
d42d4ad8-db63-4932-8e4d-b12db17cf189,rca
d42d4ad8-db63-4932-8e4d-b12db17cf189,recreation
d42d4ad8-db63-4932-8e4d-b12db17cf189,recreation-management-information-system
d42d4ad8-db63-4932-8e4d-b12db17cf189,rmis
d42d4ad8-db63-4932-8e4d-b12db17cf189,road-condition-assessment
d42d4ad8-db63-4932-8e4d-b12db17cf189,roads
d42d4ad8-db63-4932-8e4d-b12db17cf189,scenic-biways
d42d4ad8-db63-4932-8e4d-b12db17cf189,t-plan
d42d4ad8-db63-4932-8e4d-b12db17cf189,tmp
d42d4ad8-db63-4932-8e4d-b12db17cf189,trails
d42d4ad8-db63-4932-8e4d-b12db17cf189,transportation
d42d4ad8-db63-4932-8e4d-b12db17cf189,travel-management-plan
ed0a5dbf-b22f-4f2e-b602-a0e15ac66c9f,ada-county
ed0a5dbf-b22f-4f2e-b602-a0e15ac66c9f,authorization
ed0a5dbf-b22f-4f2e-b602-a0e15ac66c9f,biota
ed0a5dbf-b22f-4f2e-b602-a0e15ac66c9f,boundaries
ed0a5dbf-b22f-4f2e-b602-a0e15ac66c9f,disturbance
ed0a5dbf-b22f-4f2e-b602-a0e15ac66c9f,environment
ed0a5dbf-b22f-4f2e-b602-a0e15ac66c9f,facility
ed0a5dbf-b22f-4f2e-b602-a0e15ac66c9f,geospatial
ed0a5dbf-b22f-4f2e-b602-a0e15ac66c9f,idaho
ed0a5dbf-b22f-4f2e-b602-a0e15ac66c9f,location
ed0a5dbf-b22f-4f2e-b602-a0e15ac66c9f,management
ed0a5dbf-b22f-4f2e-b602-a0e15ac66c9f,orchard-training-area
4cffdb6b-092b-4840-827e-ae7609e88849,allotment
4cffdb6b-092b-4840-827e-ae7609e88849,biota
4cffdb6b-092b-4840-827e-ae7609e88849,blm
4cffdb6b-092b-4840-827e-ae7609e88849,boundaries
4cffdb6b-092b-4840-827e-ae7609e88849,bureau-of-land-management
4cffdb6b-092b-4840-827e-ae7609e88849,department-of-the-interior
4cffdb6b-092b-4840-827e-ae7609e88849,doi
4cffdb6b-092b-4840-827e-ae7609e88849,farming
4cffdb6b-092b-4840-827e-ae7609e88849,grazing
4cffdb6b-092b-4840-827e-ae7609e88849,idaho
4cffdb6b-092b-4840-827e-ae7609e88849,livestock
4cffdb6b-092b-4840-827e-ae7609e88849,management
4cffdb6b-092b-4840-827e-ae7609e88849,pasture
4cffdb6b-092b-4840-827e-ae7609e88849,rangeland-administration-system
4cffdb6b-092b-4840-827e-ae7609e88849,ras
4cffdb6b-092b-4840-827e-ae7609e88849,taylor-grazing-act
4cffdb6b-092b-4840-827e-ae7609e88849,tga
bc85526b-b280-4a94-9dfa-a41175bcb7b4,ada-county
bc85526b-b280-4a94-9dfa-a41175bcb7b4,authorization
bc85526b-b280-4a94-9dfa-a41175bcb7b4,bdo
bc85526b-b280-4a94-9dfa-a41175bcb7b4,biota
bc85526b-b280-4a94-9dfa-a41175bcb7b4,boise-district
bc85526b-b280-4a94-9dfa-a41175bcb7b4,boundaries
bc85526b-b280-4a94-9dfa-a41175bcb7b4,disturbance
bc85526b-b280-4a94-9dfa-a41175bcb7b4,environment
bc85526b-b280-4a94-9dfa-a41175bcb7b4,facility
bc85526b-b280-4a94-9dfa-a41175bcb7b4,geospatial
bc85526b-b280-4a94-9dfa-a41175bcb7b4,idaho
bc85526b-b280-4a94-9dfa-a41175bcb7b4,idaho-national-guard
bc85526b-b280-4a94-9dfa-a41175bcb7b4,location
bc85526b-b280-4a94-9dfa-a41175bcb7b4,management
bc85526b-b280-4a94-9dfa-a41175bcb7b4,orchard-training-areaorchard-training-area-impact-area
c6100d61-eccb-42dc-b2f6-ac627d0a651e,ada-county
c6100d61-eccb-42dc-b2f6-ac627d0a651e,authorization
c6100d61-eccb-42dc-b2f6-ac627d0a651e,biota
c6100d61-eccb-42dc-b2f6-ac627d0a651e,boundaries
c6100d61-eccb-42dc-b2f6-ac627d0a651e,disturbance
c6100d61-eccb-42dc-b2f6-ac627d0a651e,environment
c6100d61-eccb-42dc-b2f6-ac627d0a651e,facility
c6100d61-eccb-42dc-b2f6-ac627d0a651e,geospatial
c6100d61-eccb-42dc-b2f6-ac627d0a651e,idaho
c6100d61-eccb-42dc-b2f6-ac627d0a651e,location
c6100d61-eccb-42dc-b2f6-ac627d0a651e,management
c6100d61-eccb-42dc-b2f6-ac627d0a651e,orchard-training-area
c6100d61-eccb-42dc-b2f6-ac627d0a651e,orchard-training-area-artillery-impact-areaorchard-training-area-impact-area
e7b5d032-c587-4a1c-ac93-30ac2110e475,002
e7b5d032-c587-4a1c-ac93-30ac2110e475,003
e7b5d032-c587-4a1c-ac93-30ac2110e475,007
e7b5d032-c587-4a1c-ac93-30ac2110e475,008
e7b5d032-c587-4a1c-ac93-30ac2110e475,012
e7b5d032-c587-4a1c-ac93-30ac2110e475,013
e7b5d032-c587-4a1c-ac93-30ac2110e475,015
e7b5d032-c587-4a1c-ac93-30ac2110e475,alaska
e7b5d032-c587-4a1c-ac93-30ac2110e475,arizona
e7b5d032-c587-4a1c-ac93-30ac2110e475,authorizations
e7b5d032-c587-4a1c-ac93-30ac2110e475,biota
e7b5d032-c587-4a1c-ac93-30ac2110e475,blm
e7b5d032-c587-4a1c-ac93-30ac2110e475,boundaries
e7b5d032-c587-4a1c-ac93-30ac2110e475,bureau-of-land-management
e7b5d032-c587-4a1c-ac93-30ac2110e475,california
e7b5d032-c587-4a1c-ac93-30ac2110e475,colorado
e7b5d032-c587-4a1c-ac93-30ac2110e475,endangered
e7b5d032-c587-4a1c-ac93-30ac2110e475,environment
e7b5d032-c587-4a1c-ac93-30ac2110e475,forest
e7b5d032-c587-4a1c-ac93-30ac2110e475,geology
e7b5d032-c587-4a1c-ac93-30ac2110e475,geospatial
e7b5d032-c587-4a1c-ac93-30ac2110e475,idaho
e7b5d032-c587-4a1c-ac93-30ac2110e475,jurisdiction
e7b5d032-c587-4a1c-ac93-30ac2110e475,location
e7b5d032-c587-4a1c-ac93-30ac2110e475,management
e7b5d032-c587-4a1c-ac93-30ac2110e475,montana
e7b5d032-c587-4a1c-ac93-30ac2110e475,nevada
e7b5d032-c587-4a1c-ac93-30ac2110e475,new-mexico
e7b5d032-c587-4a1c-ac93-30ac2110e475,oregon
e7b5d032-c587-4a1c-ac93-30ac2110e475,paleontology
e7b5d032-c587-4a1c-ac93-30ac2110e475,planningcadastre
e7b5d032-c587-4a1c-ac93-30ac2110e475,public-lands
e7b5d032-c587-4a1c-ac93-30ac2110e475,recreation
e7b5d032-c587-4a1c-ac93-30ac2110e475,transportation
e7b5d032-c587-4a1c-ac93-30ac2110e475,united-states
e7b5d032-c587-4a1c-ac93-30ac2110e475,utah
e7b5d032-c587-4a1c-ac93-30ac2110e475,utilitiescommunication
e7b5d032-c587-4a1c-ac93-30ac2110e475,vegetation
e7b5d032-c587-4a1c-ac93-30ac2110e475,western-states
e7b5d032-c587-4a1c-ac93-30ac2110e475,wilderness
e7b5d032-c587-4a1c-ac93-30ac2110e475,wildlife
e7b5d032-c587-4a1c-ac93-30ac2110e475,wyoming
278656e0-7aa7-443f-a809-7a4c2dc687f6,citation
278656e0-7aa7-443f-a809-7a4c2dc687f6,ddot
278656e0-7aa7-443f-a809-7a4c2dc687f6,district-of-columbia
278656e0-7aa7-443f-a809-7a4c2dc687f6,dmv
278656e0-7aa7-443f-a809-7a4c2dc687f6,dpw
278656e0-7aa7-443f-a809-7a4c2dc687f6,enforcement
278656e0-7aa7-443f-a809-7a4c2dc687f6,moving-violations
278656e0-7aa7-443f-a809-7a4c2dc687f6,mpd
278656e0-7aa7-443f-a809-7a4c2dc687f6,vision-zero
278656e0-7aa7-443f-a809-7a4c2dc687f6,washington-dc
ed1adb7c-eff3-48e8-864a-9b76089ba56a,citation
ed1adb7c-eff3-48e8-864a-9b76089ba56a,ddot
ed1adb7c-eff3-48e8-864a-9b76089ba56a,district-of-columbia
ed1adb7c-eff3-48e8-864a-9b76089ba56a,dmv
ed1adb7c-eff3-48e8-864a-9b76089ba56a,dpw
ed1adb7c-eff3-48e8-864a-9b76089ba56a,enforcement
ed1adb7c-eff3-48e8-864a-9b76089ba56a,moving-violations
ed1adb7c-eff3-48e8-864a-9b76089ba56a,mpd
ed1adb7c-eff3-48e8-864a-9b76089ba56a,vision-zero
ed1adb7c-eff3-48e8-864a-9b76089ba56a,washington-dc
f1fed9fd-55a9-41a4-9263-f591714de11e,citation
f1fed9fd-55a9-41a4-9263-f591714de11e,dc
f1fed9fd-55a9-41a4-9263-f591714de11e,ddot
f1fed9fd-55a9-41a4-9263-f591714de11e,district-of-columbia
f1fed9fd-55a9-41a4-9263-f591714de11e,dmv
f1fed9fd-55a9-41a4-9263-f591714de11e,dpw
f1fed9fd-55a9-41a4-9263-f591714de11e,enforcement
f1fed9fd-55a9-41a4-9263-f591714de11e,mpd
f1fed9fd-55a9-41a4-9263-f591714de11e,parking
f1fed9fd-55a9-41a4-9263-f591714de11e,parking-enforcement
f1fed9fd-55a9-41a4-9263-f591714de11e,parking-violation
f1fed9fd-55a9-41a4-9263-f591714de11e,police
f1fed9fd-55a9-41a4-9263-f591714de11e,transportation
f1fed9fd-55a9-41a4-9263-f591714de11e,vision-zero
f1fed9fd-55a9-41a4-9263-f591714de11e,vz
f1fed9fd-55a9-41a4-9263-f591714de11e,washington-dc
dd2a249b-7dd2-469d-97b6-75e20a605dff,citation
dd2a249b-7dd2-469d-97b6-75e20a605dff,dc
dd2a249b-7dd2-469d-97b6-75e20a605dff,ddot
dd2a249b-7dd2-469d-97b6-75e20a605dff,district-of-columbia
dd2a249b-7dd2-469d-97b6-75e20a605dff,dmv
dd2a249b-7dd2-469d-97b6-75e20a605dff,dpw
dd2a249b-7dd2-469d-97b6-75e20a605dff,enforcement
dd2a249b-7dd2-469d-97b6-75e20a605dff,mpd
dd2a249b-7dd2-469d-97b6-75e20a605dff,parking
dd2a249b-7dd2-469d-97b6-75e20a605dff,parking-enforcement
dd2a249b-7dd2-469d-97b6-75e20a605dff,parking-violation
dd2a249b-7dd2-469d-97b6-75e20a605dff,police
dd2a249b-7dd2-469d-97b6-75e20a605dff,transportation
dd2a249b-7dd2-469d-97b6-75e20a605dff,vision-zero
dd2a249b-7dd2-469d-97b6-75e20a605dff,vz
dd2a249b-7dd2-469d-97b6-75e20a605dff,washington-dc
ef1ddf00-80f5-4ff5-ba92-17424905f62e,app
ef1ddf00-80f5-4ff5-ba92-17424905f62e,application
ef1ddf00-80f5-4ff5-ba92-17424905f62e,ecological-framework-water-hydrology-surface-water-dynamics
ef1ddf00-80f5-4ff5-ba92-17424905f62e,filemaker
ef1ddf00-80f5-4ff5-ba92-17424905f62e,filemakerpro
ef1ddf00-80f5-4ff5-ba92-17424905f62e,ios
ef1ddf00-80f5-4ff5-ba92-17424905f62e,wetland
ef1ddf00-80f5-4ff5-ba92-17424905f62e,wetland-delineation-field-data-collection-application
ef1ddf00-80f5-4ff5-ba92-17424905f62e,wetland-determination-data-form
e4106af9-2c83-41a3-a53d-30e592ca4fd9,concentration-response
e4106af9-2c83-41a3-a53d-30e592ca4fd9,laurentian-great-lakes
e4106af9-2c83-41a3-a53d-30e592ca4fd9,points-of-departure
e4106af9-2c83-41a3-a53d-30e592ca4fd9,transcriptomics
5af98912-a085-4381-a6d6-95791c638ecf,alaska-rail
5af98912-a085-4381-a6d6-95791c638ecf,commuter-rail
5af98912-a085-4381-a6d6-95791c638ecf,safety
5af98912-a085-4381-a6d6-95791c638ecf,security
5af98912-a085-4381-a6d6-95791c638ecf,security-events
5af98912-a085-4381-a6d6-95791c638ecf,transit
db7b3dbf-4a54-44aa-99f6-1a4e9102c073,collision
db7b3dbf-4a54-44aa-99f6-1a4e9102c073,derailment
db7b3dbf-4a54-44aa-99f6-1a4e9102c073,rail-accident
db7b3dbf-4a54-44aa-99f6-1a4e9102c073,train
db7b3dbf-4a54-44aa-99f6-1a4e9102c073,train-accident
bff4fef5-156c-4e47-9f48-da3549a8f9ef,ai-ml
bff4fef5-156c-4e47-9f48-da3549a8f9ef,alternative-fuels-and-feedstock-office
bff4fef5-156c-4e47-9f48-da3549a8f9ef,aries
bff4fef5-156c-4e47-9f48-da3549a8f9ef,ecass
bff4fef5-156c-4e47-9f48-da3549a8f9ef,electrolysis
bff4fef5-156c-4e47-9f48-da3549a8f9ef,energy-storage
bff4fef5-156c-4e47-9f48-da3549a8f9ef,forecasting
bff4fef5-156c-4e47-9f48-da3549a8f9ef,hydrogen
bff4fef5-156c-4e47-9f48-da3549a8f9ef,hydrogen-production
bff4fef5-156c-4e47-9f48-da3549a8f9ef,hypps
bff4fef5-156c-4e47-9f48-da3549a8f9ef,lstm
bff4fef5-156c-4e47-9f48-da3549a8f9ef,machine-learning
bff4fef5-156c-4e47-9f48-da3549a8f9ef,proton-exchange-membrane-electrolyzer
bff4fef5-156c-4e47-9f48-da3549a8f9ef,pt-melt
bff4fef5-156c-4e47-9f48-da3549a8f9ef,uncertainty-quantification
bff4fef5-156c-4e47-9f48-da3549a8f9ef,wind-technologies
907776f0-b63d-4ca6-bb22-6678d734ef02,biota
907776f0-b63d-4ca6-bb22-6678d734ef02,blm
907776f0-b63d-4ca6-bb22-6678d734ef02,boise-district-office
907776f0-b63d-4ca6-bb22-6678d734ef02,bruneau-field-office
907776f0-b63d-4ca6-bb22-6678d734ef02,bureau-of-land-management
907776f0-b63d-4ca6-bb22-6678d734ef02,burley-field-office
907776f0-b63d-4ca6-bb22-6678d734ef02,department-of-the-interior
907776f0-b63d-4ca6-bb22-6678d734ef02,doi
907776f0-b63d-4ca6-bb22-6678d734ef02,facility
907776f0-b63d-4ca6-bb22-6678d734ef02,farming
907776f0-b63d-4ca6-bb22-6678d734ef02,four-rivers-field-office
907776f0-b63d-4ca6-bb22-6678d734ef02,id
907776f0-b63d-4ca6-bb22-6678d734ef02,idaho
907776f0-b63d-4ca6-bb22-6678d734ef02,inlandwaters
907776f0-b63d-4ca6-bb22-6678d734ef02,jarbidge-field-office
907776f0-b63d-4ca6-bb22-6678d734ef02,management
907776f0-b63d-4ca6-bb22-6678d734ef02,nevada
907776f0-b63d-4ca6-bb22-6678d734ef02,nv
907776f0-b63d-4ca6-bb22-6678d734ef02,owyhee-field-office
907776f0-b63d-4ca6-bb22-6678d734ef02,pocatello-field-office
907776f0-b63d-4ca6-bb22-6678d734ef02,range
907776f0-b63d-4ca6-bb22-6678d734ef02,range-improvement
907776f0-b63d-4ca6-bb22-6678d734ef02,range-improvement-project-system
907776f0-b63d-4ca6-bb22-6678d734ef02,rips
907776f0-b63d-4ca6-bb22-6678d734ef02,salmon-field-office
907776f0-b63d-4ca6-bb22-6678d734ef02,shoshone-field-office
907776f0-b63d-4ca6-bb22-6678d734ef02,structure
907776f0-b63d-4ca6-bb22-6678d734ef02,twin-falls-district-office
907776f0-b63d-4ca6-bb22-6678d734ef02,united-states
907776f0-b63d-4ca6-bb22-6678d734ef02,us
907776f0-b63d-4ca6-bb22-6678d734ef02,vegetation
907776f0-b63d-4ca6-bb22-6678d734ef02,wildlife
70eab44a-7094-4914-b185-44bcd5fd21bc,biota
70eab44a-7094-4914-b185-44bcd5fd21bc,blm
70eab44a-7094-4914-b185-44bcd5fd21bc,boise-district-office
70eab44a-7094-4914-b185-44bcd5fd21bc,bruneau-field-office
70eab44a-7094-4914-b185-44bcd5fd21bc,bureau-of-land-management
70eab44a-7094-4914-b185-44bcd5fd21bc,burley-field-office
70eab44a-7094-4914-b185-44bcd5fd21bc,challis-field-office
70eab44a-7094-4914-b185-44bcd5fd21bc,department-of-the-interior
70eab44a-7094-4914-b185-44bcd5fd21bc,doi
70eab44a-7094-4914-b185-44bcd5fd21bc,farming
70eab44a-7094-4914-b185-44bcd5fd21bc,four-rivers-field-office
70eab44a-7094-4914-b185-44bcd5fd21bc,id
70eab44a-7094-4914-b185-44bcd5fd21bc,idaho
70eab44a-7094-4914-b185-44bcd5fd21bc,idaho-falls-district-office
70eab44a-7094-4914-b185-44bcd5fd21bc,inlandwaters
70eab44a-7094-4914-b185-44bcd5fd21bc,jarbidge-field-office
70eab44a-7094-4914-b185-44bcd5fd21bc,management
70eab44a-7094-4914-b185-44bcd5fd21bc,nevada
70eab44a-7094-4914-b185-44bcd5fd21bc,nv
70eab44a-7094-4914-b185-44bcd5fd21bc,owyhee-field-office
70eab44a-7094-4914-b185-44bcd5fd21bc,pocatello-field-office
70eab44a-7094-4914-b185-44bcd5fd21bc,range
70eab44a-7094-4914-b185-44bcd5fd21bc,range-improvement
70eab44a-7094-4914-b185-44bcd5fd21bc,range-improvement-project-system
70eab44a-7094-4914-b185-44bcd5fd21bc,rips
70eab44a-7094-4914-b185-44bcd5fd21bc,salmon-field-office
70eab44a-7094-4914-b185-44bcd5fd21bc,shoshone-field-office
70eab44a-7094-4914-b185-44bcd5fd21bc,structure
70eab44a-7094-4914-b185-44bcd5fd21bc,twin-falls-district-office
70eab44a-7094-4914-b185-44bcd5fd21bc,united-states
70eab44a-7094-4914-b185-44bcd5fd21bc,upper-snake-field-office
70eab44a-7094-4914-b185-44bcd5fd21bc,us
70eab44a-7094-4914-b185-44bcd5fd21bc,ut
70eab44a-7094-4914-b185-44bcd5fd21bc,utah
70eab44a-7094-4914-b185-44bcd5fd21bc,vegetation
70eab44a-7094-4914-b185-44bcd5fd21bc,wildlife
4e287018-b87b-473a-8817-5a4dbaee19b3,biota
4e287018-b87b-473a-8817-5a4dbaee19b3,blm
4e287018-b87b-473a-8817-5a4dbaee19b3,boise-district-office
4e287018-b87b-473a-8817-5a4dbaee19b3,bruneau-field-office
4e287018-b87b-473a-8817-5a4dbaee19b3,bureau-of-land-management
4e287018-b87b-473a-8817-5a4dbaee19b3,burley-field-office
4e287018-b87b-473a-8817-5a4dbaee19b3,challis-field-office
4e287018-b87b-473a-8817-5a4dbaee19b3,department-of-the-interior
4e287018-b87b-473a-8817-5a4dbaee19b3,doi
4e287018-b87b-473a-8817-5a4dbaee19b3,farming
4e287018-b87b-473a-8817-5a4dbaee19b3,four-rivers-field-office
4e287018-b87b-473a-8817-5a4dbaee19b3,id
4e287018-b87b-473a-8817-5a4dbaee19b3,idaho
4e287018-b87b-473a-8817-5a4dbaee19b3,idaho-falls-district-office
4e287018-b87b-473a-8817-5a4dbaee19b3,inlandwaters
4e287018-b87b-473a-8817-5a4dbaee19b3,jarbidge-field-office
4e287018-b87b-473a-8817-5a4dbaee19b3,management
4e287018-b87b-473a-8817-5a4dbaee19b3,nevada
4e287018-b87b-473a-8817-5a4dbaee19b3,nv
4e287018-b87b-473a-8817-5a4dbaee19b3,or
4e287018-b87b-473a-8817-5a4dbaee19b3,oregon
4e287018-b87b-473a-8817-5a4dbaee19b3,owyhee-field-office
4e287018-b87b-473a-8817-5a4dbaee19b3,pocatello-field-office
4e287018-b87b-473a-8817-5a4dbaee19b3,range
4e287018-b87b-473a-8817-5a4dbaee19b3,range-improvement
4e287018-b87b-473a-8817-5a4dbaee19b3,range-improvement-project-system
4e287018-b87b-473a-8817-5a4dbaee19b3,rips
4e287018-b87b-473a-8817-5a4dbaee19b3,salmon-field-office
4e287018-b87b-473a-8817-5a4dbaee19b3,shoshone-field-office
4e287018-b87b-473a-8817-5a4dbaee19b3,structure
4e287018-b87b-473a-8817-5a4dbaee19b3,twin-falls-district-office
4e287018-b87b-473a-8817-5a4dbaee19b3,united-states
4e287018-b87b-473a-8817-5a4dbaee19b3,upper-snake-field-office
4e287018-b87b-473a-8817-5a4dbaee19b3,us
4e287018-b87b-473a-8817-5a4dbaee19b3,ut
4e287018-b87b-473a-8817-5a4dbaee19b3,utah
4e287018-b87b-473a-8817-5a4dbaee19b3,vegetation
4e287018-b87b-473a-8817-5a4dbaee19b3,wildlife
4e287018-b87b-473a-8817-5a4dbaee19b3,wy
4e287018-b87b-473a-8817-5a4dbaee19b3,wyoming
3c4c6df7-62e5-4f3e-8694-99a1da4d37a8,311
3c4c6df7-62e5-4f3e-8694-99a1da4d37a8,community
3c4c6df7-62e5-4f3e-8694-99a1da4d37a8,hartford-ct
3c4c6df7-62e5-4f3e-8694-99a1da4d37a8,service-request
e9c2d3a4-ed69-4262-81e1-208f3826d3d5,california-department-of-developmental-services
e9c2d3a4-ed69-4262-81e1-208f3826d3d5,dds
e9c2d3a4-ed69-4262-81e1-208f3826d3d5,regionalcenters
a69d6a43-7f1c-41c8-9207-184721789df0,california-department-of-developmental-services
a69d6a43-7f1c-41c8-9207-184721789df0,catchment-areas
a69d6a43-7f1c-41c8-9207-184721789df0,dds
a69d6a43-7f1c-41c8-9207-184721789df0,regional-centers
7c8f54fa-db6f-4d58-b43e-7051cbbd1b66,california-department-of-public-health
7c8f54fa-db6f-4d58-b43e-7051cbbd1b66,covid
7c8f54fa-db6f-4d58-b43e-7051cbbd1b66,covid-19
7c8f54fa-db6f-4d58-b43e-7051cbbd1b66,covid19
7c8f54fa-db6f-4d58-b43e-7051cbbd1b66,probable-cases
c17c1579-dba3-4ed2-b12b-2c0c559350d5,california-energy-commission
c17c1579-dba3-4ed2-b12b-2c0c559350d5,california-natural-resources-agency
c17c1579-dba3-4ed2-b12b-2c0c559350d5,caopendata
c17c1579-dba3-4ed2-b12b-2c0c559350d5,ftd
c17c1579-dba3-4ed2-b12b-2c0c559350d5,nevi
f0c40873-c917-4e68-a8cf-e1129824d302,auth_cdfw
f0c40873-c917-4e68-a8cf-e1129824d302,california-department-of-fish-and-wildlife
f0c40873-c917-4e68-a8cf-e1129824d302,california-native-plant-society
f0c40873-c917-4e68-a8cf-e1129824d302,california-natural-resources-agency
f0c40873-c917-4e68-a8cf-e1129824d302,caopendata
f0c40873-c917-4e68-a8cf-e1129824d302,castle-mountains-national-monument
f0c40873-c917-4e68-a8cf-e1129824d302,cdfw
f0c40873-c917-4e68-a8cf-e1129824d302,ds3128_20260223_wm
f0c40873-c917-4e68-a8cf-e1129824d302,manual-of-california-vegetation
f0c40873-c917-4e68-a8cf-e1129824d302,mcv
f0c40873-c917-4e68-a8cf-e1129824d302,mojave-national-preserve
f0c40873-c917-4e68-a8cf-e1129824d302,national-park-service
f0c40873-c917-4e68-a8cf-e1129824d302,natrional-vegetation-classification-standard
f0c40873-c917-4e68-a8cf-e1129824d302,nvcs
8e75dd0f-6d68-4a13-bdc6-79baba050cef,california
8e75dd0f-6d68-4a13-bdc6-79baba050cef,california-department-of-water-resources
8e75dd0f-6d68-4a13-bdc6-79baba050cef,groundwater
8e75dd0f-6d68-4a13-bdc6-79baba050cef,groundwater-trading
8e75dd0f-6d68-4a13-bdc6-79baba050cef,sustainable-groundwater-management
bbed7775-3cfa-4346-bc79-8fcd0521b1b0,auth_cdfw
bbed7775-3cfa-4346-bc79-8fcd0521b1b0,biota
bbed7775-3cfa-4346-bc79-8fcd0521b1b0,california
bbed7775-3cfa-4346-bc79-8fcd0521b1b0,california-department-of-fish-and-wildlife
bbed7775-3cfa-4346-bc79-8fcd0521b1b0,california-natural-resources-agency
bbed7775-3cfa-4346-bc79-8fcd0521b1b0,caopendata
bbed7775-3cfa-4346-bc79-8fcd0521b1b0,cdfw
bbed7775-3cfa-4346-bc79-8fcd0521b1b0,cn-black-bear
bbed7775-3cfa-4346-bc79-8fcd0521b1b0,ds2602_20250912_wm
bbed7775-3cfa-4346-bc79-8fcd0521b1b0,environment
bbed7775-3cfa-4346-bc79-8fcd0521b1b0,habitat
bbed7775-3cfa-4346-bc79-8fcd0521b1b0,mammal
bbed7775-3cfa-4346-bc79-8fcd0521b1b0,natural-resources
bbed7775-3cfa-4346-bc79-8fcd0521b1b0,sn-ursus-americanus
bbed7775-3cfa-4346-bc79-8fcd0521b1b0,species
bbed7775-3cfa-4346-bc79-8fcd0521b1b0,wildlife
4daef352-198d-480e-b70c-ac9451f7f6fb,ambulatory-surgery
4daef352-198d-480e-b70c-ac9451f7f6fb,covid-19-coronavirus
4daef352-198d-480e-b70c-ac9451f7f6fb,demographic-characteristics
4daef352-198d-480e-b70c-ac9451f7f6fb,department-of-health-care-access-and-information
4daef352-198d-480e-b70c-ac9451f7f6fb,emergency-department
4daef352-198d-480e-b70c-ac9451f7f6fb,health-conditions
4daef352-198d-480e-b70c-ac9451f7f6fb,healthcare
4daef352-198d-480e-b70c-ac9451f7f6fb,inpatient-discharges
4daef352-198d-480e-b70c-ac9451f7f6fb,trends
4daef352-198d-480e-b70c-ac9451f7f6fb,utilization
6bbea508-4f37-4487-8e77-506bafb0998a,amphibian
6bbea508-4f37-4487-8e77-506bafb0998a,auth_cdfw
6bbea508-4f37-4487-8e77-506bafb0998a,biota
6bbea508-4f37-4487-8e77-506bafb0998a,california
6bbea508-4f37-4487-8e77-506bafb0998a,california-department-of-fish-and-wildlife
6bbea508-4f37-4487-8e77-506bafb0998a,california-natural-resources-agency
6bbea508-4f37-4487-8e77-506bafb0998a,caopendata
6bbea508-4f37-4487-8e77-506bafb0998a,cdfw
6bbea508-4f37-4487-8e77-506bafb0998a,cn-southern-california-slender-salamander
6bbea508-4f37-4487-8e77-506bafb0998a,ds1980_20251117_wm
6bbea508-4f37-4487-8e77-506bafb0998a,environment
6bbea508-4f37-4487-8e77-506bafb0998a,habitat
6bbea508-4f37-4487-8e77-506bafb0998a,natural-resources
6bbea508-4f37-4487-8e77-506bafb0998a,sn-batrachoseps-major
6bbea508-4f37-4487-8e77-506bafb0998a,species
6bbea508-4f37-4487-8e77-506bafb0998a,wildlife
f63383bf-1260-443f-b8b0-42604f5ff026,amphibian
f63383bf-1260-443f-b8b0-42604f5ff026,auth_cdfw
f63383bf-1260-443f-b8b0-42604f5ff026,biota
f63383bf-1260-443f-b8b0-42604f5ff026,california
f63383bf-1260-443f-b8b0-42604f5ff026,california-department-of-fish-and-wildlife
f63383bf-1260-443f-b8b0-42604f5ff026,california-natural-resources-agency
f63383bf-1260-443f-b8b0-42604f5ff026,caopendata
f63383bf-1260-443f-b8b0-42604f5ff026,cdfw
f63383bf-1260-443f-b8b0-42604f5ff026,cn-california-newt
f63383bf-1260-443f-b8b0-42604f5ff026,ds1974_20251117_wm
f63383bf-1260-443f-b8b0-42604f5ff026,environment
f63383bf-1260-443f-b8b0-42604f5ff026,habitat
f63383bf-1260-443f-b8b0-42604f5ff026,natural-resources
f63383bf-1260-443f-b8b0-42604f5ff026,sn-taricha-torosa
f63383bf-1260-443f-b8b0-42604f5ff026,species
f63383bf-1260-443f-b8b0-42604f5ff026,wildlife
03d34ab6-d87f-4101-9ff9-5f22308b49f1,amphibian
03d34ab6-d87f-4101-9ff9-5f22308b49f1,aneides-niger
03d34ab6-d87f-4101-9ff9-5f22308b49f1,auth_cdfw
03d34ab6-d87f-4101-9ff9-5f22308b49f1,california-department-of-fish-and-wildlife
03d34ab6-d87f-4101-9ff9-5f22308b49f1,california-natural-resources-agency
03d34ab6-d87f-4101-9ff9-5f22308b49f1,caopendata
03d34ab6-d87f-4101-9ff9-5f22308b49f1,cdfw
03d34ab6-d87f-4101-9ff9-5f22308b49f1,ds1355_20260305_wm
03d34ab6-d87f-4101-9ff9-5f22308b49f1,habitat
03d34ab6-d87f-4101-9ff9-5f22308b49f1,natural-resources
03d34ab6-d87f-4101-9ff9-5f22308b49f1,santa-cruz-black-salamander
03d34ab6-d87f-4101-9ff9-5f22308b49f1,species
03d34ab6-d87f-4101-9ff9-5f22308b49f1,wildlife
e71800b0-e247-4525-95f2-6d129d1c2bb6,amphibian
e71800b0-e247-4525-95f2-6d129d1c2bb6,auth_cdfw
e71800b0-e247-4525-95f2-6d129d1c2bb6,biota
e71800b0-e247-4525-95f2-6d129d1c2bb6,california
e71800b0-e247-4525-95f2-6d129d1c2bb6,california-department-of-fish-and-wildlife
e71800b0-e247-4525-95f2-6d129d1c2bb6,california-natural-resources-agency
e71800b0-e247-4525-95f2-6d129d1c2bb6,caopendata
e71800b0-e247-4525-95f2-6d129d1c2bb6,cdfw
e71800b0-e247-4525-95f2-6d129d1c2bb6,ds1979_20251117_wm
e71800b0-e247-4525-95f2-6d129d1c2bb6,ensatina
e71800b0-e247-4525-95f2-6d129d1c2bb6,ensatina-eschscholtzii
e71800b0-e247-4525-95f2-6d129d1c2bb6,environment
e71800b0-e247-4525-95f2-6d129d1c2bb6,habitat
e71800b0-e247-4525-95f2-6d129d1c2bb6,natural-resources
e71800b0-e247-4525-95f2-6d129d1c2bb6,species
e71800b0-e247-4525-95f2-6d129d1c2bb6,wildlife
ba52efc9-842c-40f4-a3a8-8efd16390313,amphibian
ba52efc9-842c-40f4-a3a8-8efd16390313,auth_cdfw
ba52efc9-842c-40f4-a3a8-8efd16390313,biota
ba52efc9-842c-40f4-a3a8-8efd16390313,california
ba52efc9-842c-40f4-a3a8-8efd16390313,california-department-of-fish-and-wildlife
ba52efc9-842c-40f4-a3a8-8efd16390313,california-natural-resources-agency
ba52efc9-842c-40f4-a3a8-8efd16390313,caopendata
ba52efc9-842c-40f4-a3a8-8efd16390313,cdfw
ba52efc9-842c-40f4-a3a8-8efd16390313,ds2010_20251117_wm
ba52efc9-842c-40f4-a3a8-8efd16390313,environment
ba52efc9-842c-40f4-a3a8-8efd16390313,habitat
ba52efc9-842c-40f4-a3a8-8efd16390313,natural-resources
ba52efc9-842c-40f4-a3a8-8efd16390313,rana-muscosa
ba52efc9-842c-40f4-a3a8-8efd16390313,southern-mountain-yellow-legged-frog
ba52efc9-842c-40f4-a3a8-8efd16390313,species
ba52efc9-842c-40f4-a3a8-8efd16390313,wildlife
6b3a479b-49c4-41bf-8d97-6b0c87fdbc12,amphibian
6b3a479b-49c4-41bf-8d97-6b0c87fdbc12,ascaphus-truei
6b3a479b-49c4-41bf-8d97-6b0c87fdbc12,auth_cdfw
6b3a479b-49c4-41bf-8d97-6b0c87fdbc12,biota
6b3a479b-49c4-41bf-8d97-6b0c87fdbc12,california
6b3a479b-49c4-41bf-8d97-6b0c87fdbc12,california-department-of-fish-and-wildlife
6b3a479b-49c4-41bf-8d97-6b0c87fdbc12,california-natural-resources-agency
6b3a479b-49c4-41bf-8d97-6b0c87fdbc12,caopendata
6b3a479b-49c4-41bf-8d97-6b0c87fdbc12,cdfw
6b3a479b-49c4-41bf-8d97-6b0c87fdbc12,ds1992_20251117_wm
6b3a479b-49c4-41bf-8d97-6b0c87fdbc12,environment
6b3a479b-49c4-41bf-8d97-6b0c87fdbc12,habitat
6b3a479b-49c4-41bf-8d97-6b0c87fdbc12,natural-resources
6b3a479b-49c4-41bf-8d97-6b0c87fdbc12,pacific-tailed-frog
6b3a479b-49c4-41bf-8d97-6b0c87fdbc12,species
6b3a479b-49c4-41bf-8d97-6b0c87fdbc12,wildlife
2bc138d9-b418-44d1-8f30-343bd259e63a,california-franchise-tax-board
2bc138d9-b418-44d1-8f30-343bd259e63a,eitc
2bc138d9-b418-44d1-8f30-343bd259e63a,ftb
2bc138d9-b418-44d1-8f30-343bd259e63a,fytc
2bc138d9-b418-44d1-8f30-343bd259e63a,monthly
2bc138d9-b418-44d1-8f30-343bd259e63a,report
2bc138d9-b418-44d1-8f30-343bd259e63a,yctc
efe63856-0f25-4471-bf52-67390699da59,california-franchise-tax-board
efe63856-0f25-4471-bf52-67390699da59,eitc
efe63856-0f25-4471-bf52-67390699da59,ftb
efe63856-0f25-4471-bf52-67390699da59,fytc
efe63856-0f25-4471-bf52-67390699da59,monthly
efe63856-0f25-4471-bf52-67390699da59,report
efe63856-0f25-4471-bf52-67390699da59,yctc
6de8b3be-4e6d-423e-81d5-cde1d4b6c5f1,california-franchise-tax-board
6de8b3be-4e6d-423e-81d5-cde1d4b6c5f1,comparison
6de8b3be-4e6d-423e-81d5-cde1d4b6c5f1,eitc
6de8b3be-4e6d-423e-81d5-cde1d4b6c5f1,ftb
6de8b3be-4e6d-423e-81d5-cde1d4b6c5f1,fytc
6de8b3be-4e6d-423e-81d5-cde1d4b6c5f1,monthly
6de8b3be-4e6d-423e-81d5-cde1d4b6c5f1,yctc
e1ecb4fa-95ec-4401-abf8-3db405a0cf6b,california-franchise-tax-board
e1ecb4fa-95ec-4401-abf8-3db405a0cf6b,eitc
e1ecb4fa-95ec-4401-abf8-3db405a0cf6b,ftb
e1ecb4fa-95ec-4401-abf8-3db405a0cf6b,fytc
e1ecb4fa-95ec-4401-abf8-3db405a0cf6b,yctc
6425502d-9983-4cb2-a637-45d200e7f028,auth_cdfw
6425502d-9983-4cb2-a637-45d200e7f028,b043a
6425502d-9983-4cb2-a637-45d200e7f028,biota
6425502d-9983-4cb2-a637-45d200e7f028,birds
6425502d-9983-4cb2-a637-45d200e7f028,california
6425502d-9983-4cb2-a637-45d200e7f028,california-brown-pelican
6425502d-9983-4cb2-a637-45d200e7f028,california-department-of-fish-and-wildlife
6425502d-9983-4cb2-a637-45d200e7f028,california-natural-resources-agency
6425502d-9983-4cb2-a637-45d200e7f028,caopendata
6425502d-9983-4cb2-a637-45d200e7f028,cdfw
6425502d-9983-4cb2-a637-45d200e7f028,ds3282_20260311_wm
6425502d-9983-4cb2-a637-45d200e7f028,environment
6425502d-9983-4cb2-a637-45d200e7f028,habitat
6425502d-9983-4cb2-a637-45d200e7f028,natural-resources
6425502d-9983-4cb2-a637-45d200e7f028,pelecanus-occidentalis-californicus
6425502d-9983-4cb2-a637-45d200e7f028,species
6425502d-9983-4cb2-a637-45d200e7f028,wildlife
6adfd26a-fd00-4d6e-9d32-b6c9cbdc0d79,a019
6adfd26a-fd00-4d6e-9d32-b6c9cbdc0d79,auth_cdfw
6adfd26a-fd00-4d6e-9d32-b6c9cbdc0d79,batrachoseps-campi
6adfd26a-fd00-4d6e-9d32-b6c9cbdc0d79,california-department-of-fish-and-wildlife
6adfd26a-fd00-4d6e-9d32-b6c9cbdc0d79,california-natural-resources-agency
6adfd26a-fd00-4d6e-9d32-b6c9cbdc0d79,caopendata
6adfd26a-fd00-4d6e-9d32-b6c9cbdc0d79,cdfw
6adfd26a-fd00-4d6e-9d32-b6c9cbdc0d79,cwhr
6adfd26a-fd00-4d6e-9d32-b6c9cbdc0d79,cwhr-predicted-habitat-map
6adfd26a-fd00-4d6e-9d32-b6c9cbdc0d79,ds3281_20251117_wm
6adfd26a-fd00-4d6e-9d32-b6c9cbdc0d79,inyo-mountains-salamander
6adfd26a-fd00-4d6e-9d32-b6c9cbdc0d79,radmap
611a9eb4-50a1-49a6-96a2-a0d6c29575e8,auth_cdfw
611a9eb4-50a1-49a6-96a2-a0d6c29575e8,biota
611a9eb4-50a1-49a6-96a2-a0d6c29575e8,bird
611a9eb4-50a1-49a6-96a2-a0d6c29575e8,california
611a9eb4-50a1-49a6-96a2-a0d6c29575e8,california-department-of-fish-and-wildlife
611a9eb4-50a1-49a6-96a2-a0d6c29575e8,california-natural-resources-agency
611a9eb4-50a1-49a6-96a2-a0d6c29575e8,caopendata
611a9eb4-50a1-49a6-96a2-a0d6c29575e8,cdfw
611a9eb4-50a1-49a6-96a2-a0d6c29575e8,ds2038_20251117_wm
611a9eb4-50a1-49a6-96a2-a0d6c29575e8,environment
611a9eb4-50a1-49a6-96a2-a0d6c29575e8,habitat
611a9eb4-50a1-49a6-96a2-a0d6c29575e8,natural-resources
611a9eb4-50a1-49a6-96a2-a0d6c29575e8,pelagic-cormorant
611a9eb4-50a1-49a6-96a2-a0d6c29575e8,species
611a9eb4-50a1-49a6-96a2-a0d6c29575e8,urile-pelagicus
611a9eb4-50a1-49a6-96a2-a0d6c29575e8,wildlife
00a92ee0-bb30-4b76-890d-b9fb2e953030,auth_cdfw
00a92ee0-bb30-4b76-890d-b9fb2e953030,b046
00a92ee0-bb30-4b76-890d-b9fb2e953030,biota
00a92ee0-bb30-4b76-890d-b9fb2e953030,bird
00a92ee0-bb30-4b76-890d-b9fb2e953030,brandts-cormorant
00a92ee0-bb30-4b76-890d-b9fb2e953030,california
00a92ee0-bb30-4b76-890d-b9fb2e953030,california-department-of-fish-and-wildlife
00a92ee0-bb30-4b76-890d-b9fb2e953030,california-natural-resources-agency
00a92ee0-bb30-4b76-890d-b9fb2e953030,caopendata
00a92ee0-bb30-4b76-890d-b9fb2e953030,cdfw
00a92ee0-bb30-4b76-890d-b9fb2e953030,ds2037_20251117_wm
00a92ee0-bb30-4b76-890d-b9fb2e953030,environment
00a92ee0-bb30-4b76-890d-b9fb2e953030,habitat
00a92ee0-bb30-4b76-890d-b9fb2e953030,natural-resources
00a92ee0-bb30-4b76-890d-b9fb2e953030,species
00a92ee0-bb30-4b76-890d-b9fb2e953030,urile-penicillatus
00a92ee0-bb30-4b76-890d-b9fb2e953030,wildlife
ba9b9285-2c4d-44f9-886f-87b3cf7da9f6,auth_cdfw
ba9b9285-2c4d-44f9-886f-87b3cf7da9f6,biota
ba9b9285-2c4d-44f9-886f-87b3cf7da9f6,bird
ba9b9285-2c4d-44f9-886f-87b3cf7da9f6,california
ba9b9285-2c4d-44f9-886f-87b3cf7da9f6,california-department-of-fish-and-wildlife
ba9b9285-2c4d-44f9-886f-87b3cf7da9f6,california-natural-resources-agency
ba9b9285-2c4d-44f9-886f-87b3cf7da9f6,caopendata
ba9b9285-2c4d-44f9-886f-87b3cf7da9f6,cdfw
ba9b9285-2c4d-44f9-886f-87b3cf7da9f6,circus-hudsonius
ba9b9285-2c4d-44f9-886f-87b3cf7da9f6,ds2087_20251117_wm
ba9b9285-2c4d-44f9-886f-87b3cf7da9f6,environment
ba9b9285-2c4d-44f9-886f-87b3cf7da9f6,habitat
ba9b9285-2c4d-44f9-886f-87b3cf7da9f6,natural-resources
ba9b9285-2c4d-44f9-886f-87b3cf7da9f6,northern-harrier
ba9b9285-2c4d-44f9-886f-87b3cf7da9f6,species
ba9b9285-2c4d-44f9-886f-87b3cf7da9f6,wildlife
76ccccec-c80a-4988-9cd3-1fbaf7df01d5,caries
76ccccec-c80a-4988-9cd3-1fbaf7df01d5,cavities
76ccccec-c80a-4988-9cd3-1fbaf7df01d5,dental
76ccccec-c80a-4988-9cd3-1fbaf7df01d5,dentist
76ccccec-c80a-4988-9cd3-1fbaf7df01d5,department-of-health-access-and-information
76ccccec-c80a-4988-9cd3-1fbaf7df01d5,department-of-health-care-access-and-information
76ccccec-c80a-4988-9cd3-1fbaf7df01d5,emergency-department
76ccccec-c80a-4988-9cd3-1fbaf7df01d5,hcai
76ccccec-c80a-4988-9cd3-1fbaf7df01d5,healthcare-information
76ccccec-c80a-4988-9cd3-1fbaf7df01d5,non-traumatic
76ccccec-c80a-4988-9cd3-1fbaf7df01d5,oral-health
76ccccec-c80a-4988-9cd3-1fbaf7df01d5,orthodontic-assistant
76ccccec-c80a-4988-9cd3-1fbaf7df01d5,outpatient
76ccccec-c80a-4988-9cd3-1fbaf7df01d5,payer
76ccccec-c80a-4988-9cd3-1fbaf7df01d5,prevention
76ccccec-c80a-4988-9cd3-1fbaf7df01d5,primary-care
76ccccec-c80a-4988-9cd3-1fbaf7df01d5,rdc
76ccccec-c80a-4988-9cd3-1fbaf7df01d5,registered-dental-assistant
76ccccec-c80a-4988-9cd3-1fbaf7df01d5,registered-dental-hygienist
76ccccec-c80a-4988-9cd3-1fbaf7df01d5,research-data-center
76ccccec-c80a-4988-9cd3-1fbaf7df01d5,specialist
76ccccec-c80a-4988-9cd3-1fbaf7df01d5,tooth-loss
6c82b998-591c-49fe-b076-ba0a1024db1f,american-peregrine-falcon
6c82b998-591c-49fe-b076-ba0a1024db1f,auth_cdfw
6c82b998-591c-49fe-b076-ba0a1024db1f,biota
6c82b998-591c-49fe-b076-ba0a1024db1f,birds
6c82b998-591c-49fe-b076-ba0a1024db1f,california
6c82b998-591c-49fe-b076-ba0a1024db1f,california-department-of-fish-and-wildlife
6c82b998-591c-49fe-b076-ba0a1024db1f,california-natural-resources-agency
6c82b998-591c-49fe-b076-ba0a1024db1f,caopendata
6c82b998-591c-49fe-b076-ba0a1024db1f,cdfw
6c82b998-591c-49fe-b076-ba0a1024db1f,ds3283_20260317_wm
6c82b998-591c-49fe-b076-ba0a1024db1f,environment
6c82b998-591c-49fe-b076-ba0a1024db1f,falco-peregrinus-anatum
6c82b998-591c-49fe-b076-ba0a1024db1f,habitat
6c82b998-591c-49fe-b076-ba0a1024db1f,natural-resources
6c82b998-591c-49fe-b076-ba0a1024db1f,species
6c82b998-591c-49fe-b076-ba0a1024db1f,wildlife
de9a9839-26fd-4e02-be98-1cc571f99a95,auth_cdfw
de9a9839-26fd-4e02-be98-1cc571f99a95,biota
de9a9839-26fd-4e02-be98-1cc571f99a95,bird
de9a9839-26fd-4e02-be98-1cc571f99a95,california
de9a9839-26fd-4e02-be98-1cc571f99a95,california-department-of-fish-and-wildlife
de9a9839-26fd-4e02-be98-1cc571f99a95,california-natural-resources-agency
de9a9839-26fd-4e02-be98-1cc571f99a95,caopendata
de9a9839-26fd-4e02-be98-1cc571f99a95,cdfw
de9a9839-26fd-4e02-be98-1cc571f99a95,ds2099_20251117_wm
de9a9839-26fd-4e02-be98-1cc571f99a95,environment
de9a9839-26fd-4e02-be98-1cc571f99a95,falco-peregrinus
de9a9839-26fd-4e02-be98-1cc571f99a95,habitat
de9a9839-26fd-4e02-be98-1cc571f99a95,natural-resources
de9a9839-26fd-4e02-be98-1cc571f99a95,peregrine-falcon
de9a9839-26fd-4e02-be98-1cc571f99a95,species
de9a9839-26fd-4e02-be98-1cc571f99a95,wildlife
501258db-59c5-4b3d-be98-a14080d254cc,american-peregrine-falcon
501258db-59c5-4b3d-be98-a14080d254cc,auth_cdfw
501258db-59c5-4b3d-be98-a14080d254cc,california-department-of-fish-and-wildlife
501258db-59c5-4b3d-be98-a14080d254cc,california-natural-resources-agency
501258db-59c5-4b3d-be98-a14080d254cc,caopendata
501258db-59c5-4b3d-be98-a14080d254cc,cdfw
501258db-59c5-4b3d-be98-a14080d254cc,cwhr
501258db-59c5-4b3d-be98-a14080d254cc,cwhr-predicted-habitat-map
501258db-59c5-4b3d-be98-a14080d254cc,ds3284_20251117_wm
501258db-59c5-4b3d-be98-a14080d254cc,falco-peregrinus-anatum
501258db-59c5-4b3d-be98-a14080d254cc,radmap
7503ed23-4f08-4dc6-bf86-dae06789e9b9,california-franchise-tax-board
7503ed23-4f08-4dc6-bf86-dae06789e9b9,eitc
7503ed23-4f08-4dc6-bf86-dae06789e9b9,ftb
7503ed23-4f08-4dc6-bf86-dae06789e9b9,fytc
7503ed23-4f08-4dc6-bf86-dae06789e9b9,report
7503ed23-4f08-4dc6-bf86-dae06789e9b9,yctc
9e290e50-c015-4f6a-ab29-365b355e5313,california-franchise-tax-board
9e290e50-c015-4f6a-ab29-365b355e5313,comparison
9e290e50-c015-4f6a-ab29-365b355e5313,eitc
9e290e50-c015-4f6a-ab29-365b355e5313,ftb
9e290e50-c015-4f6a-ab29-365b355e5313,fytc
9e290e50-c015-4f6a-ab29-365b355e5313,report
9e290e50-c015-4f6a-ab29-365b355e5313,yctc
0b26dff5-3bbc-404f-9ea7-6ec6a06cd20d,california
0b26dff5-3bbc-404f-9ea7-6ec6a06cd20d,california-department-of-water-resources
0b26dff5-3bbc-404f-9ea7-6ec6a06cd20d,irrigation
c5b94307-c4e2-46ed-bd0e-f1ffab31230f,california-department-of-health-care-access-and-information
c5b94307-c4e2-46ed-bd0e-f1ffab31230f,department-of-health-care-access-and-information
c5b94307-c4e2-46ed-bd0e-f1ffab31230f,disparities
c5b94307-c4e2-46ed-bd0e-f1ffab31230f,equity
c5b94307-c4e2-46ed-bd0e-f1ffab31230f,hcai
c5b94307-c4e2-46ed-bd0e-f1ffab31230f,healthcare
c5b94307-c4e2-46ed-bd0e-f1ffab31230f,hem
c5b94307-c4e2-46ed-bd0e-f1ffab31230f,measures
a8f2fede-1a57-41e4-92e0-9f2b16ba1f16,api
a8f2fede-1a57-41e4-92e0-9f2b16ba1f16,california-office-of-environmental-health-hazard-assessment
a8f2fede-1a57-41e4-92e0-9f2b16ba1f16,climate-resilience
a8f2fede-1a57-41e4-92e0-9f2b16ba1f16,emergency-readiness
a8f2fede-1a57-41e4-92e0-9f2b16ba1f16,extreme-heat
a8f2fede-1a57-41e4-92e0-9f2b16ba1f16,heat-health-risk
a8f2fede-1a57-41e4-92e0-9f2b16ba1f16,heat-related-illness
a8f2fede-1a57-41e4-92e0-9f2b16ba1f16,heat-risk-alerts
a8f2fede-1a57-41e4-92e0-9f2b16ba1f16,public-health
a8f2fede-1a57-41e4-92e0-9f2b16ba1f16,zip-code-map
d4b797ca-a020-481d-84b3-ff21b21c884a,androgen
d4b797ca-a020-481d-84b3-ff21b21c884a,antiandrogen
d4b797ca-a020-481d-84b3-ff21b21c884a,bioassay
d4b797ca-a020-481d-84b3-ff21b21c884a,estrogen
d4b797ca-a020-481d-84b3-ff21b21c884a,pesticide
9b7db436-dd63-4d57-8c1b-f3dd8bcb3d23,algorithm-error
9b7db436-dd63-4d57-8c1b-f3dd8bcb3d23,chlorophyl-a
9b7db436-dd63-4d57-8c1b-f3dd8bcb3d23,satellite
9b7db436-dd63-4d57-8c1b-f3dd8bcb3d23,temporal-mismatch
532b2832-2c2d-46cf-a466-438d27896d7a,master
078d9f86-3260-4e8c-870a-9757525ae609,none
c4f7fce8-7dfc-4593-984f-dc248f3a5540,master
343c5b0f-824f-4420-a06f-bc2de17690dd,master
45663ef2-a867-4a1c-b068-0d9b1b5babc4,master
7f723cc9-0850-461d-9d41-5e7ac86f6e29,none
1da7d04a-b5c6-42cf-a652-efd88ebf3b70,master
6c46eef8-be18-483c-a6a8-f412d2e4cda1,master
7258ebca-abc1-4edd-a756-a7bdc03b58c3,none
b8a47f69-08e8-4c42-945f-61728ff12d78,master
c804cb6d-e3e7-47fa-abfc-d76f97b5ddc4,master
b49cca1a-99b2-4469-bc17-4fae4d25300e,master
345c814e-b954-42d7-b028-c5af73279eb6,none
11972da7-dc0b-4342-9b6b-d3a59c2151b0,none
5754057e-43c6-4605-8188-001019e50f01,none
a2b66a5b-76be-4b99-bff4-a1bcdfc32309,none
6f9cc1f7-cd31-42a4-afc3-22f0518b49cc,none
3360223f-4282-4db6-a224-469a3b5e3ada,none
85fb315a-399a-44ec-aa29-69b72cbc2c2c,none
ef091009-8a86-4ca4-82a4-6177aff05294,none
b62bab89-941c-4f89-ba42-46f3fc46dc6b,none
beafa14c-12b0-4053-bd78-31ab0358ec36,none
4939272f-2e8c-4287-821b-bda47b098b86,none
2dc362de-6985-458a-8a02-540139db6c8d,none
0c51fb1e-67cd-44f2-9bb9-a7f3c9f5e2e3,none
ba61909e-5cae-4484-a449-c82f47e18b32,none
acfa108d-51b5-499d-b5e3-8b4a4cb382ed,none
d5dfad19-e86a-4d04-96f2-08a6b45bc91b,none
234ac3cf-23c3-4ac3-baa5-ca91dda56c34,none
3769a579-2bde-46f7-a191-a765713c674e,none
a554ab8d-5d04-47da-86c1-f7f76f2c270d,none
f99090b8-66f0-4abf-8641-8fbaafa6267e,none
aeafdefa-bc90-4519-9864-ae2799a604be,none
a16a1386-8a96-4759-ac89-c4965f171fe9,none
1205e266-727b-43e6-a19c-adc146e61e8b,none
5cfa7d92-eebc-4b0c-93dc-f19b6b24daa1,none
c75ba4bc-3e74-4823-be7e-d6a027162705,none
1c8df699-9356-474b-a404-650e3cf39027,none
ac4e0fc6-fb4d-465c-835a-d1e23e2cd988,none
6417a26f-c166-417f-b22d-8b7ca37ec75b,none
2f929516-465d-455f-a7b5-43f3207614e7,none
cdffe0e8-27d6-40d7-b7ea-b933b57e46d6,none
d84a2061-c536-4087-91a8-546a0b1a7427,none
fd2aea9e-51e9-446c-8337-f931a82440f9,none
91302978-a804-4f57-8525-344ea079d562,none
b0e84797-bbdb-495a-91b4-9f8ff1712930,none
e4e110e5-53bf-42db-82b5-86c20f3fa808,none
1ab30e22-2ffe-4635-a803-ff73ced9ae74,none
1dcb8095-f6bf-4fb4-ade2-e4c0b627de5a,none
b3b2fab8-7547-492f-8682-f91a44b7cc95,master
d95880cd-73b5-43d0-aa7a-f404ff383467,none
fc244795-9e78-40a9-ba8e-22027e6439e4,none
12e84ae6-599d-4fc0-881b-aaab3ff236f4,none
3e677bbe-3b31-4175-b517-bba3241fe935,none
b8372135-acc6-4ddb-9f28-74c184acb023,none
07184212-6bbb-4a12-8cd8-6a0a8f949289,master
9d9ccfe7-7ac4-4a5b-8ede-f5195a470afc,none
d9a6751a-ce14-4c56-8258-a37e4845f7be,none
38a19e81-0008-48bd-ab2e-5208b7324769,none
2d59e1fd-c628-4017-ac07-4ca7ca05a62d,master
7965789d-74bf-4b17-920b-0ac4b5c5a986,none
cc05cbd8-144d-4450-8b19-1213ba18d486,master
4eba2532-d3d7-46ef-9d70-a1c6599a548f,none
04fcfb78-4e7e-4500-a770-b21801cc7f55,master
457c4c55-e0ec-4337-bfb7-b1d08104f901,master
407e88e8-3701-420c-8920-85dc2e598631,master
f6153999-5e42-49cd-b038-f11faf771c20,none
0050253c-a67b-4f45-ba22-46c751ee4df5,master
b02a0718-6d2c-4602-93ba-bb4334fb3984,master
6f33edad-c138-4b0f-aee5-4feaf98ec0e7,master
04b9652c-e292-4674-a82a-d3c856e91e79,master
6116b560-02a7-45dd-abf9-310f8c80c0c6,master
50ac30a3-74a7-43f7-b914-b00a4f9aa578,none
d91b4ab5-3be2-41b5-932d-bd0cf883374b,master
aecca277-116f-4aad-9ca0-9a8760f39ec6,atmospheric-chemistry
aecca277-116f-4aad-9ca0-9a8760f39ec6,column-formaldehyde
aecca277-116f-4aad-9ca0-9a8760f39ec6,geostationary-satellite
aecca277-116f-4aad-9ca0-9a8760f39ec6,pandora
55715063-d554-49d0-af09-b94e18c69603,aerosols-particulates
55715063-d554-49d0-af09-b94e18c69603,air-quality-health-impacts
55715063-d554-49d0-af09-b94e18c69603,attributable-risk
3656a331-2b2a-4942-bded-ce4e181c23dd,cmaq-modeling-system
3656a331-2b2a-4942-bded-ce4e181c23dd,cracmmv1-0
3656a331-2b2a-4942-bded-ce4e181c23dd,pm25
5f35728f-6f23-49e6-bade-a23f31e529f1,e-coli
5f35728f-6f23-49e6-bade-a23f31e529f1,great-lakes-region
5f35728f-6f23-49e6-bade-a23f31e529f1,interference
5f35728f-6f23-49e6-bade-a23f31e529f1,michigan
5f35728f-6f23-49e6-bade-a23f31e529f1,qpcr-methods-comparisons
d1d75f6f-b235-49d6-87fb-9846d7c088ff,dataset
d1d75f6f-b235-49d6-87fb-9846d7c088ff,metadata
d1d75f6f-b235-49d6-87fb-9846d7c088ff,upload
3eb1142f-83c3-46e4-b000-364098cac118,ambulance
3eb1142f-83c3-46e4-b000-364098cac118,gaso
3eb1142f-83c3-46e4-b000-364098cac118,oregon-balance-billing-protection
661c86e6-673a-4f80-97a0-8b01d90a3597,graduation
661c86e6-673a-4f80-97a0-8b01d90a3597,graduation-pathways
661c86e6-673a-4f80-97a0-8b01d90a3597,k12
661c86e6-673a-4f80-97a0-8b01d90a3597,ospi
661c86e6-673a-4f80-97a0-8b01d90a3597,pathways
50e53936-1761-487e-a5d2-89178ede78b5,accountability
50e53936-1761-487e-a5d2-89178ede78b5,education
50e53936-1761-487e-a5d2-89178ede78b5,essa
50e53936-1761-487e-a5d2-89178ede78b5,every-student-succeeds-act
50e53936-1761-487e-a5d2-89178ede78b5,k12
50e53936-1761-487e-a5d2-89178ede78b5,ospi
50e53936-1761-487e-a5d2-89178ede78b5,report-card
50e53936-1761-487e-a5d2-89178ede78b5,reportcard
50e53936-1761-487e-a5d2-89178ede78b5,washington-school-improvement-framework
50e53936-1761-487e-a5d2-89178ede78b5,wsif
5db3a89d-0891-4871-87d9-63d284809732,1003
5db3a89d-0891-4871-87d9-63d284809732,essa
f5e95318-e159-4cb5-a1e8-e2465e4b0eff,accountability
f5e95318-e159-4cb5-a1e8-e2465e4b0eff,education
f5e95318-e159-4cb5-a1e8-e2465e4b0eff,k12
f5e95318-e159-4cb5-a1e8-e2465e4b0eff,ospi
e7d0f6d0-7e8b-4253-8652-fa72cca7c9c9,doh
e7d0f6d0-7e8b-4253-8652-fa72cca7c9c9,health
e7d0f6d0-7e8b-4253-8652-fa72cca7c9c9,shellfish
fd69f69c-ad8f-45b8-b654-752a23a1c487,code-cases
be7fa50f-d84c-457a-8a00-241d3b0cf475,postal
be7fa50f-d84c-457a-8a00-241d3b0cf475,zip-codes
fe2348b5-6c04-48cb-92a9-40d139ed1b7c,31283
fe2348b5-6c04-48cb-92a9-40d139ed1b7c,31361
fe2348b5-6c04-48cb-92a9-40d139ed1b7c,assessing impacts of hawaii's 2019 coral bleaching event on coral recovery and coral communities
fe2348b5-6c04-48cb-92a9-40d139ed1b7c,benthic
fe2348b5-6c04-48cb-92a9-40d139ed1b7c,biosphere
fe2348b5-6c04-48cb-92a9-40d139ed1b7c,bleaching
fe2348b5-6c04-48cb-92a9-40d139ed1b7c,central pacific ocean
fe2348b5-6c04-48cb-92a9-40d139ed1b7c,coastal processes
fe2348b5-6c04-48cb-92a9-40d139ed1b7c,coastal waters of hawaii
fe2348b5-6c04-48cb-92a9-40d139ed1b7c,computer
fe2348b5-6c04-48cb-92a9-40d139ed1b7c,coral
fe2348b5-6c04-48cb-92a9-40d139ed1b7c,coral - colony size
fe2348b5-6c04-48cb-92a9-40d139ed1b7c,coral - species identification
fe2348b5-6c04-48cb-92a9-40d139ed1b7c,coral bleaching
fe2348b5-6c04-48cb-92a9-40d139ed1b7c,coral communities
fe2348b5-6c04-48cb-92a9-40d139ed1b7c,coral condition
fe2348b5-6c04-48cb-92a9-40d139ed1b7c,coral demography
fe2348b5-6c04-48cb-92a9-40d139ed1b7c,coral diseases
fe2348b5-6c04-48cb-92a9-40d139ed1b7c,coral reef
fe2348b5-6c04-48cb-92a9-40d139ed1b7c,coral reef ecosystem division
fe2348b5-6c04-48cb-92a9-40d139ed1b7c,coral reef ecosystem program
fe2348b5-6c04-48cb-92a9-40d139ed1b7c,coral reef studies
fe2348b5-6c04-48cb-92a9-40d139ed1b7c,coral reefs
fe2348b5-6c04-48cb-92a9-40d139ed1b7c,corals
fe2348b5-6c04-48cb-92a9-40d139ed1b7c,country/territory
fe2348b5-6c04-48cb-92a9-40d139ed1b7c,cred
fe2348b5-6c04-48cb-92a9-40d139ed1b7c,crep
fe2348b5-6c04-48cb-92a9-40d139ed1b7c,dar
fe2348b5-6c04-48cb-92a9-40d139ed1b7c,department of land and natural resources
fe2348b5-6c04-48cb-92a9-40d139ed1b7c,derived products
fe2348b5-6c04-48cb-92a9-40d139ed1b7c,division of aquatic resources
fe2348b5-6c04-48cb-92a9-40d139ed1b7c,dlnr
fe2348b5-6c04-48cb-92a9-40d139ed1b7c,doc/noaa/nmfs/pifsc
fe2348b5-6c04-48cb-92a9-40d139ed1b7c,doc/noaa/nmfs/pifsc/esd
fe2348b5-6c04-48cb-92a9-40d139ed1b7c,earth science
fe2348b5-6c04-48cb-92a9-40d139ed1b7c,ecosystem sciences division
fe2348b5-6c04-48cb-92a9-40d139ed1b7c,ecosystems
fe2348b5-6c04-48cb-92a9-40d139ed1b7c,esd
fe2348b5-6c04-48cb-92a9-40d139ed1b7c,gis product
fe2348b5-6c04-48cb-92a9-40d139ed1b7c,hawai'i coral bleaching assessment and analysis
fe2348b5-6c04-48cb-92a9-40d139ed1b7c,hawaii
fe2348b5-6c04-48cb-92a9-40d139ed1b7c,hawaii (21n160w0000
fe2348b5-6c04-48cb-92a9-40d139ed1b7c,hawaii (21n160w0000)
fe2348b5-6c04-48cb-92a9-40d139ed1b7c,hawaii island
fe2348b5-6c04-48cb-92a9-40d139ed1b7c,hawaii island (19n155w0003
fe2348b5-6c04-48cb-92a9-40d139ed1b7c,hawaii island (19n155w0003)
fe2348b5-6c04-48cb-92a9-40d139ed1b7c,hawaiian islands
fe2348b5-6c04-48cb-92a9-40d139ed1b7c,hawaiian islands (21n157w0027)
fe2348b5-6c04-48cb-92a9-40d139ed1b7c,honolulu
fe2348b5-6c04-48cb-92a9-40d139ed1b7c,in situ
fe2348b5-6c04-48cb-92a9-40d139ed1b7c,lanai
fe2348b5-6c04-48cb-92a9-40d139ed1b7c,lanai island
fe2348b5-6c04-48cb-92a9-40d139ed1b7c,lanai island (20n156w0002
fe2348b5-6c04-48cb-92a9-40d139ed1b7c,lanai island (20n156w0002)
fe2348b5-6c04-48cb-92a9-40d139ed1b7c,marine biology
fe2348b5-6c04-48cb-92a9-40d139ed1b7c,marine ecosystems
fe2348b5-6c04-48cb-92a9-40d139ed1b7c,maui
fe2348b5-6c04-48cb-92a9-40d139ed1b7c,maui island
fe2348b5-6c04-48cb-92a9-40d139ed1b7c,maui island (20n156w0004
fe2348b5-6c04-48cb-92a9-40d139ed1b7c,maui island (20n156w0004)
fe2348b5-6c04-48cb-92a9-40d139ed1b7c,national coral reef monitoring program
fe2348b5-6c04-48cb-92a9-40d139ed1b7c,national marine fisheries service
fe2348b5-6c04-48cb-92a9-40d139ed1b7c,nearth science
fe2348b5-6c04-48cb-92a9-40d139ed1b7c,nmfs
fe2348b5-6c04-48cb-92a9-40d139ed1b7c,noaa
fe2348b5-6c04-48cb-92a9-40d139ed1b7c,north pacific ocean
fe2348b5-6c04-48cb-92a9-40d139ed1b7c,numeric data sets
fe2348b5-6c04-48cb-92a9-40d139ed1b7c,oahu
fe2348b5-6c04-48cb-92a9-40d139ed1b7c,oahu (21n157w0003)
fe2348b5-6c04-48cb-92a9-40d139ed1b7c,oahu island
fe2348b5-6c04-48cb-92a9-40d139ed1b7c,ocean
fe2348b5-6c04-48cb-92a9-40d139ed1b7c,ocean acidification program
fe2348b5-6c04-48cb-92a9-40d139ed1b7c,ocean and climate change
fe2348b5-6c04-48cb-92a9-40d139ed1b7c,ocean basin
fe2348b5-6c04-48cb-92a9-40d139ed1b7c,oceans
fe2348b5-6c04-48cb-92a9-40d139ed1b7c,pacific islands fisheries science center
fe2348b5-6c04-48cb-92a9-40d139ed1b7c,pacific ocean
fe2348b5-6c04-48cb-92a9-40d139ed1b7c,photograph
fe2348b5-6c04-48cb-92a9-40d139ed1b7c,photographic analysis
fe2348b5-6c04-48cb-92a9-40d139ed1b7c,pifsc
fe2348b5-6c04-48cb-92a9-40d139ed1b7c,reef
fe2348b5-6c04-48cb-92a9-40d139ed1b7c,reef monitoring and assessment
fe2348b5-6c04-48cb-92a9-40d139ed1b7c,scale
fe2348b5-6c04-48cb-92a9-40d139ed1b7c,scleractinia (stony corals)
fe2348b5-6c04-48cb-92a9-40d139ed1b7c,sfm
fe2348b5-6c04-48cb-92a9-40d139ed1b7c,structure from motion
fe2348b5-6c04-48cb-92a9-40d139ed1b7c,survey - coral reef
fe2348b5-6c04-48cb-92a9-40d139ed1b7c,u.s. department of commerce
fe2348b5-6c04-48cb-92a9-40d139ed1b7c,united states of america
fe2348b5-6c04-48cb-92a9-40d139ed1b7c,us doc
fe2348b5-6c04-48cb-92a9-40d139ed1b7c,various small vessels
fe2348b5-6c04-48cb-92a9-40d139ed1b7c,zoology
f7702f63-d4c3-4edc-8c56-158973207bea,aquatic habitat
f7702f63-d4c3-4edc-8c56-158973207bea,bathymetry/seafloor topography
f7702f63-d4c3-4edc-8c56-158973207bea,benthic
f7702f63-d4c3-4edc-8c56-158973207bea,benthic habitat
f7702f63-d4c3-4edc-8c56-158973207bea,biosphere
f7702f63-d4c3-4edc-8c56-158973207bea,camera
f7702f63-d4c3-4edc-8c56-158973207bea,central pacific ocean
f7702f63-d4c3-4edc-8c56-158973207bea,coastal processes
f7702f63-d4c3-4edc-8c56-158973207bea,continent
f7702f63-d4c3-4edc-8c56-158973207bea,coral reef
f7702f63-d4c3-4edc-8c56-158973207bea,coral reef ecology
f7702f63-d4c3-4edc-8c56-158973207bea,coral reef ecosystem division
f7702f63-d4c3-4edc-8c56-158973207bea,coral reef ecosystem program
f7702f63-d4c3-4edc-8c56-158973207bea,coral reef studies
f7702f63-d4c3-4edc-8c56-158973207bea,coral reefs
f7702f63-d4c3-4edc-8c56-158973207bea,corals
f7702f63-d4c3-4edc-8c56-158973207bea,country/territory
f7702f63-d4c3-4edc-8c56-158973207bea,cred
f7702f63-d4c3-4edc-8c56-158973207bea,crep
f7702f63-d4c3-4edc-8c56-158973207bea,derelict fishing gear
f7702f63-d4c3-4edc-8c56-158973207bea,doc/noaa/nmfs/pifsc
f7702f63-d4c3-4edc-8c56-158973207bea,earth science
f7702f63-d4c3-4edc-8c56-158973207bea,ecosystem sciences division
f7702f63-d4c3-4edc-8c56-158973207bea,ecosystems
f7702f63-d4c3-4edc-8c56-158973207bea,esd
f7702f63-d4c3-4edc-8c56-158973207bea,fishing nets
f7702f63-d4c3-4edc-8c56-158973207bea,habitats
f7702f63-d4c3-4edc-8c56-158973207bea,hard seafloor substrate
f7702f63-d4c3-4edc-8c56-158973207bea,hawaii
f7702f63-d4c3-4edc-8c56-158973207bea,hawaiian islands
f7702f63-d4c3-4edc-8c56-158973207bea,honolulu
f7702f63-d4c3-4edc-8c56-158973207bea,images
f7702f63-d4c3-4edc-8c56-158973207bea,in situ
f7702f63-d4c3-4edc-8c56-158973207bea,m/v imua
f7702f63-d4c3-4edc-8c56-158973207bea,marine debris
f7702f63-d4c3-4edc-8c56-158973207bea,marine debris program
f7702f63-d4c3-4edc-8c56-158973207bea,marine ecosystems
f7702f63-d4c3-4edc-8c56-158973207bea,marine environment monitoring
f7702f63-d4c3-4edc-8c56-158973207bea,marine submerged debris
f7702f63-d4c3-4edc-8c56-158973207bea,national marine fisheries service
f7702f63-d4c3-4edc-8c56-158973207bea,nmfs
f7702f63-d4c3-4edc-8c56-158973207bea,noaa
f7702f63-d4c3-4edc-8c56-158973207bea,north america
f7702f63-d4c3-4edc-8c56-158973207bea,north pacific ocean
f7702f63-d4c3-4edc-8c56-158973207bea,northwestern hawaiian islands
f7702f63-d4c3-4edc-8c56-158973207bea,northwestern hawaiian islands (28n178w0000)
f7702f63-d4c3-4edc-8c56-158973207bea,nwhi
f7702f63-d4c3-4edc-8c56-158973207bea,ocean
f7702f63-d4c3-4edc-8c56-158973207bea,ocean basin
f7702f63-d4c3-4edc-8c56-158973207bea,oceans
f7702f63-d4c3-4edc-8c56-158973207bea,oscar elton sette
f7702f63-d4c3-4edc-8c56-158973207bea,pacific islands fisheries science center
f7702f63-d4c3-4edc-8c56-158973207bea,pacific ocean
f7702f63-d4c3-4edc-8c56-158973207bea,papahanaumokuakea marine national monument
f7702f63-d4c3-4edc-8c56-158973207bea,pearl and hermes
f7702f63-d4c3-4edc-8c56-158973207bea,pearl and hermes reef (27n176w0001)
f7702f63-d4c3-4edc-8c56-158973207bea,photographic analysis
f7702f63-d4c3-4edc-8c56-158973207bea,phr
f7702f63-d4c3-4edc-8c56-158973207bea,pifsc
f7702f63-d4c3-4edc-8c56-158973207bea,pmnm
f7702f63-d4c3-4edc-8c56-158973207bea,reef
f7702f63-d4c3-4edc-8c56-158973207bea,reef damage assessment
f7702f63-d4c3-4edc-8c56-158973207bea,reef habitat
f7702f63-d4c3-4edc-8c56-158973207bea,reef monitoring and assessment
f7702f63-d4c3-4edc-8c56-158973207bea,sfm
f7702f63-d4c3-4edc-8c56-158973207bea,structure from motion
f7702f63-d4c3-4edc-8c56-158973207bea,u.s. department of commerce
f7702f63-d4c3-4edc-8c56-158973207bea,united states of america
f7702f63-d4c3-4edc-8c56-158973207bea,us doc
f7702f63-d4c3-4edc-8c56-158973207bea,visual images
f7702f63-d4c3-4edc-8c56-158973207bea,zoology
0a282eaf-3d13-456d-8096-6f95f72fe53c,1221
0a282eaf-3d13-456d-8096-6f95f72fe53c,587
0a282eaf-3d13-456d-8096-6f95f72fe53c,agrihan island
0a282eaf-3d13-456d-8096-6f95f72fe53c,agrihan island (18n145e0002)
0a282eaf-3d13-456d-8096-6f95f72fe53c,aguihan
0a282eaf-3d13-456d-8096-6f95f72fe53c,aguihan island (aguijan) (14n145e0006)
0a282eaf-3d13-456d-8096-6f95f72fe53c,aguihan island reefs
0a282eaf-3d13-456d-8096-6f95f72fe53c,alamagan island
0a282eaf-3d13-456d-8096-6f95f72fe53c,alamagan island (17n145e0002)
0a282eaf-3d13-456d-8096-6f95f72fe53c,american samoa
0a282eaf-3d13-456d-8096-6f95f72fe53c,american samoa (14s170w0000)
0a282eaf-3d13-456d-8096-6f95f72fe53c,aquatic habitat
0a282eaf-3d13-456d-8096-6f95f72fe53c,asuncion island
0a282eaf-3d13-456d-8096-6f95f72fe53c,asuncion island (19n145e0001)
0a282eaf-3d13-456d-8096-6f95f72fe53c,baker island
0a282eaf-3d13-456d-8096-6f95f72fe53c,baker island (00n176w0001)
0a282eaf-3d13-456d-8096-6f95f72fe53c,biennial
0a282eaf-3d13-456d-8096-6f95f72fe53c,biosphere
0a282eaf-3d13-456d-8096-6f95f72fe53c,c204 pacific reef assessment and monitoring program (pacific ramp): biennial monitoring for the us p
0a282eaf-3d13-456d-8096-6f95f72fe53c,central pacific ocean
0a282eaf-3d13-456d-8096-6f95f72fe53c,cnmi
0a282eaf-3d13-456d-8096-6f95f72fe53c,coastal processes
0a282eaf-3d13-456d-8096-6f95f72fe53c,commonwealth of the northern mariana islands
0a282eaf-3d13-456d-8096-6f95f72fe53c,coral cover
0a282eaf-3d13-456d-8096-6f95f72fe53c,coral reef conservation program
0a282eaf-3d13-456d-8096-6f95f72fe53c,coral reef ecology
0a282eaf-3d13-456d-8096-6f95f72fe53c,coral reef ecosystem division
0a282eaf-3d13-456d-8096-6f95f72fe53c,coral reef ecosystem program
0a282eaf-3d13-456d-8096-6f95f72fe53c,coral reef studies
0a282eaf-3d13-456d-8096-6f95f72fe53c,coral reefs
0a282eaf-3d13-456d-8096-6f95f72fe53c,corals
0a282eaf-3d13-456d-8096-6f95f72fe53c,country/territory
0a282eaf-3d13-456d-8096-6f95f72fe53c,cred
0a282eaf-3d13-456d-8096-6f95f72fe53c,crep
0a282eaf-3d13-456d-8096-6f95f72fe53c,doc/noaa/nmfs/pifsc
0a282eaf-3d13-456d-8096-6f95f72fe53c,earth science
0a282eaf-3d13-456d-8096-6f95f72fe53c,ecological dynamics
0a282eaf-3d13-456d-8096-6f95f72fe53c,ecosystem monitoring and assessment
0a282eaf-3d13-456d-8096-6f95f72fe53c,ecosystem sciences division
0a282eaf-3d13-456d-8096-6f95f72fe53c,equatorial pacific ocean
0a282eaf-3d13-456d-8096-6f95f72fe53c,esd
0a282eaf-3d13-456d-8096-6f95f72fe53c,farallon de pajaros
0a282eaf-3d13-456d-8096-6f95f72fe53c,farallon de pajaros (20n144e0001)
0a282eaf-3d13-456d-8096-6f95f72fe53c,fish
0a282eaf-3d13-456d-8096-6f95f72fe53c,fish - coral reef
0a282eaf-3d13-456d-8096-6f95f72fe53c,fish assemblages
0a282eaf-3d13-456d-8096-6f95f72fe53c,fish biomass
0a282eaf-3d13-456d-8096-6f95f72fe53c,fish census
0a282eaf-3d13-456d-8096-6f95f72fe53c,fish species
0a282eaf-3d13-456d-8096-6f95f72fe53c,french frigate shoals (24n166w0001)
0a282eaf-3d13-456d-8096-6f95f72fe53c,gardner pinnacles (25n168w0001)
0a282eaf-3d13-456d-8096-6f95f72fe53c,guam
0a282eaf-3d13-456d-8096-6f95f72fe53c,guam (13n144e0000)
0a282eaf-3d13-456d-8096-6f95f72fe53c,guguan
0a282eaf-3d13-456d-8096-6f95f72fe53c,guguan island
0a282eaf-3d13-456d-8096-6f95f72fe53c,guguan island (17n145e0001)
0a282eaf-3d13-456d-8096-6f95f72fe53c,hawaii
0a282eaf-3d13-456d-8096-6f95f72fe53c,hawaii island
0a282eaf-3d13-456d-8096-6f95f72fe53c,hawaii island (19n155w0003)
0a282eaf-3d13-456d-8096-6f95f72fe53c,hawaiian islands
0a282eaf-3d13-456d-8096-6f95f72fe53c,hawaiian islands (21n157w0027)
0a282eaf-3d13-456d-8096-6f95f72fe53c,hi'ialakai
0a282eaf-3d13-456d-8096-6f95f72fe53c,honolulu
0a282eaf-3d13-456d-8096-6f95f72fe53c,howland island
0a282eaf-3d13-456d-8096-6f95f72fe53c,howland island (00s176w0001)
0a282eaf-3d13-456d-8096-6f95f72fe53c,jarvis island (00s160w0001)
0a282eaf-3d13-456d-8096-6f95f72fe53c,johnston atoll
0a282eaf-3d13-456d-8096-6f95f72fe53c,johnston atoll (16n169w0001)
0a282eaf-3d13-456d-8096-6f95f72fe53c,kauai
0a282eaf-3d13-456d-8096-6f95f72fe53c,kauai island
0a282eaf-3d13-456d-8096-6f95f72fe53c,kauai island (22n159w0001)
0a282eaf-3d13-456d-8096-6f95f72fe53c,kingman reef (06n162w0001)
0a282eaf-3d13-456d-8096-6f95f72fe53c,kure atoll (28n178w0001)
0a282eaf-3d13-456d-8096-6f95f72fe53c,lanai island
0a282eaf-3d13-456d-8096-6f95f72fe53c,lanai island (20n156w0002)
0a282eaf-3d13-456d-8096-6f95f72fe53c,laysan island (25n171w0001)
0a282eaf-3d13-456d-8096-6f95f72fe53c,line islands
0a282eaf-3d13-456d-8096-6f95f72fe53c,lisianski island (25n173w0001)
0a282eaf-3d13-456d-8096-6f95f72fe53c,macroinvertebrates
0a282eaf-3d13-456d-8096-6f95f72fe53c,main hawaiian islands
0a282eaf-3d13-456d-8096-6f95f72fe53c,manu'a group
0a282eaf-3d13-456d-8096-6f95f72fe53c,manu'a islands (14s170w0038)
0a282eaf-3d13-456d-8096-6f95f72fe53c,mariana archipelago
0a282eaf-3d13-456d-8096-6f95f72fe53c,mariana islands
0a282eaf-3d13-456d-8096-6f95f72fe53c,marianas
0a282eaf-3d13-456d-8096-6f95f72fe53c,marianas trench marine national monument
0a282eaf-3d13-456d-8096-6f95f72fe53c,marine biology
0a282eaf-3d13-456d-8096-6f95f72fe53c,marine invertebrates
0a282eaf-3d13-456d-8096-6f95f72fe53c,maro reef (25n170w0001)
0a282eaf-3d13-456d-8096-6f95f72fe53c,maug
0a282eaf-3d13-456d-8096-6f95f72fe53c,maug island
0a282eaf-3d13-456d-8096-6f95f72fe53c,maug island (20n145e0001)
0a282eaf-3d13-456d-8096-6f95f72fe53c,maui
0a282eaf-3d13-456d-8096-6f95f72fe53c,maui island
0a282eaf-3d13-456d-8096-6f95f72fe53c,maui island (20n156w0004)
0a282eaf-3d13-456d-8096-6f95f72fe53c,mhi
0a282eaf-3d13-456d-8096-6f95f72fe53c,midway atoll (28n177w0001)
0a282eaf-3d13-456d-8096-6f95f72fe53c,molokai island
0a282eaf-3d13-456d-8096-6f95f72fe53c,molokai island (21n157w0001)
0a282eaf-3d13-456d-8096-6f95f72fe53c,national marine fisheries service
0a282eaf-3d13-456d-8096-6f95f72fe53c,necker island (23n164w0001)
0a282eaf-3d13-456d-8096-6f95f72fe53c,nihoa (23n161w0001)
0a282eaf-3d13-456d-8096-6f95f72fe53c,niihau island
0a282eaf-3d13-456d-8096-6f95f72fe53c,niihau island (21n160w0001)
0a282eaf-3d13-456d-8096-6f95f72fe53c,nmfs
0a282eaf-3d13-456d-8096-6f95f72fe53c,noaa
0a282eaf-3d13-456d-8096-6f95f72fe53c,north pacific ocean
0a282eaf-3d13-456d-8096-6f95f72fe53c,northern mariana islands
0a282eaf-3d13-456d-8096-6f95f72fe53c,northern mariana islands ( cnmi ) (18n146e0000)
0a282eaf-3d13-456d-8096-6f95f72fe53c,northwestern hawaiian islands
0a282eaf-3d13-456d-8096-6f95f72fe53c,northwestern hawaiian islands (28n178w0000)
0a282eaf-3d13-456d-8096-6f95f72fe53c,numeric data sets
0a282eaf-3d13-456d-8096-6f95f72fe53c,nw pacific
0a282eaf-3d13-456d-8096-6f95f72fe53c,nwhi
0a282eaf-3d13-456d-8096-6f95f72fe53c,oahu (21n157w0003)
0a282eaf-3d13-456d-8096-6f95f72fe53c,oahu island
0a282eaf-3d13-456d-8096-6f95f72fe53c,ocean basin
0a282eaf-3d13-456d-8096-6f95f72fe53c,oceans
0a282eaf-3d13-456d-8096-6f95f72fe53c,ofu island (14s169w0013)
0a282eaf-3d13-456d-8096-6f95f72fe53c,olosega island (14s169w0014)
0a282eaf-3d13-456d-8096-6f95f72fe53c,oscar elton sette
0a282eaf-3d13-456d-8096-6f95f72fe53c,pacific islands fisheries science center
0a282eaf-3d13-456d-8096-6f95f72fe53c,pacific ocean
0a282eaf-3d13-456d-8096-6f95f72fe53c,pacific reef and assessment monitoring program (pacific ramp)
0a282eaf-3d13-456d-8096-6f95f72fe53c,pacific reef assessment and monitoring program: monitoring coral reef ecosystems of the us pacific i
0a282eaf-3d13-456d-8096-6f95f72fe53c,pacific remote island areas
0a282eaf-3d13-456d-8096-6f95f72fe53c,pacific remote islands marine national monument
0a282eaf-3d13-456d-8096-6f95f72fe53c,pagan
0a282eaf-3d13-456d-8096-6f95f72fe53c,pagan island
0a282eaf-3d13-456d-8096-6f95f72fe53c,pagan island (18n145e0001)
0a282eaf-3d13-456d-8096-6f95f72fe53c,palmyra atoll (05n162w0001)
0a282eaf-3d13-456d-8096-6f95f72fe53c,papahanaumokuakea marine national monument
0a282eaf-3d13-456d-8096-6f95f72fe53c,pearl and hermes reef (27n176w0001)
0a282eaf-3d13-456d-8096-6f95f72fe53c,pifsc
0a282eaf-3d13-456d-8096-6f95f72fe53c,pria
0a282eaf-3d13-456d-8096-6f95f72fe53c,ramp
0a282eaf-3d13-456d-8096-6f95f72fe53c,rapid assessment studies
0a282eaf-3d13-456d-8096-6f95f72fe53c,rapid ecological assessment
0a282eaf-3d13-456d-8096-6f95f72fe53c,rea
0a282eaf-3d13-456d-8096-6f95f72fe53c,reef assessment and monitoring program
0a282eaf-3d13-456d-8096-6f95f72fe53c,reef fish
0a282eaf-3d13-456d-8096-6f95f72fe53c,reef fish census
0a282eaf-3d13-456d-8096-6f95f72fe53c,reef habitat
0a282eaf-3d13-456d-8096-6f95f72fe53c,reef monitoring and assessment
0a282eaf-3d13-456d-8096-6f95f72fe53c,rose atoll marine national monument
0a282eaf-3d13-456d-8096-6f95f72fe53c,rose island
0a282eaf-3d13-456d-8096-6f95f72fe53c,rose island (rose atoll) (14s168w0001)
0a282eaf-3d13-456d-8096-6f95f72fe53c,rota
0a282eaf-3d13-456d-8096-6f95f72fe53c,rota island
0a282eaf-3d13-456d-8096-6f95f72fe53c,rota island ( luta ) (14n145e0007)
0a282eaf-3d13-456d-8096-6f95f72fe53c,rugosity
0a282eaf-3d13-456d-8096-6f95f72fe53c,saipan
0a282eaf-3d13-456d-8096-6f95f72fe53c,saipan island
0a282eaf-3d13-456d-8096-6f95f72fe53c,saipan island (15n145e0002)
0a282eaf-3d13-456d-8096-6f95f72fe53c,sarigan island
0a282eaf-3d13-456d-8096-6f95f72fe53c,sarigan island (16n145e0003)
0a282eaf-3d13-456d-8096-6f95f72fe53c,south bank (14s170w0067)
0a282eaf-3d13-456d-8096-6f95f72fe53c,south pacific ocean
0a282eaf-3d13-456d-8096-6f95f72fe53c,spc
0a282eaf-3d13-456d-8096-6f95f72fe53c,species identification
0a282eaf-3d13-456d-8096-6f95f72fe53c,species identification - count
0a282eaf-3d13-456d-8096-6f95f72fe53c,species identification - organism length
0a282eaf-3d13-456d-8096-6f95f72fe53c,species richness
0a282eaf-3d13-456d-8096-6f95f72fe53c,stationary
0a282eaf-3d13-456d-8096-6f95f72fe53c,stationary point count
0a282eaf-3d13-456d-8096-6f95f72fe53c,survey
0a282eaf-3d13-456d-8096-6f95f72fe53c,survey - biological
0a282eaf-3d13-456d-8096-6f95f72fe53c,survey - swimmer/diver
0a282eaf-3d13-456d-8096-6f95f72fe53c,swains atoll (11s171w0001)
0a282eaf-3d13-456d-8096-6f95f72fe53c,ta'u island (14s169w0012)
0a282eaf-3d13-456d-8096-6f95f72fe53c,tinian
0a282eaf-3d13-456d-8096-6f95f72fe53c,tinian island (14n145e0005)
0a282eaf-3d13-456d-8096-6f95f72fe53c,tinian island reefs
0a282eaf-3d13-456d-8096-6f95f72fe53c,tutuila island (14s170w0016)
0a282eaf-3d13-456d-8096-6f95f72fe53c,u.s. department of commerce
0a282eaf-3d13-456d-8096-6f95f72fe53c,united states of america
0a282eaf-3d13-456d-8096-6f95f72fe53c,us doc
0a282eaf-3d13-456d-8096-6f95f72fe53c,usa minor outlying islands
0a282eaf-3d13-456d-8096-6f95f72fe53c,visual estimate
0a282eaf-3d13-456d-8096-6f95f72fe53c,wake atoll
0a282eaf-3d13-456d-8096-6f95f72fe53c,wake atoll (19n167e0001)
0a282eaf-3d13-456d-8096-6f95f72fe53c,western pacific ocean
0a282eaf-3d13-456d-8096-6f95f72fe53c,zoology
839385b5-c29f-4cbf-afd7-ed0cb4a732fb,743
839385b5-c29f-4cbf-afd7-ed0cb4a732fb,baseline studies
839385b5-c29f-4cbf-afd7-ed0cb4a732fb,benthic biology
839385b5-c29f-4cbf-afd7-ed0cb4a732fb,biosphere
839385b5-c29f-4cbf-afd7-ed0cb4a732fb,central pacific ocean
839385b5-c29f-4cbf-afd7-ed0cb4a732fb,coastal processes
839385b5-c29f-4cbf-afd7-ed0cb4a732fb,coral
839385b5-c29f-4cbf-afd7-ed0cb4a732fb,coral communities
839385b5-c29f-4cbf-afd7-ed0cb4a732fb,coral cover
839385b5-c29f-4cbf-afd7-ed0cb4a732fb,coral reef conservation program
839385b5-c29f-4cbf-afd7-ed0cb4a732fb,coral reef ecology
839385b5-c29f-4cbf-afd7-ed0cb4a732fb,coral reef ecosystem division
839385b5-c29f-4cbf-afd7-ed0cb4a732fb,coral reef ecosystem program
839385b5-c29f-4cbf-afd7-ed0cb4a732fb,coral reef studies
839385b5-c29f-4cbf-afd7-ed0cb4a732fb,coral reefs
839385b5-c29f-4cbf-afd7-ed0cb4a732fb,corals
839385b5-c29f-4cbf-afd7-ed0cb4a732fb,country/territory
839385b5-c29f-4cbf-afd7-ed0cb4a732fb,cred
839385b5-c29f-4cbf-afd7-ed0cb4a732fb,crep
839385b5-c29f-4cbf-afd7-ed0cb4a732fb,doc/noaa/nmfs/pifsc
839385b5-c29f-4cbf-afd7-ed0cb4a732fb,earth science
839385b5-c29f-4cbf-afd7-ed0cb4a732fb,ecosystem sciences division
839385b5-c29f-4cbf-afd7-ed0cb4a732fb,esd
839385b5-c29f-4cbf-afd7-ed0cb4a732fb,french frigate shoals (24n166w0001)
839385b5-c29f-4cbf-afd7-ed0cb4a732fb,habitats
839385b5-c29f-4cbf-afd7-ed0cb4a732fb,hawaii
839385b5-c29f-4cbf-afd7-ed0cb4a732fb,hawaii (21n160w0000)
839385b5-c29f-4cbf-afd7-ed0cb4a732fb,hawaii island
839385b5-c29f-4cbf-afd7-ed0cb4a732fb,hawaii island (19n155w0003)
839385b5-c29f-4cbf-afd7-ed0cb4a732fb,hawaiian archipelago
839385b5-c29f-4cbf-afd7-ed0cb4a732fb,hawaiian islands
839385b5-c29f-4cbf-afd7-ed0cb4a732fb,hawaiian islands (21n157w0027)
839385b5-c29f-4cbf-afd7-ed0cb4a732fb,hi'ialakai
839385b5-c29f-4cbf-afd7-ed0cb4a732fb,honolulu
839385b5-c29f-4cbf-afd7-ed0cb4a732fb,imagery
839385b5-c29f-4cbf-afd7-ed0cb4a732fb,in situ biological
839385b5-c29f-4cbf-afd7-ed0cb4a732fb,kauai
839385b5-c29f-4cbf-afd7-ed0cb4a732fb,kauai island
839385b5-c29f-4cbf-afd7-ed0cb4a732fb,kauai island (22n159w0001)
839385b5-c29f-4cbf-afd7-ed0cb4a732fb,kure atoll (28n178w0001)
839385b5-c29f-4cbf-afd7-ed0cb4a732fb,lanai island
839385b5-c29f-4cbf-afd7-ed0cb4a732fb,lanai island (20n156w0002)
839385b5-c29f-4cbf-afd7-ed0cb4a732fb,lisianski island (25n173w0001)
839385b5-c29f-4cbf-afd7-ed0cb4a732fb,main hawaiian islands
839385b5-c29f-4cbf-afd7-ed0cb4a732fb,marine biology
839385b5-c29f-4cbf-afd7-ed0cb4a732fb,maui
839385b5-c29f-4cbf-afd7-ed0cb4a732fb,maui island
839385b5-c29f-4cbf-afd7-ed0cb4a732fb,maui island (20n156w0004)
839385b5-c29f-4cbf-afd7-ed0cb4a732fb,mhi
839385b5-c29f-4cbf-afd7-ed0cb4a732fb,molokai island
839385b5-c29f-4cbf-afd7-ed0cb4a732fb,molokai island (21n157w0001)
839385b5-c29f-4cbf-afd7-ed0cb4a732fb,national coral reef monitoring program
839385b5-c29f-4cbf-afd7-ed0cb4a732fb,national marine fisheries service
839385b5-c29f-4cbf-afd7-ed0cb4a732fb,niihau island
839385b5-c29f-4cbf-afd7-ed0cb4a732fb,niihau island (21n160w0001)
839385b5-c29f-4cbf-afd7-ed0cb4a732fb,nmfs
839385b5-c29f-4cbf-afd7-ed0cb4a732fb,noaa
839385b5-c29f-4cbf-afd7-ed0cb4a732fb,north pacific ocean
839385b5-c29f-4cbf-afd7-ed0cb4a732fb,northwestern hawaiian islands
839385b5-c29f-4cbf-afd7-ed0cb4a732fb,northwestern hawaiian islands (28n178w0000)
839385b5-c29f-4cbf-afd7-ed0cb4a732fb,nwhi
839385b5-c29f-4cbf-afd7-ed0cb4a732fb,oahu (21n157w0003)
839385b5-c29f-4cbf-afd7-ed0cb4a732fb,oahu island
839385b5-c29f-4cbf-afd7-ed0cb4a732fb,ocean basin
839385b5-c29f-4cbf-afd7-ed0cb4a732fb,oceans
839385b5-c29f-4cbf-afd7-ed0cb4a732fb,oscar elton sette
839385b5-c29f-4cbf-afd7-ed0cb4a732fb,pacific islands fisheries science center
839385b5-c29f-4cbf-afd7-ed0cb4a732fb,pacific ocean
839385b5-c29f-4cbf-afd7-ed0cb4a732fb,papahanaumokuakea marine national monument
839385b5-c29f-4cbf-afd7-ed0cb4a732fb,pearl and hermes reef (27n176w0001)
839385b5-c29f-4cbf-afd7-ed0cb4a732fb,photoquadrat images
839385b5-c29f-4cbf-afd7-ed0cb4a732fb,pifsc
839385b5-c29f-4cbf-afd7-ed0cb4a732fb,rainier
839385b5-c29f-4cbf-afd7-ed0cb4a732fb,rapid assessment studies
839385b5-c29f-4cbf-afd7-ed0cb4a732fb,reef monitoring and assessment
839385b5-c29f-4cbf-afd7-ed0cb4a732fb,triennial
839385b5-c29f-4cbf-afd7-ed0cb4a732fb,u.s. department of commerce
839385b5-c29f-4cbf-afd7-ed0cb4a732fb,united states of america
839385b5-c29f-4cbf-afd7-ed0cb4a732fb,us doc
839385b5-c29f-4cbf-afd7-ed0cb4a732fb,visual images
839385b5-c29f-4cbf-afd7-ed0cb4a732fb,zoology
f620587a-9869-4d71-92fb-9406c1c46353,benchmark-dose-modeling
f620587a-9869-4d71-92fb-9406c1c46353,benzene
f620587a-9869-4d71-92fb-9406c1c46353,chemical-screening
f620587a-9869-4d71-92fb-9406c1c46353,ethylbenzene
f620587a-9869-4d71-92fb-9406c1c46353,inhalation
f620587a-9869-4d71-92fb-9406c1c46353,toluene
f620587a-9869-4d71-92fb-9406c1c46353,transcriptomics
f620587a-9869-4d71-92fb-9406c1c46353,xylenes
1adc7ca7-8089-460d-b25b-39c016a952aa,climate-change
1adc7ca7-8089-460d-b25b-39c016a952aa,cmip6
1adc7ca7-8089-460d-b25b-39c016a952aa,downscaling
1adc7ca7-8089-460d-b25b-39c016a952aa,precipitation
349c5fd2-1e0a-4c56-89c8-b7351c8d47bc,chemical-prioritization
349c5fd2-1e0a-4c56-89c8-b7351c8d47bc,contaminants-of-emerging-concern
349c5fd2-1e0a-4c56-89c8-b7351c8d47bc,ecotoxicology
349c5fd2-1e0a-4c56-89c8-b7351c8d47bc,risk-assessment
119781ad-0245-4745-a826-a836c2adc475,computational-science
119781ad-0245-4745-a826-a836c2adc475,computing
119781ad-0245-4745-a826-a836c2adc475,high-performance-computing
119781ad-0245-4745-a826-a836c2adc475,hpc
119781ad-0245-4745-a826-a836c2adc475,job-trace
119781ad-0245-4745-a826-a836c2adc475,jobs
119781ad-0245-4745-a826-a836c2adc475,kestrel
119781ad-0245-4745-a826-a836c2adc475,processed-data
119781ad-0245-4745-a826-a836c2adc475,slurm
119781ad-0245-4745-a826-a836c2adc475,supercomputer
5c72d8c4-5469-4d1c-a6d0-8e419cc5c0e4,computational-science
5c72d8c4-5469-4d1c-a6d0-8e419cc5c0e4,computing
5c72d8c4-5469-4d1c-a6d0-8e419cc5c0e4,eagle
5c72d8c4-5469-4d1c-a6d0-8e419cc5c0e4,high-performance-computing
5c72d8c4-5469-4d1c-a6d0-8e419cc5c0e4,hpc
5c72d8c4-5469-4d1c-a6d0-8e419cc5c0e4,job-trace
5c72d8c4-5469-4d1c-a6d0-8e419cc5c0e4,jobs
5c72d8c4-5469-4d1c-a6d0-8e419cc5c0e4,processed-data
5c72d8c4-5469-4d1c-a6d0-8e419cc5c0e4,slurm
5c72d8c4-5469-4d1c-a6d0-8e419cc5c0e4,supercomputer
9e4d59fb-ab00-41ab-ad6f-71b232d7d4c1,attenuation
9e4d59fb-ab00-41ab-ad6f-71b232d7d4c1,brune-model
9e4d59fb-ab00-41ab-ad6f-71b232d7d4c1,cape
9e4d59fb-ab00-41ab-ad6f-71b232d7d4c1,cape-modern
9e4d59fb-ab00-41ab-ad6f-71b232d7d4c1,corner-frequency
9e4d59fb-ab00-41ab-ad6f-71b232d7d4c1,das
9e4d59fb-ab00-41ab-ad6f-71b232d7d4c1,distributed-acoustic-sensing
9e4d59fb-ab00-41ab-ad6f-71b232d7d4c1,downhole-measurements
9e4d59fb-ab00-41ab-ad6f-71b232d7d4c1,egs
9e4d59fb-ab00-41ab-ad6f-71b232d7d4c1,energy
9e4d59fb-ab00-41ab-ad6f-71b232d7d4c1,fiber-optic
9e4d59fb-ab00-41ab-ad6f-71b232d7d4c1,forge
9e4d59fb-ab00-41ab-ad6f-71b232d7d4c1,geomechanics
9e4d59fb-ab00-41ab-ad6f-71b232d7d4c1,geophysics
9e4d59fb-ab00-41ab-ad6f-71b232d7d4c1,geothermal
9e4d59fb-ab00-41ab-ad6f-71b232d7d4c1,microseismicity
9e4d59fb-ab00-41ab-ad6f-71b232d7d4c1,moment-magnitude
9e4d59fb-ab00-41ab-ad6f-71b232d7d4c1,p-wave
9e4d59fb-ab00-41ab-ad6f-71b232d7d4c1,p-wave-attenuation
9e4d59fb-ab00-41ab-ad6f-71b232d7d4c1,processed-data
9e4d59fb-ab00-41ab-ad6f-71b232d7d4c1,q_
9e4d59fb-ab00-41ab-ad6f-71b232d7d4c1,quality-factor
9e4d59fb-ab00-41ab-ad6f-71b232d7d4c1,raw-data
9e4d59fb-ab00-41ab-ad6f-71b232d7d4c1,seismic
9e4d59fb-ab00-41ab-ad6f-71b232d7d4c1,seismic-moment
9e4d59fb-ab00-41ab-ad6f-71b232d7d4c1,source-parameters
9e4d59fb-ab00-41ab-ad6f-71b232d7d4c1,spectra
9e4d59fb-ab00-41ab-ad6f-71b232d7d4c1,stress-drop
9e4d59fb-ab00-41ab-ad6f-71b232d7d4c1,utah-forge
9e4d59fb-ab00-41ab-ad6f-71b232d7d4c1,well-logs
cb47cea7-5cb4-4769-be6f-908e7c2b8821,acoustic-emissions
cb47cea7-5cb4-4769-be6f-908e7c2b8821,egs
cb47cea7-5cb4-4769-be6f-908e7c2b8821,energy
cb47cea7-5cb4-4769-be6f-908e7c2b8821,fault-reactivation
cb47cea7-5cb4-4769-be6f-908e7c2b8821,fault-slip-timing
cb47cea7-5cb4-4769-be6f-908e7c2b8821,fluid-injection
cb47cea7-5cb4-4769-be6f-908e7c2b8821,geomechanics
cb47cea7-5cb4-4769-be6f-908e7c2b8821,geothermal
cb47cea7-5cb4-4769-be6f-908e7c2b8821,granitoid-cores
cb47cea7-5cb4-4769-be6f-908e7c2b8821,induced-seismicity
cb47cea7-5cb4-4769-be6f-908e7c2b8821,injection-rate
cb47cea7-5cb4-4769-be6f-908e7c2b8821,laboratory-data
cb47cea7-5cb4-4769-be6f-908e7c2b8821,microseismicity
cb47cea7-5cb4-4769-be6f-908e7c2b8821,pore-pressure-heterogeneity
cb47cea7-5cb4-4769-be6f-908e7c2b8821,raw-data
cb47cea7-5cb4-4769-be6f-908e7c2b8821,shear-experiments
cb47cea7-5cb4-4769-be6f-908e7c2b8821,triaxial-deformation
cb47cea7-5cb4-4769-be6f-908e7c2b8821,utah-forge
39503434-ce9d-497f-b53c-d25e71548417,cape-egs
39503434-ce9d-497f-b53c-d25e71548417,das
39503434-ce9d-497f-b53c-d25e71548417,distributed-acoustic-sensing
39503434-ce9d-497f-b53c-d25e71548417,downhole-fiber-optic-sensing
39503434-ce9d-497f-b53c-d25e71548417,egs
39503434-ce9d-497f-b53c-d25e71548417,energy
39503434-ce9d-497f-b53c-d25e71548417,fervo-energy
39503434-ce9d-497f-b53c-d25e71548417,fiber-optic-sensing
39503434-ce9d-497f-b53c-d25e71548417,flow-test
39503434-ce9d-497f-b53c-d25e71548417,frisco-pad
39503434-ce9d-497f-b53c-d25e71548417,geophysics
39503434-ce9d-497f-b53c-d25e71548417,geothermal
39503434-ce9d-497f-b53c-d25e71548417,h5
39503434-ce9d-497f-b53c-d25e71548417,hdf5
39503434-ce9d-497f-b53c-d25e71548417,induced-seismicity
39503434-ce9d-497f-b53c-d25e71548417,microseismic-monitoring
39503434-ce9d-497f-b53c-d25e71548417,raw-data
39503434-ce9d-497f-b53c-d25e71548417,silixa-idas
39503434-ce9d-497f-b53c-d25e71548417,strain-rate
39503434-ce9d-497f-b53c-d25e71548417,utah-forge
39503434-ce9d-497f-b53c-d25e71548417,well-16b
4f82196f-7b43-40d9-bc12-b778b550915b,active-source-seismology
4f82196f-7b43-40d9-bc12-b778b550915b,deepen
4f82196f-7b43-40d9-bc12-b778b550915b,energy
4f82196f-7b43-40d9-bc12-b778b550915b,geophysics
4f82196f-7b43-40d9-bc12-b778b550915b,geothermal
4f82196f-7b43-40d9-bc12-b778b550915b,joint-inversion
4f82196f-7b43-40d9-bc12-b778b550915b,matlab
4f82196f-7b43-40d9-bc12-b778b550915b,newberry-volcano
4f82196f-7b43-40d9-bc12-b778b550915b,p-wave
4f82196f-7b43-40d9-bc12-b778b550915b,processed-data
4f82196f-7b43-40d9-bc12-b778b550915b,seismic-tomography
4f82196f-7b43-40d9-bc12-b778b550915b,slowness
4f82196f-7b43-40d9-bc12-b778b550915b,slowness-model
4f82196f-7b43-40d9-bc12-b778b550915b,superhot
4f82196f-7b43-40d9-bc12-b778b550915b,teleseismic-delay-times
4f82196f-7b43-40d9-bc12-b778b550915b,upper-crust
4f82196f-7b43-40d9-bc12-b778b550915b,velocity-model
0d0ba4cd-88c6-4710-8607-99245ecc7d45,arsenic
0d0ba4cd-88c6-4710-8607-99245ecc7d45,cdte
0d0ba4cd-88c6-4710-8607-99245ecc7d45,single-crystal
5acfea78-1484-4479-b669-ce900b1cc778,accuracy-assessment
5acfea78-1484-4479-b669-ce900b1cc778,botanical-survey
5acfea78-1484-4479-b669-ce900b1cc778,classification
5acfea78-1484-4479-b669-ce900b1cc778,geodatabase
5acfea78-1484-4479-b669-ce900b1cc778,habitat-types
5acfea78-1484-4479-b669-ce900b1cc778,imagery
5acfea78-1484-4479-b669-ce900b1cc778,national-vegetation-classification
5acfea78-1484-4479-b669-ce900b1cc778,nvc
5acfea78-1484-4479-b669-ce900b1cc778,nvcs
5acfea78-1484-4479-b669-ce900b1cc778,plots
5acfea78-1484-4479-b669-ce900b1cc778,releve
5acfea78-1484-4479-b669-ce900b1cc778,remote-sensing
5acfea78-1484-4479-b669-ce900b1cc778,usnvcs
5acfea78-1484-4479-b669-ce900b1cc778,vegetation
5acfea78-1484-4479-b669-ce900b1cc778,vegetation-inventory
5acfea78-1484-4479-b669-ce900b1cc778,vegetation-map
5acfea78-1484-4479-b669-ce900b1cc778,vegetation-mapping
d3646635-c4cf-4472-ba42-3e1629e96853,accession-number
d3646635-c4cf-4472-ba42-3e1629e96853,adams-accession-number
d3646635-c4cf-4472-ba42-3e1629e96853,adams-ml-number
d3646635-c4cf-4472-ba42-3e1629e96853,fillable-form
ff152bcd-ae26-4e86-8ccf-e925b8634463,accession-number
ff152bcd-ae26-4e86-8ccf-e925b8634463,adams-accession-number
ff152bcd-ae26-4e86-8ccf-e925b8634463,adams-ml-number
ff152bcd-ae26-4e86-8ccf-e925b8634463,fillable-form
ff152bcd-ae26-4e86-8ccf-e925b8634463,ml22276a107
c78818fa-7615-444f-aaaf-b9354d664135,accession-number
c78818fa-7615-444f-aaaf-b9354d664135,adams-accession-number
c78818fa-7615-444f-aaaf-b9354d664135,adams-ml-number
c78818fa-7615-444f-aaaf-b9354d664135,fillable-form
c78818fa-7615-444f-aaaf-b9354d664135,ml13083a350
5bf2a423-4772-43f9-b32f-22f7b2f4bf75,accession-number
5bf2a423-4772-43f9-b32f-22f7b2f4bf75,adams-accession-number
5bf2a423-4772-43f9-b32f-22f7b2f4bf75,adams-ml-number
5bf2a423-4772-43f9-b32f-22f7b2f4bf75,fillable-form
5bf2a423-4772-43f9-b32f-22f7b2f4bf75,ml13083a351
6c8bbe98-416b-4b4e-bd27-388b4d979570,accession-number
6c8bbe98-416b-4b4e-bd27-388b4d979570,adams-accession-number
6c8bbe98-416b-4b4e-bd27-388b4d979570,adams-ml-number
6c8bbe98-416b-4b4e-bd27-388b4d979570,fillable-form
6c8bbe98-416b-4b4e-bd27-388b4d979570,ml13083a352
afc78230-2c71-41d3-9e66-032460b71644,accession-number
afc78230-2c71-41d3-9e66-032460b71644,adams-accession-number
afc78230-2c71-41d3-9e66-032460b71644,adams-ml-number
afc78230-2c71-41d3-9e66-032460b71644,fillable-form
afc78230-2c71-41d3-9e66-032460b71644,ml13083a353
99f423da-8850-45e0-b497-459e9a42e6f2,accession-number
99f423da-8850-45e0-b497-459e9a42e6f2,adams-accession-number
99f423da-8850-45e0-b497-459e9a42e6f2,adams-ml-number
99f423da-8850-45e0-b497-459e9a42e6f2,fillable-form
99f423da-8850-45e0-b497-459e9a42e6f2,ml13083a354
0ea50165-5abb-4311-8ee0-0f54f0c2d4f4,accession-number
0ea50165-5abb-4311-8ee0-0f54f0c2d4f4,adams-accession-number
0ea50165-5abb-4311-8ee0-0f54f0c2d4f4,adams-ml-number
0ea50165-5abb-4311-8ee0-0f54f0c2d4f4,fillable-form
b84123ec-d214-46f7-9dca-f3504fcbb99b,accession-number
b84123ec-d214-46f7-9dca-f3504fcbb99b,adams-accession-number
b84123ec-d214-46f7-9dca-f3504fcbb99b,adams-ml-number
b84123ec-d214-46f7-9dca-f3504fcbb99b,fillable-form
b84123ec-d214-46f7-9dca-f3504fcbb99b,ml16341a843
3566bcdd-a84b-4ff2-806d-692ab9bfb0e7,accession-number
3566bcdd-a84b-4ff2-806d-692ab9bfb0e7,adams-accession-number
3566bcdd-a84b-4ff2-806d-692ab9bfb0e7,adams-ml-number
3566bcdd-a84b-4ff2-806d-692ab9bfb0e7,fillable-form
3566bcdd-a84b-4ff2-806d-692ab9bfb0e7,ml13083a355
69002dc8-b0c7-4295-8ef5-7eea3eb90493,v-safe
69002dc8-b0c7-4295-8ef5-7eea3eb90493,vaccine-safety
dcfed4ab-ba98-4c01-b104-7de408c47301,child-enrollment
80d5bfac-b0ef-45b2-b529-f9f2abbef103,v-safe
80d5bfac-b0ef-45b2-b529-f9f2abbef103,vaccine-safety
fc1b2368-c085-4a8a-b3f2-8f0a38a5ac49,v-safe
fc1b2368-c085-4a8a-b3f2-8f0a38a5ac49,vaccine-safety
7f01fe8e-5dbb-4735-a44e-331487f42ba7,v-safe
7f01fe8e-5dbb-4735-a44e-331487f42ba7,vaccine-safety
2f3abd6f-046b-4b31-a31f-1cba282ce001,ecotoxicity
2f3abd6f-046b-4b31-a31f-1cba282ce001,environmental-fate
2f3abd6f-046b-4b31-a31f-1cba282ce001,environmental-monitoring
2f3abd6f-046b-4b31-a31f-1cba282ce001,new-approach-methodologies
2f3abd6f-046b-4b31-a31f-1cba282ce001,risk-assessment
ad7b02d5-2b3f-453d-a6f2-12333cf157d0,hppi
6b4c6819-6228-4b15-9ac9-d2e2d494819d,arnold
6b4c6819-6228-4b15-9ac9-d2e2d494819d,hppi
5b83acb4-d587-44b5-b63e-0757cd4da3e3,hpms
5b83acb4-d587-44b5-b63e-0757cd4da3e3,hppi
1cf1bac2-11de-4717-91df-b73c3d24b2d5,highway-statistics
1cf1bac2-11de-4717-91df-b73c3d24b2d5,hppi
1cf1bac2-11de-4717-91df-b73c3d24b2d5,motor-fuel
8fcb6914-3c31-4d05-b4fb-805441067dd9,functional-classification
8fcb6914-3c31-4d05-b4fb-805441067dd9,highway-statistics
8fcb6914-3c31-4d05-b4fb-805441067dd9,hppi
8fcb6914-3c31-4d05-b4fb-805441067dd9,iri
fa539a70-42cc-4cdb-88f9-f2b0c66ce720,airplane
fa539a70-42cc-4cdb-88f9-f2b0c66ce720,coastal elevation
fa539a70-42cc-4cdb-88f9-f2b0c66ce720,coastal processes
fa539a70-42cc-4cdb-88f9-f2b0c66ce720,continent
fa539a70-42cc-4cdb-88f9-f2b0c66ce720,doc/noaa/nos/ocm
fa539a70-42cc-4cdb-88f9-f2b0c66ce720,earth science
fa539a70-42cc-4cdb-88f9-f2b0c66ce720,land surface
fa539a70-42cc-4cdb-88f9-f2b0c66ce720,lidar
fa539a70-42cc-4cdb-88f9-f2b0c66ce720,light detection and ranging
fa539a70-42cc-4cdb-88f9-f2b0c66ce720,michigan
fa539a70-42cc-4cdb-88f9-f2b0c66ce720,national ocean service
fa539a70-42cc-4cdb-88f9-f2b0c66ce720,noaa
fa539a70-42cc-4cdb-88f9-f2b0c66ce720,north america
fa539a70-42cc-4cdb-88f9-f2b0c66ce720,oceans
fa539a70-42cc-4cdb-88f9-f2b0c66ce720,office of coastal management
fa539a70-42cc-4cdb-88f9-f2b0c66ce720,terrain elevation
fa539a70-42cc-4cdb-88f9-f2b0c66ce720,topography
fa539a70-42cc-4cdb-88f9-f2b0c66ce720,u.s. department of commerce
fa539a70-42cc-4cdb-88f9-f2b0c66ce720,united states of america
fa539a70-42cc-4cdb-88f9-f2b0c66ce720,vertical location
db44c919-ce8e-4ea0-b704-5333d1f4706a,coastal mapping program
db44c919-ce8e-4ea0-b704-5333d1f4706a,coastal maps
db44c919-ce8e-4ea0-b704-5333d1f4706a,coastal survey
db44c919-ce8e-4ea0-b704-5333d1f4706a,continent
db44c919-ce8e-4ea0-b704-5333d1f4706a,doc/noaa/nos/ngs
db44c919-ce8e-4ea0-b704-5333d1f4706a,florida
db44c919-ce8e-4ea0-b704-5333d1f4706a,geographic cell
db44c919-ce8e-4ea0-b704-5333d1f4706a,national geodetic survey
db44c919-ce8e-4ea0-b704-5333d1f4706a,national geospatial data asset
db44c919-ce8e-4ea0-b704-5333d1f4706a,national ocean service
db44c919-ce8e-4ea0-b704-5333d1f4706a,national shoreline
db44c919-ce8e-4ea0-b704-5333d1f4706a,ngda
db44c919-ce8e-4ea0-b704-5333d1f4706a,ngs shoreline
db44c919-ce8e-4ea0-b704-5333d1f4706a,noaa
db44c919-ce8e-4ea0-b704-5333d1f4706a,noaa shoreline
db44c919-ce8e-4ea0-b704-5333d1f4706a,north america
db44c919-ce8e-4ea0-b704-5333d1f4706a,port of weedon island/st. petersburg
db44c919-ce8e-4ea0-b704-5333d1f4706a,shoreline
db44c919-ce8e-4ea0-b704-5333d1f4706a,shoreline mapping program
db44c919-ce8e-4ea0-b704-5333d1f4706a,u.s. department of commerce
db44c919-ce8e-4ea0-b704-5333d1f4706a,united states of america
db44c919-ce8e-4ea0-b704-5333d1f4706a,water oceans and coasts theme
f3c0efc6-5694-46da-8d68-66ea33bd05fd,coastal mapping program
f3c0efc6-5694-46da-8d68-66ea33bd05fd,coastal maps
f3c0efc6-5694-46da-8d68-66ea33bd05fd,coastal survey
f3c0efc6-5694-46da-8d68-66ea33bd05fd,continent
f3c0efc6-5694-46da-8d68-66ea33bd05fd,doc/noaa/nos/ngs
f3c0efc6-5694-46da-8d68-66ea33bd05fd,geographic cell
f3c0efc6-5694-46da-8d68-66ea33bd05fd,intracoastal waterway
f3c0efc6-5694-46da-8d68-66ea33bd05fd,national geodetic survey
f3c0efc6-5694-46da-8d68-66ea33bd05fd,national geospatial data asset
f3c0efc6-5694-46da-8d68-66ea33bd05fd,national ocean service
f3c0efc6-5694-46da-8d68-66ea33bd05fd,national shoreline
f3c0efc6-5694-46da-8d68-66ea33bd05fd,ngda
f3c0efc6-5694-46da-8d68-66ea33bd05fd,ngs shoreline
f3c0efc6-5694-46da-8d68-66ea33bd05fd,noaa
f3c0efc6-5694-46da-8d68-66ea33bd05fd,noaa shoreline
f3c0efc6-5694-46da-8d68-66ea33bd05fd,north america
f3c0efc6-5694-46da-8d68-66ea33bd05fd,north carolina
f3c0efc6-5694-46da-8d68-66ea33bd05fd,shoreline
f3c0efc6-5694-46da-8d68-66ea33bd05fd,shoreline mapping program
f3c0efc6-5694-46da-8d68-66ea33bd05fd,u.s. department of commerce
f3c0efc6-5694-46da-8d68-66ea33bd05fd,united states of america
f3c0efc6-5694-46da-8d68-66ea33bd05fd,water oceans and coasts theme
fc8c40f3-fb13-48ec-a47a-3f5fb84df379,alaska
fc8c40f3-fb13-48ec-a47a-3f5fb84df379,coastal mapping program
fc8c40f3-fb13-48ec-a47a-3f5fb84df379,coastal maps
fc8c40f3-fb13-48ec-a47a-3f5fb84df379,coastal survey
fc8c40f3-fb13-48ec-a47a-3f5fb84df379,continent
fc8c40f3-fb13-48ec-a47a-3f5fb84df379,doc/noaa/nos/ngs
fc8c40f3-fb13-48ec-a47a-3f5fb84df379,geographic cell
fc8c40f3-fb13-48ec-a47a-3f5fb84df379,national geodetic survey
fc8c40f3-fb13-48ec-a47a-3f5fb84df379,national geospatial data asset
fc8c40f3-fb13-48ec-a47a-3f5fb84df379,national ocean service
fc8c40f3-fb13-48ec-a47a-3f5fb84df379,national shoreline
fc8c40f3-fb13-48ec-a47a-3f5fb84df379,ngda
fc8c40f3-fb13-48ec-a47a-3f5fb84df379,ngs shoreline
fc8c40f3-fb13-48ec-a47a-3f5fb84df379,noaa
fc8c40f3-fb13-48ec-a47a-3f5fb84df379,noaa shoreline
fc8c40f3-fb13-48ec-a47a-3f5fb84df379,north america
fc8c40f3-fb13-48ec-a47a-3f5fb84df379,port of anchorage
fc8c40f3-fb13-48ec-a47a-3f5fb84df379,shoreline
fc8c40f3-fb13-48ec-a47a-3f5fb84df379,shoreline mapping program
fc8c40f3-fb13-48ec-a47a-3f5fb84df379,u.s. department of commerce
fc8c40f3-fb13-48ec-a47a-3f5fb84df379,united states of america
fc8c40f3-fb13-48ec-a47a-3f5fb84df379,water oceans and coasts theme
41ff9ca9-21a6-433a-b788-499257c26aa8,coastal mapping program
41ff9ca9-21a6-433a-b788-499257c26aa8,coastal maps
41ff9ca9-21a6-433a-b788-499257c26aa8,coastal survey
41ff9ca9-21a6-433a-b788-499257c26aa8,continent
41ff9ca9-21a6-433a-b788-499257c26aa8,doc/noaa/nos/ngs
41ff9ca9-21a6-433a-b788-499257c26aa8,geographic cell
41ff9ca9-21a6-433a-b788-499257c26aa8,michigan
41ff9ca9-21a6-433a-b788-499257c26aa8,national geodetic survey
41ff9ca9-21a6-433a-b788-499257c26aa8,national geospatial data asset
41ff9ca9-21a6-433a-b788-499257c26aa8,national ocean service
41ff9ca9-21a6-433a-b788-499257c26aa8,national shoreline
41ff9ca9-21a6-433a-b788-499257c26aa8,ngda
41ff9ca9-21a6-433a-b788-499257c26aa8,ngs shoreline
41ff9ca9-21a6-433a-b788-499257c26aa8,noaa
41ff9ca9-21a6-433a-b788-499257c26aa8,noaa shoreline
41ff9ca9-21a6-433a-b788-499257c26aa8,north america
41ff9ca9-21a6-433a-b788-499257c26aa8,port of grand haven
41ff9ca9-21a6-433a-b788-499257c26aa8,shoreline
41ff9ca9-21a6-433a-b788-499257c26aa8,shoreline mapping program
41ff9ca9-21a6-433a-b788-499257c26aa8,u.s. department of commerce
41ff9ca9-21a6-433a-b788-499257c26aa8,united states of america
41ff9ca9-21a6-433a-b788-499257c26aa8,water oceans and coasts theme
325741ca-eefb-4b38-97dc-6cdc69916826,algal-bloom
325741ca-eefb-4b38-97dc-6cdc69916826,chlorophyll-a
325741ca-eefb-4b38-97dc-6cdc69916826,cyanobacteria
325741ca-eefb-4b38-97dc-6cdc69916826,drinking-water
325741ca-eefb-4b38-97dc-6cdc69916826,lakes
325741ca-eefb-4b38-97dc-6cdc69916826,nutrients
325741ca-eefb-4b38-97dc-6cdc69916826,remote-sensing
325741ca-eefb-4b38-97dc-6cdc69916826,smoke
325741ca-eefb-4b38-97dc-6cdc69916826,wildfire
040c1543-c517-445f-a7db-e14e0f747433,blm
040c1543-c517-445f-a7db-e14e0f747433,boundaries
040c1543-c517-445f-a7db-e14e0f747433,bureau-of-land-management
040c1543-c517-445f-a7db-e14e0f747433,cadastral
040c1543-c517-445f-a7db-e14e0f747433,cadastral-reference
040c1543-c517-445f-a7db-e14e0f747433,cadnsdi
040c1543-c517-445f-a7db-e14e0f747433,doi
040c1543-c517-445f-a7db-e14e0f747433,gcdb
040c1543-c517-445f-a7db-e14e0f747433,general-land-office
040c1543-c517-445f-a7db-e14e0f747433,geographic-coordinate-data-base
040c1543-c517-445f-a7db-e14e0f747433,geospatial
040c1543-c517-445f-a7db-e14e0f747433,glo
040c1543-c517-445f-a7db-e14e0f747433,idaho
040c1543-c517-445f-a7db-e14e0f747433,management
040c1543-c517-445f-a7db-e14e0f747433,national-spatial-data-infrastructure
040c1543-c517-445f-a7db-e14e0f747433,nsdi
040c1543-c517-445f-a7db-e14e0f747433,parcels
040c1543-c517-445f-a7db-e14e0f747433,planningcadastre
040c1543-c517-445f-a7db-e14e0f747433,plss
040c1543-c517-445f-a7db-e14e0f747433,plss-corners
040c1543-c517-445f-a7db-e14e0f747433,plss-divisions
040c1543-c517-445f-a7db-e14e0f747433,plss-sections
040c1543-c517-445f-a7db-e14e0f747433,plss-special-surveys
040c1543-c517-445f-a7db-e14e0f747433,public-land-survey-system
040c1543-c517-445f-a7db-e14e0f747433,range
040c1543-c517-445f-a7db-e14e0f747433,section
040c1543-c517-445f-a7db-e14e0f747433,township
040c1543-c517-445f-a7db-e14e0f747433,us-department-of-the-interior
caa4a14d-1c20-4fd2-a415-8bcd60b2f120,blm
caa4a14d-1c20-4fd2-a415-8bcd60b2f120,boundaries
caa4a14d-1c20-4fd2-a415-8bcd60b2f120,bureau-of-land-management
caa4a14d-1c20-4fd2-a415-8bcd60b2f120,cadastral
caa4a14d-1c20-4fd2-a415-8bcd60b2f120,cadastral-reference
caa4a14d-1c20-4fd2-a415-8bcd60b2f120,cadnsdi
caa4a14d-1c20-4fd2-a415-8bcd60b2f120,doi
caa4a14d-1c20-4fd2-a415-8bcd60b2f120,gcdb
caa4a14d-1c20-4fd2-a415-8bcd60b2f120,general-land-office
caa4a14d-1c20-4fd2-a415-8bcd60b2f120,geographic-coordinate-data-base
caa4a14d-1c20-4fd2-a415-8bcd60b2f120,geospatial
caa4a14d-1c20-4fd2-a415-8bcd60b2f120,glo
caa4a14d-1c20-4fd2-a415-8bcd60b2f120,idaho
caa4a14d-1c20-4fd2-a415-8bcd60b2f120,management
caa4a14d-1c20-4fd2-a415-8bcd60b2f120,national-spatial-data-infrastructure
caa4a14d-1c20-4fd2-a415-8bcd60b2f120,nsdi
caa4a14d-1c20-4fd2-a415-8bcd60b2f120,parcels
caa4a14d-1c20-4fd2-a415-8bcd60b2f120,planningcadastre
caa4a14d-1c20-4fd2-a415-8bcd60b2f120,plss
caa4a14d-1c20-4fd2-a415-8bcd60b2f120,plss-corners
caa4a14d-1c20-4fd2-a415-8bcd60b2f120,plss-divisions
caa4a14d-1c20-4fd2-a415-8bcd60b2f120,plss-sections
caa4a14d-1c20-4fd2-a415-8bcd60b2f120,plss-special-surveys
caa4a14d-1c20-4fd2-a415-8bcd60b2f120,public-land-survey-system
caa4a14d-1c20-4fd2-a415-8bcd60b2f120,range
caa4a14d-1c20-4fd2-a415-8bcd60b2f120,section
caa4a14d-1c20-4fd2-a415-8bcd60b2f120,township
caa4a14d-1c20-4fd2-a415-8bcd60b2f120,us-department-of-the-interior
82a1a186-1e6e-48bf-bad7-462dcb63eef1,blm
82a1a186-1e6e-48bf-bad7-462dcb63eef1,boundaries
82a1a186-1e6e-48bf-bad7-462dcb63eef1,bureau-of-land-management
82a1a186-1e6e-48bf-bad7-462dcb63eef1,cadastral
82a1a186-1e6e-48bf-bad7-462dcb63eef1,cadastral-reference
82a1a186-1e6e-48bf-bad7-462dcb63eef1,cadnsdi
82a1a186-1e6e-48bf-bad7-462dcb63eef1,doi
82a1a186-1e6e-48bf-bad7-462dcb63eef1,gcdb
82a1a186-1e6e-48bf-bad7-462dcb63eef1,general-land-office
82a1a186-1e6e-48bf-bad7-462dcb63eef1,geographic-coordinate-data-base
82a1a186-1e6e-48bf-bad7-462dcb63eef1,geospatial
82a1a186-1e6e-48bf-bad7-462dcb63eef1,glo
82a1a186-1e6e-48bf-bad7-462dcb63eef1,idaho
82a1a186-1e6e-48bf-bad7-462dcb63eef1,management
82a1a186-1e6e-48bf-bad7-462dcb63eef1,national-spatial-data-infrastructure
82a1a186-1e6e-48bf-bad7-462dcb63eef1,nsdi
82a1a186-1e6e-48bf-bad7-462dcb63eef1,parcels
82a1a186-1e6e-48bf-bad7-462dcb63eef1,planningcadastre
82a1a186-1e6e-48bf-bad7-462dcb63eef1,plss
82a1a186-1e6e-48bf-bad7-462dcb63eef1,plss-corners
82a1a186-1e6e-48bf-bad7-462dcb63eef1,plss-divisions
82a1a186-1e6e-48bf-bad7-462dcb63eef1,plss-sections
82a1a186-1e6e-48bf-bad7-462dcb63eef1,plss-special-surveys
82a1a186-1e6e-48bf-bad7-462dcb63eef1,public-land-survey-system
82a1a186-1e6e-48bf-bad7-462dcb63eef1,range
82a1a186-1e6e-48bf-bad7-462dcb63eef1,section
82a1a186-1e6e-48bf-bad7-462dcb63eef1,township
82a1a186-1e6e-48bf-bad7-462dcb63eef1,us-department-of-the-interior
97da095e-089a-4487-9e0c-6f3a3468f0ee,blm
97da095e-089a-4487-9e0c-6f3a3468f0ee,boundaries
97da095e-089a-4487-9e0c-6f3a3468f0ee,bureau-of-land-management
97da095e-089a-4487-9e0c-6f3a3468f0ee,cadastral
97da095e-089a-4487-9e0c-6f3a3468f0ee,cadastral-reference
97da095e-089a-4487-9e0c-6f3a3468f0ee,cadnsdi
97da095e-089a-4487-9e0c-6f3a3468f0ee,doi
97da095e-089a-4487-9e0c-6f3a3468f0ee,gcdb
97da095e-089a-4487-9e0c-6f3a3468f0ee,general-land-office
97da095e-089a-4487-9e0c-6f3a3468f0ee,geographic-coordinate-data-base
97da095e-089a-4487-9e0c-6f3a3468f0ee,geospatial
97da095e-089a-4487-9e0c-6f3a3468f0ee,glo
97da095e-089a-4487-9e0c-6f3a3468f0ee,idaho
97da095e-089a-4487-9e0c-6f3a3468f0ee,management
97da095e-089a-4487-9e0c-6f3a3468f0ee,national-spatial-data-infrastructure
97da095e-089a-4487-9e0c-6f3a3468f0ee,nsdi
97da095e-089a-4487-9e0c-6f3a3468f0ee,parcels
97da095e-089a-4487-9e0c-6f3a3468f0ee,planningcadastre
97da095e-089a-4487-9e0c-6f3a3468f0ee,plss
97da095e-089a-4487-9e0c-6f3a3468f0ee,plss-corners
97da095e-089a-4487-9e0c-6f3a3468f0ee,plss-divisions
97da095e-089a-4487-9e0c-6f3a3468f0ee,plss-sections
97da095e-089a-4487-9e0c-6f3a3468f0ee,plss-special-surveys
97da095e-089a-4487-9e0c-6f3a3468f0ee,public-land-survey-system
97da095e-089a-4487-9e0c-6f3a3468f0ee,range
97da095e-089a-4487-9e0c-6f3a3468f0ee,section
97da095e-089a-4487-9e0c-6f3a3468f0ee,township
97da095e-089a-4487-9e0c-6f3a3468f0ee,us-department-of-the-interior
515fcb1e-39d2-4d42-8aff-f2878dc65b84,blm
515fcb1e-39d2-4d42-8aff-f2878dc65b84,bureau-of-land-management
515fcb1e-39d2-4d42-8aff-f2878dc65b84,geoscientificinformation
515fcb1e-39d2-4d42-8aff-f2878dc65b84,minerals
515fcb1e-39d2-4d42-8aff-f2878dc65b84,subsurface
515fcb1e-39d2-4d42-8aff-f2878dc65b84,utah
fe92c702-b5ae-4bf6-ad96-83c5a09bcf3f,blm
fe92c702-b5ae-4bf6-ad96-83c5a09bcf3f,boundaries
fe92c702-b5ae-4bf6-ad96-83c5a09bcf3f,bureau-of-land-management
fe92c702-b5ae-4bf6-ad96-83c5a09bcf3f,cadastral
fe92c702-b5ae-4bf6-ad96-83c5a09bcf3f,cadastral-reference
fe92c702-b5ae-4bf6-ad96-83c5a09bcf3f,cadnsdi
fe92c702-b5ae-4bf6-ad96-83c5a09bcf3f,doi
fe92c702-b5ae-4bf6-ad96-83c5a09bcf3f,gcdb
fe92c702-b5ae-4bf6-ad96-83c5a09bcf3f,general-land-office
fe92c702-b5ae-4bf6-ad96-83c5a09bcf3f,geographic-coordinate-data-base
fe92c702-b5ae-4bf6-ad96-83c5a09bcf3f,geospatial
fe92c702-b5ae-4bf6-ad96-83c5a09bcf3f,glo
fe92c702-b5ae-4bf6-ad96-83c5a09bcf3f,idaho
fe92c702-b5ae-4bf6-ad96-83c5a09bcf3f,management
fe92c702-b5ae-4bf6-ad96-83c5a09bcf3f,national-spatial-data-infrastructure
fe92c702-b5ae-4bf6-ad96-83c5a09bcf3f,nsdi
fe92c702-b5ae-4bf6-ad96-83c5a09bcf3f,parcels
fe92c702-b5ae-4bf6-ad96-83c5a09bcf3f,planningcadastre
fe92c702-b5ae-4bf6-ad96-83c5a09bcf3f,plss
fe92c702-b5ae-4bf6-ad96-83c5a09bcf3f,plss-corners
fe92c702-b5ae-4bf6-ad96-83c5a09bcf3f,plss-divisions
fe92c702-b5ae-4bf6-ad96-83c5a09bcf3f,plss-sections
fe92c702-b5ae-4bf6-ad96-83c5a09bcf3f,plss-special-surveys
fe92c702-b5ae-4bf6-ad96-83c5a09bcf3f,public-land-survey-system
fe92c702-b5ae-4bf6-ad96-83c5a09bcf3f,range
fe92c702-b5ae-4bf6-ad96-83c5a09bcf3f,section
fe92c702-b5ae-4bf6-ad96-83c5a09bcf3f,township
fe92c702-b5ae-4bf6-ad96-83c5a09bcf3f,us-department-of-the-interior
c90bed09-373d-4e8a-b53b-1b7ff5c55432,acid-neutralizing-capacity
c90bed09-373d-4e8a-b53b-1b7ff5c55432,aluminum
c90bed09-373d-4e8a-b53b-1b7ff5c55432,ammonium
c90bed09-373d-4e8a-b53b-1b7ff5c55432,anions
c90bed09-373d-4e8a-b53b-1b7ff5c55432,calcium
c90bed09-373d-4e8a-b53b-1b7ff5c55432,cations
c90bed09-373d-4e8a-b53b-1b7ff5c55432,chloride
c90bed09-373d-4e8a-b53b-1b7ff5c55432,copper
c90bed09-373d-4e8a-b53b-1b7ff5c55432,depth
c90bed09-373d-4e8a-b53b-1b7ff5c55432,hydrogen-ions
c90bed09-373d-4e8a-b53b-1b7ff5c55432,hydrological-properties
c90bed09-373d-4e8a-b53b-1b7ff5c55432,iron
c90bed09-373d-4e8a-b53b-1b7ff5c55432,magnesium
c90bed09-373d-4e8a-b53b-1b7ff5c55432,manganese
c90bed09-373d-4e8a-b53b-1b7ff5c55432,nitrate
c90bed09-373d-4e8a-b53b-1b7ff5c55432,npstoret
c90bed09-373d-4e8a-b53b-1b7ff5c55432,ph
c90bed09-373d-4e8a-b53b-1b7ff5c55432,plant-properties
c90bed09-373d-4e8a-b53b-1b7ff5c55432,potassium
c90bed09-373d-4e8a-b53b-1b7ff5c55432,precipitation
c90bed09-373d-4e8a-b53b-1b7ff5c55432,silicon
c90bed09-373d-4e8a-b53b-1b7ff5c55432,snow
c90bed09-373d-4e8a-b53b-1b7ff5c55432,sodium
c90bed09-373d-4e8a-b53b-1b7ff5c55432,specific-conductivity
c90bed09-373d-4e8a-b53b-1b7ff5c55432,sulfate
c90bed09-373d-4e8a-b53b-1b7ff5c55432,water-properties
c90bed09-373d-4e8a-b53b-1b7ff5c55432,water-quality
c90bed09-373d-4e8a-b53b-1b7ff5c55432,water-temperature
c90bed09-373d-4e8a-b53b-1b7ff5c55432,weather
c90bed09-373d-4e8a-b53b-1b7ff5c55432,zinc
f07a8016-fdd3-4a11-bf4c-6144d093fcc8,acid-neutralizing-capacity
f07a8016-fdd3-4a11-bf4c-6144d093fcc8,aluminum
f07a8016-fdd3-4a11-bf4c-6144d093fcc8,ammonium
f07a8016-fdd3-4a11-bf4c-6144d093fcc8,anions
f07a8016-fdd3-4a11-bf4c-6144d093fcc8,calcium
f07a8016-fdd3-4a11-bf4c-6144d093fcc8,cations
f07a8016-fdd3-4a11-bf4c-6144d093fcc8,chloride
f07a8016-fdd3-4a11-bf4c-6144d093fcc8,copper
f07a8016-fdd3-4a11-bf4c-6144d093fcc8,ecosystem-properties
f07a8016-fdd3-4a11-bf4c-6144d093fcc8,hydrogen-ions
f07a8016-fdd3-4a11-bf4c-6144d093fcc8,hydrological-properties
f07a8016-fdd3-4a11-bf4c-6144d093fcc8,iron
f07a8016-fdd3-4a11-bf4c-6144d093fcc8,magnesium
f07a8016-fdd3-4a11-bf4c-6144d093fcc8,manganese
f07a8016-fdd3-4a11-bf4c-6144d093fcc8,nitrate
f07a8016-fdd3-4a11-bf4c-6144d093fcc8,npstoret
f07a8016-fdd3-4a11-bf4c-6144d093fcc8,ph
f07a8016-fdd3-4a11-bf4c-6144d093fcc8,potassium
f07a8016-fdd3-4a11-bf4c-6144d093fcc8,precipitation
f07a8016-fdd3-4a11-bf4c-6144d093fcc8,silicon
f07a8016-fdd3-4a11-bf4c-6144d093fcc8,sodium
f07a8016-fdd3-4a11-bf4c-6144d093fcc8,soil-properties
f07a8016-fdd3-4a11-bf4c-6144d093fcc8,specific-conductivity
f07a8016-fdd3-4a11-bf4c-6144d093fcc8,streamflow
f07a8016-fdd3-4a11-bf4c-6144d093fcc8,sulfate
f07a8016-fdd3-4a11-bf4c-6144d093fcc8,water-properties
f07a8016-fdd3-4a11-bf4c-6144d093fcc8,water-quality
f07a8016-fdd3-4a11-bf4c-6144d093fcc8,water-temperature
f07a8016-fdd3-4a11-bf4c-6144d093fcc8,zinc
14627df3-a173-4f5a-a383-334e08659bbf,climate
14627df3-a173-4f5a-a383-334e08659bbf,ecological-framework-geology-and-soils-soil-quality-soil-function-and-dynamics
14627df3-a173-4f5a-a383-334e08659bbf,soil
14627df3-a173-4f5a-a383-334e08659bbf,southwest-alaska-inventory-and-monitoring-network
14627df3-a173-4f5a-a383-334e08659bbf,weather
ec28fe62-814e-48ea-9354-0cf127ae325f,covid-19
ec28fe62-814e-48ea-9354-0cf127ae325f,facility
ec28fe62-814e-48ea-9354-0cf127ae325f,hospital
ec28fe62-814e-48ea-9354-0cf127ae325f,inpatient
afae331a-a0fd-4caf-baa5-4b7b8093b216,sensorineural
afae331a-a0fd-4caf-baa5-4b7b8093b216,syndrome
afae331a-a0fd-4caf-baa5-4b7b8093b216,vascular
afae331a-a0fd-4caf-baa5-4b7b8093b216,vasospasms
afae331a-a0fd-4caf-baa5-4b7b8093b216,vibration
f9050035-e2ee-4fbe-bddb-4dfb7b15a9e5,air
f9050035-e2ee-4fbe-bddb-4dfb7b15a9e5,deepwater
f9050035-e2ee-4fbe-bddb-4dfb7b15a9e5,exposure
f9050035-e2ee-4fbe-bddb-4dfb7b15a9e5,sampling
f9050035-e2ee-4fbe-bddb-4dfb7b15a9e5,spill
331035a6-5731-415d-8cba-45273ee758fa,administration
331035a6-5731-415d-8cba-45273ee758fa,administrative-unit
331035a6-5731-415d-8cba-45273ee758fa,blm
331035a6-5731-415d-8cba-45273ee758fa,boise-district-office
331035a6-5731-415d-8cba-45273ee758fa,boundaries
331035a6-5731-415d-8cba-45273ee758fa,bruneau-field-office
331035a6-5731-415d-8cba-45273ee758fa,bureau-of-land-management
331035a6-5731-415d-8cba-45273ee758fa,burley-field-office
331035a6-5731-415d-8cba-45273ee758fa,challis-field-office
331035a6-5731-415d-8cba-45273ee758fa,coeur-d-alene-district-office
331035a6-5731-415d-8cba-45273ee758fa,coeur-d-alene-field-office
331035a6-5731-415d-8cba-45273ee758fa,cottonwood-field-office
331035a6-5731-415d-8cba-45273ee758fa,department-of-the-interior
331035a6-5731-415d-8cba-45273ee758fa,district
331035a6-5731-415d-8cba-45273ee758fa,doi
331035a6-5731-415d-8cba-45273ee758fa,facility
331035a6-5731-415d-8cba-45273ee758fa,field
331035a6-5731-415d-8cba-45273ee758fa,four-rivers-field-office
331035a6-5731-415d-8cba-45273ee758fa,idaho
331035a6-5731-415d-8cba-45273ee758fa,idaho-falls-district-office
331035a6-5731-415d-8cba-45273ee758fa,idaho-state-office
331035a6-5731-415d-8cba-45273ee758fa,inlandwaters
331035a6-5731-415d-8cba-45273ee758fa,jarbidge-field-office
331035a6-5731-415d-8cba-45273ee758fa,management
331035a6-5731-415d-8cba-45273ee758fa,nevada
331035a6-5731-415d-8cba-45273ee758fa,office
331035a6-5731-415d-8cba-45273ee758fa,organization
331035a6-5731-415d-8cba-45273ee758fa,owyhee-field-office
331035a6-5731-415d-8cba-45273ee758fa,planningcadastre
331035a6-5731-415d-8cba-45273ee758fa,pocatello-field-office
331035a6-5731-415d-8cba-45273ee758fa,salmon-field-office
331035a6-5731-415d-8cba-45273ee758fa,shoshone-field-office
331035a6-5731-415d-8cba-45273ee758fa,state
331035a6-5731-415d-8cba-45273ee758fa,three-tier
331035a6-5731-415d-8cba-45273ee758fa,twin-falls-district-office
331035a6-5731-415d-8cba-45273ee758fa,u-s
331035a6-5731-415d-8cba-45273ee758fa,u-s-a
331035a6-5731-415d-8cba-45273ee758fa,united-states
331035a6-5731-415d-8cba-45273ee758fa,upper-snake-field-office
331035a6-5731-415d-8cba-45273ee758fa,us
331035a6-5731-415d-8cba-45273ee758fa,usa
b527e6de-edb6-46e7-b144-90c96a5b6a6e,authorization
b527e6de-edb6-46e7-b144-90c96a5b6a6e,claim
b527e6de-edb6-46e7-b144-90c96a5b6a6e,encumbrance
b527e6de-edb6-46e7-b144-90c96a5b6a6e,energy
b527e6de-edb6-46e7-b144-90c96a5b6a6e,environment
b527e6de-edb6-46e7-b144-90c96a5b6a6e,geology
b527e6de-edb6-46e7-b144-90c96a5b6a6e,geoscientificinformation
b527e6de-edb6-46e7-b144-90c96a5b6a6e,geospatial
b527e6de-edb6-46e7-b144-90c96a5b6a6e,lease
b527e6de-edb6-46e7-b144-90c96a5b6a6e,management
b527e6de-edb6-46e7-b144-90c96a5b6a6e,minerals
b527e6de-edb6-46e7-b144-90c96a5b6a6e,mining
b527e6de-edb6-46e7-b144-90c96a5b6a6e,oregon
b527e6de-edb6-46e7-b144-90c96a5b6a6e,washington
7768672d-09b7-4d21-9c30-b9e60575c861,administration
7768672d-09b7-4d21-9c30-b9e60575c861,administrative-unit
7768672d-09b7-4d21-9c30-b9e60575c861,alene-district-office
7768672d-09b7-4d21-9c30-b9e60575c861,blm
7768672d-09b7-4d21-9c30-b9e60575c861,boise-district-office
7768672d-09b7-4d21-9c30-b9e60575c861,boundaries
7768672d-09b7-4d21-9c30-b9e60575c861,boundary
7768672d-09b7-4d21-9c30-b9e60575c861,bureau-of-land-management
7768672d-09b7-4d21-9c30-b9e60575c861,coeur-dapos
7768672d-09b7-4d21-9c30-b9e60575c861,department-of-the-interior
7768672d-09b7-4d21-9c30-b9e60575c861,district
7768672d-09b7-4d21-9c30-b9e60575c861,doi
7768672d-09b7-4d21-9c30-b9e60575c861,facility
7768672d-09b7-4d21-9c30-b9e60575c861,field
7768672d-09b7-4d21-9c30-b9e60575c861,idaho
7768672d-09b7-4d21-9c30-b9e60575c861,idaho-falls-district-office
7768672d-09b7-4d21-9c30-b9e60575c861,idaho-state-office
7768672d-09b7-4d21-9c30-b9e60575c861,management
7768672d-09b7-4d21-9c30-b9e60575c861,office
7768672d-09b7-4d21-9c30-b9e60575c861,organization
7768672d-09b7-4d21-9c30-b9e60575c861,planningcadastre
7768672d-09b7-4d21-9c30-b9e60575c861,state
7768672d-09b7-4d21-9c30-b9e60575c861,three-tier
7768672d-09b7-4d21-9c30-b9e60575c861,twin-falls-district-office
7768672d-09b7-4d21-9c30-b9e60575c861,u-s
7768672d-09b7-4d21-9c30-b9e60575c861,u-s-a
7768672d-09b7-4d21-9c30-b9e60575c861,united-states
7768672d-09b7-4d21-9c30-b9e60575c861,us
7768672d-09b7-4d21-9c30-b9e60575c861,usa
c75d528b-c18a-4bdc-9fea-7127b6ea49a4,blm
c75d528b-c18a-4bdc-9fea-7127b6ea49a4,boundaries
c75d528b-c18a-4bdc-9fea-7127b6ea49a4,bureau-of-land-management
c75d528b-c18a-4bdc-9fea-7127b6ea49a4,cadastral
c75d528b-c18a-4bdc-9fea-7127b6ea49a4,cadastral-national-spatial-data-infrastructure
c75d528b-c18a-4bdc-9fea-7127b6ea49a4,cadnsdi
c75d528b-c18a-4bdc-9fea-7127b6ea49a4,economy
c75d528b-c18a-4bdc-9fea-7127b6ea49a4,gcdb
c75d528b-c18a-4bdc-9fea-7127b6ea49a4,geographic-coordinate-data-base
c75d528b-c18a-4bdc-9fea-7127b6ea49a4,geospatial
c75d528b-c18a-4bdc-9fea-7127b6ea49a4,idaho
c75d528b-c18a-4bdc-9fea-7127b6ea49a4,management
c75d528b-c18a-4bdc-9fea-7127b6ea49a4,planningcadastre
c75d528b-c18a-4bdc-9fea-7127b6ea49a4,society
c75d528b-c18a-4bdc-9fea-7127b6ea49a4,state-boundary
cc7974e4-1227-49f3-b12d-8f84160beb90,blm
cc7974e4-1227-49f3-b12d-8f84160beb90,boundaries
cc7974e4-1227-49f3-b12d-8f84160beb90,bureau-of-land-management
cc7974e4-1227-49f3-b12d-8f84160beb90,cadastral
cc7974e4-1227-49f3-b12d-8f84160beb90,cadastral-reference
cc7974e4-1227-49f3-b12d-8f84160beb90,cadnsdi
cc7974e4-1227-49f3-b12d-8f84160beb90,doi
cc7974e4-1227-49f3-b12d-8f84160beb90,gcdb
cc7974e4-1227-49f3-b12d-8f84160beb90,general-land-office
cc7974e4-1227-49f3-b12d-8f84160beb90,geographic-coordinate-data-base
cc7974e4-1227-49f3-b12d-8f84160beb90,geospatial
cc7974e4-1227-49f3-b12d-8f84160beb90,glo
cc7974e4-1227-49f3-b12d-8f84160beb90,idaho
cc7974e4-1227-49f3-b12d-8f84160beb90,management
cc7974e4-1227-49f3-b12d-8f84160beb90,national-spatial-data-infrastructure
cc7974e4-1227-49f3-b12d-8f84160beb90,nsdi
cc7974e4-1227-49f3-b12d-8f84160beb90,parcels
cc7974e4-1227-49f3-b12d-8f84160beb90,planningcadastre
cc7974e4-1227-49f3-b12d-8f84160beb90,plss
cc7974e4-1227-49f3-b12d-8f84160beb90,plss-corners
cc7974e4-1227-49f3-b12d-8f84160beb90,plss-divisions
cc7974e4-1227-49f3-b12d-8f84160beb90,plss-sections
cc7974e4-1227-49f3-b12d-8f84160beb90,plss-special-surveys
cc7974e4-1227-49f3-b12d-8f84160beb90,public-land-survey-system
cc7974e4-1227-49f3-b12d-8f84160beb90,range
cc7974e4-1227-49f3-b12d-8f84160beb90,section
cc7974e4-1227-49f3-b12d-8f84160beb90,township
cc7974e4-1227-49f3-b12d-8f84160beb90,us-department-of-the-interior
217de64e-6a4d-4a29-996a-923595e3e376,administrative-unit
217de64e-6a4d-4a29-996a-923595e3e376,alene-district-office
217de64e-6a4d-4a29-996a-923595e3e376,alene-field-office
217de64e-6a4d-4a29-996a-923595e3e376,blm
217de64e-6a4d-4a29-996a-923595e3e376,boise-district-office
217de64e-6a4d-4a29-996a-923595e3e376,boundaries
217de64e-6a4d-4a29-996a-923595e3e376,bruneau-field-office
217de64e-6a4d-4a29-996a-923595e3e376,bureau-of-land-management
217de64e-6a4d-4a29-996a-923595e3e376,burley-field-office
217de64e-6a4d-4a29-996a-923595e3e376,challis-field-office
217de64e-6a4d-4a29-996a-923595e3e376,coeur-dapos
217de64e-6a4d-4a29-996a-923595e3e376,cottonwood-field-office
217de64e-6a4d-4a29-996a-923595e3e376,department-of-the-interior
217de64e-6a4d-4a29-996a-923595e3e376,district-office
217de64e-6a4d-4a29-996a-923595e3e376,doi
217de64e-6a4d-4a29-996a-923595e3e376,facility
217de64e-6a4d-4a29-996a-923595e3e376,field-office
217de64e-6a4d-4a29-996a-923595e3e376,four-rivers-field-office
217de64e-6a4d-4a29-996a-923595e3e376,idaho
217de64e-6a4d-4a29-996a-923595e3e376,idaho-falls-district-office
217de64e-6a4d-4a29-996a-923595e3e376,idaho-state-office
217de64e-6a4d-4a29-996a-923595e3e376,inlandwaters
217de64e-6a4d-4a29-996a-923595e3e376,jarbidge-field-office
217de64e-6a4d-4a29-996a-923595e3e376,location
217de64e-6a4d-4a29-996a-923595e3e376,office
217de64e-6a4d-4a29-996a-923595e3e376,owyhee-field-office
217de64e-6a4d-4a29-996a-923595e3e376,pocatello-field-office
217de64e-6a4d-4a29-996a-923595e3e376,salmon-field-office
217de64e-6a4d-4a29-996a-923595e3e376,shoshone-field-office
217de64e-6a4d-4a29-996a-923595e3e376,three-tiered-organization
217de64e-6a4d-4a29-996a-923595e3e376,twin-falls-district-office
217de64e-6a4d-4a29-996a-923595e3e376,u-s
217de64e-6a4d-4a29-996a-923595e3e376,u-s-a
217de64e-6a4d-4a29-996a-923595e3e376,united-states
217de64e-6a4d-4a29-996a-923595e3e376,upper-snake-field-office
217de64e-6a4d-4a29-996a-923595e3e376,us
217de64e-6a4d-4a29-996a-923595e3e376,usa
7e99cbcd-9c8e-483d-ab28-3a2270b37b29,alaska
7e99cbcd-9c8e-483d-ab28-3a2270b37b29,arizona
7e99cbcd-9c8e-483d-ab28-3a2270b37b29,blm
7e99cbcd-9c8e-483d-ab28-3a2270b37b29,bureau-of-land-management
7e99cbcd-9c8e-483d-ab28-3a2270b37b29,california
7e99cbcd-9c8e-483d-ab28-3a2270b37b29,colorado
7e99cbcd-9c8e-483d-ab28-3a2270b37b29,eastern-states
7e99cbcd-9c8e-483d-ab28-3a2270b37b29,economy
7e99cbcd-9c8e-483d-ab28-3a2270b37b29,facility
7e99cbcd-9c8e-483d-ab28-3a2270b37b29,geospatial
7e99cbcd-9c8e-483d-ab28-3a2270b37b29,idaho
7e99cbcd-9c8e-483d-ab28-3a2270b37b29,location
7e99cbcd-9c8e-483d-ab28-3a2270b37b29,management
7e99cbcd-9c8e-483d-ab28-3a2270b37b29,montana
7e99cbcd-9c8e-483d-ab28-3a2270b37b29,nevada
7e99cbcd-9c8e-483d-ab28-3a2270b37b29,new-mexico
7e99cbcd-9c8e-483d-ab28-3a2270b37b29,oregon
7e99cbcd-9c8e-483d-ab28-3a2270b37b29,public-lands
7e99cbcd-9c8e-483d-ab28-3a2270b37b29,recreation
7e99cbcd-9c8e-483d-ab28-3a2270b37b29,recreation-sites
7e99cbcd-9c8e-483d-ab28-3a2270b37b29,society
7e99cbcd-9c8e-483d-ab28-3a2270b37b29,structure
7e99cbcd-9c8e-483d-ab28-3a2270b37b29,transportation
7e99cbcd-9c8e-483d-ab28-3a2270b37b29,united-states
7e99cbcd-9c8e-483d-ab28-3a2270b37b29,utah
7e99cbcd-9c8e-483d-ab28-3a2270b37b29,western-states
7e99cbcd-9c8e-483d-ab28-3a2270b37b29,wyoming
cf52683c-2b12-4988-95dc-181866121955,blm
cf52683c-2b12-4988-95dc-181866121955,boundaries
cf52683c-2b12-4988-95dc-181866121955,bureau-of-land-management
cf52683c-2b12-4988-95dc-181866121955,cadastral
cf52683c-2b12-4988-95dc-181866121955,cadastral-reference
cf52683c-2b12-4988-95dc-181866121955,cadnsdi
cf52683c-2b12-4988-95dc-181866121955,doi
cf52683c-2b12-4988-95dc-181866121955,gcdb
cf52683c-2b12-4988-95dc-181866121955,general-land-office
cf52683c-2b12-4988-95dc-181866121955,geographic-coordinate-data-base
cf52683c-2b12-4988-95dc-181866121955,geospatial
cf52683c-2b12-4988-95dc-181866121955,glo
cf52683c-2b12-4988-95dc-181866121955,idaho
cf52683c-2b12-4988-95dc-181866121955,management
cf52683c-2b12-4988-95dc-181866121955,national-spatial-data-infrastructure
cf52683c-2b12-4988-95dc-181866121955,nsdi
cf52683c-2b12-4988-95dc-181866121955,parcels
cf52683c-2b12-4988-95dc-181866121955,planningcadastre
cf52683c-2b12-4988-95dc-181866121955,plss
cf52683c-2b12-4988-95dc-181866121955,plss-corners
cf52683c-2b12-4988-95dc-181866121955,plss-divisions
cf52683c-2b12-4988-95dc-181866121955,plss-sections
cf52683c-2b12-4988-95dc-181866121955,plss-special-surveys
cf52683c-2b12-4988-95dc-181866121955,public-land-survey-system
cf52683c-2b12-4988-95dc-181866121955,range
cf52683c-2b12-4988-95dc-181866121955,section
cf52683c-2b12-4988-95dc-181866121955,township
cf52683c-2b12-4988-95dc-181866121955,us-department-of-the-interior
4c7855fc-4b91-47dd-9dd0-e54b481eb7ae,administration
4c7855fc-4b91-47dd-9dd0-e54b481eb7ae,administrative-unit
4c7855fc-4b91-47dd-9dd0-e54b481eb7ae,blm
4c7855fc-4b91-47dd-9dd0-e54b481eb7ae,boise-district-office
4c7855fc-4b91-47dd-9dd0-e54b481eb7ae,boundaries
4c7855fc-4b91-47dd-9dd0-e54b481eb7ae,bruneau-field-office
4c7855fc-4b91-47dd-9dd0-e54b481eb7ae,bureau-of-land-management
4c7855fc-4b91-47dd-9dd0-e54b481eb7ae,burley-field-office
4c7855fc-4b91-47dd-9dd0-e54b481eb7ae,challis-field-office
4c7855fc-4b91-47dd-9dd0-e54b481eb7ae,coeur-d-alene-district-office
4c7855fc-4b91-47dd-9dd0-e54b481eb7ae,coeur-d-alene-field-office
4c7855fc-4b91-47dd-9dd0-e54b481eb7ae,cottonwood-field-office
4c7855fc-4b91-47dd-9dd0-e54b481eb7ae,department-of-the-interior
4c7855fc-4b91-47dd-9dd0-e54b481eb7ae,district
4c7855fc-4b91-47dd-9dd0-e54b481eb7ae,doi
4c7855fc-4b91-47dd-9dd0-e54b481eb7ae,facility
4c7855fc-4b91-47dd-9dd0-e54b481eb7ae,field
4c7855fc-4b91-47dd-9dd0-e54b481eb7ae,four-rivers-field-office
4c7855fc-4b91-47dd-9dd0-e54b481eb7ae,idaho
4c7855fc-4b91-47dd-9dd0-e54b481eb7ae,idaho-falls-district-office
4c7855fc-4b91-47dd-9dd0-e54b481eb7ae,idaho-state-office
4c7855fc-4b91-47dd-9dd0-e54b481eb7ae,inlandwaters
4c7855fc-4b91-47dd-9dd0-e54b481eb7ae,jarbidge-field-office
4c7855fc-4b91-47dd-9dd0-e54b481eb7ae,management
4c7855fc-4b91-47dd-9dd0-e54b481eb7ae,nevada
4c7855fc-4b91-47dd-9dd0-e54b481eb7ae,office
4c7855fc-4b91-47dd-9dd0-e54b481eb7ae,organization
4c7855fc-4b91-47dd-9dd0-e54b481eb7ae,owyhee-field-office
4c7855fc-4b91-47dd-9dd0-e54b481eb7ae,planningcadastre
4c7855fc-4b91-47dd-9dd0-e54b481eb7ae,pocatello-field-office
4c7855fc-4b91-47dd-9dd0-e54b481eb7ae,salmon-field-office
4c7855fc-4b91-47dd-9dd0-e54b481eb7ae,shoshone-field-office
4c7855fc-4b91-47dd-9dd0-e54b481eb7ae,state
4c7855fc-4b91-47dd-9dd0-e54b481eb7ae,three-tier
4c7855fc-4b91-47dd-9dd0-e54b481eb7ae,twin-falls-district-office
4c7855fc-4b91-47dd-9dd0-e54b481eb7ae,u-s
4c7855fc-4b91-47dd-9dd0-e54b481eb7ae,u-s-a
4c7855fc-4b91-47dd-9dd0-e54b481eb7ae,united-states
4c7855fc-4b91-47dd-9dd0-e54b481eb7ae,upper-snake-field-office
4c7855fc-4b91-47dd-9dd0-e54b481eb7ae,us
4c7855fc-4b91-47dd-9dd0-e54b481eb7ae,usa
f0a29f24-c44d-40d1-9f8d-69c8c0520021,authorization
f0a29f24-c44d-40d1-9f8d-69c8c0520021,claim
f0a29f24-c44d-40d1-9f8d-69c8c0520021,encumbrance
f0a29f24-c44d-40d1-9f8d-69c8c0520021,energy
f0a29f24-c44d-40d1-9f8d-69c8c0520021,environment
f0a29f24-c44d-40d1-9f8d-69c8c0520021,geology
f0a29f24-c44d-40d1-9f8d-69c8c0520021,geoscientificinformation
f0a29f24-c44d-40d1-9f8d-69c8c0520021,geospatial
f0a29f24-c44d-40d1-9f8d-69c8c0520021,lease
f0a29f24-c44d-40d1-9f8d-69c8c0520021,management
f0a29f24-c44d-40d1-9f8d-69c8c0520021,minerals
f0a29f24-c44d-40d1-9f8d-69c8c0520021,mining
f0a29f24-c44d-40d1-9f8d-69c8c0520021,oregon
f0a29f24-c44d-40d1-9f8d-69c8c0520021,washington
957ce7f1-d239-4af7-bdd4-495c1a6e1445,administration
957ce7f1-d239-4af7-bdd4-495c1a6e1445,administrative-unit
957ce7f1-d239-4af7-bdd4-495c1a6e1445,alene-district-office
957ce7f1-d239-4af7-bdd4-495c1a6e1445,blm
957ce7f1-d239-4af7-bdd4-495c1a6e1445,boise-district-office
957ce7f1-d239-4af7-bdd4-495c1a6e1445,boundaries
957ce7f1-d239-4af7-bdd4-495c1a6e1445,boundary
957ce7f1-d239-4af7-bdd4-495c1a6e1445,bureau-of-land-management
957ce7f1-d239-4af7-bdd4-495c1a6e1445,coeur-dapos
957ce7f1-d239-4af7-bdd4-495c1a6e1445,department-of-the-interior
957ce7f1-d239-4af7-bdd4-495c1a6e1445,district
957ce7f1-d239-4af7-bdd4-495c1a6e1445,doi
957ce7f1-d239-4af7-bdd4-495c1a6e1445,facility
957ce7f1-d239-4af7-bdd4-495c1a6e1445,field
957ce7f1-d239-4af7-bdd4-495c1a6e1445,idaho
957ce7f1-d239-4af7-bdd4-495c1a6e1445,idaho-falls-district-office
957ce7f1-d239-4af7-bdd4-495c1a6e1445,idaho-state-office
957ce7f1-d239-4af7-bdd4-495c1a6e1445,management
957ce7f1-d239-4af7-bdd4-495c1a6e1445,office
957ce7f1-d239-4af7-bdd4-495c1a6e1445,organization
957ce7f1-d239-4af7-bdd4-495c1a6e1445,planningcadastre
957ce7f1-d239-4af7-bdd4-495c1a6e1445,state
957ce7f1-d239-4af7-bdd4-495c1a6e1445,three-tier
957ce7f1-d239-4af7-bdd4-495c1a6e1445,twin-falls-district-office
957ce7f1-d239-4af7-bdd4-495c1a6e1445,u-s
957ce7f1-d239-4af7-bdd4-495c1a6e1445,u-s-a
957ce7f1-d239-4af7-bdd4-495c1a6e1445,united-states
957ce7f1-d239-4af7-bdd4-495c1a6e1445,us
957ce7f1-d239-4af7-bdd4-495c1a6e1445,usa
c19abe28-92ac-48b9-b5da-648e2f67e3f8,blm
c19abe28-92ac-48b9-b5da-648e2f67e3f8,boundaries
c19abe28-92ac-48b9-b5da-648e2f67e3f8,bureau-of-land-management
c19abe28-92ac-48b9-b5da-648e2f67e3f8,cadastral
c19abe28-92ac-48b9-b5da-648e2f67e3f8,cadastral-national-spatial-data-infrastructure
c19abe28-92ac-48b9-b5da-648e2f67e3f8,cadnsdi
c19abe28-92ac-48b9-b5da-648e2f67e3f8,economy
c19abe28-92ac-48b9-b5da-648e2f67e3f8,gcdb
c19abe28-92ac-48b9-b5da-648e2f67e3f8,geographic-coordinate-data-base
c19abe28-92ac-48b9-b5da-648e2f67e3f8,geospatial
c19abe28-92ac-48b9-b5da-648e2f67e3f8,idaho
c19abe28-92ac-48b9-b5da-648e2f67e3f8,management
c19abe28-92ac-48b9-b5da-648e2f67e3f8,planningcadastre
c19abe28-92ac-48b9-b5da-648e2f67e3f8,society
c19abe28-92ac-48b9-b5da-648e2f67e3f8,state-boundary
da40adbb-9ca6-491e-857d-95a46663b2d5,blm
da40adbb-9ca6-491e-857d-95a46663b2d5,boundaries
da40adbb-9ca6-491e-857d-95a46663b2d5,bureau-of-land-management
da40adbb-9ca6-491e-857d-95a46663b2d5,cadastral
da40adbb-9ca6-491e-857d-95a46663b2d5,cadastral-reference
da40adbb-9ca6-491e-857d-95a46663b2d5,cadnsdi
da40adbb-9ca6-491e-857d-95a46663b2d5,doi
da40adbb-9ca6-491e-857d-95a46663b2d5,gcdb
da40adbb-9ca6-491e-857d-95a46663b2d5,general-land-office
da40adbb-9ca6-491e-857d-95a46663b2d5,geographic-coordinate-data-base
da40adbb-9ca6-491e-857d-95a46663b2d5,geospatial
da40adbb-9ca6-491e-857d-95a46663b2d5,glo
da40adbb-9ca6-491e-857d-95a46663b2d5,idaho
da40adbb-9ca6-491e-857d-95a46663b2d5,management
da40adbb-9ca6-491e-857d-95a46663b2d5,national-spatial-data-infrastructure
da40adbb-9ca6-491e-857d-95a46663b2d5,nsdi
da40adbb-9ca6-491e-857d-95a46663b2d5,parcels
da40adbb-9ca6-491e-857d-95a46663b2d5,planningcadastre
da40adbb-9ca6-491e-857d-95a46663b2d5,plss
da40adbb-9ca6-491e-857d-95a46663b2d5,plss-corners
da40adbb-9ca6-491e-857d-95a46663b2d5,plss-divisions
da40adbb-9ca6-491e-857d-95a46663b2d5,plss-sections
da40adbb-9ca6-491e-857d-95a46663b2d5,plss-special-surveys
da40adbb-9ca6-491e-857d-95a46663b2d5,public-land-survey-system
da40adbb-9ca6-491e-857d-95a46663b2d5,range
da40adbb-9ca6-491e-857d-95a46663b2d5,section
da40adbb-9ca6-491e-857d-95a46663b2d5,township
da40adbb-9ca6-491e-857d-95a46663b2d5,us-department-of-the-interior
a2bc6d1c-b396-48ac-8ed7-0cb83965a44f,administrative-unit
a2bc6d1c-b396-48ac-8ed7-0cb83965a44f,alene-district-office
a2bc6d1c-b396-48ac-8ed7-0cb83965a44f,alene-field-office
a2bc6d1c-b396-48ac-8ed7-0cb83965a44f,blm
a2bc6d1c-b396-48ac-8ed7-0cb83965a44f,boise-district-office
a2bc6d1c-b396-48ac-8ed7-0cb83965a44f,boundaries
a2bc6d1c-b396-48ac-8ed7-0cb83965a44f,bruneau-field-office
a2bc6d1c-b396-48ac-8ed7-0cb83965a44f,bureau-of-land-management
a2bc6d1c-b396-48ac-8ed7-0cb83965a44f,burley-field-office
a2bc6d1c-b396-48ac-8ed7-0cb83965a44f,challis-field-office
a2bc6d1c-b396-48ac-8ed7-0cb83965a44f,coeur-dapos
a2bc6d1c-b396-48ac-8ed7-0cb83965a44f,cottonwood-field-office
a2bc6d1c-b396-48ac-8ed7-0cb83965a44f,department-of-the-interior
a2bc6d1c-b396-48ac-8ed7-0cb83965a44f,district-office
a2bc6d1c-b396-48ac-8ed7-0cb83965a44f,doi
a2bc6d1c-b396-48ac-8ed7-0cb83965a44f,facility
a2bc6d1c-b396-48ac-8ed7-0cb83965a44f,field-office
a2bc6d1c-b396-48ac-8ed7-0cb83965a44f,four-rivers-field-office
a2bc6d1c-b396-48ac-8ed7-0cb83965a44f,idaho
a2bc6d1c-b396-48ac-8ed7-0cb83965a44f,idaho-falls-district-office
a2bc6d1c-b396-48ac-8ed7-0cb83965a44f,idaho-state-office
a2bc6d1c-b396-48ac-8ed7-0cb83965a44f,inlandwaters
a2bc6d1c-b396-48ac-8ed7-0cb83965a44f,jarbidge-field-office
a2bc6d1c-b396-48ac-8ed7-0cb83965a44f,location
a2bc6d1c-b396-48ac-8ed7-0cb83965a44f,office
a2bc6d1c-b396-48ac-8ed7-0cb83965a44f,owyhee-field-office
a2bc6d1c-b396-48ac-8ed7-0cb83965a44f,pocatello-field-office
a2bc6d1c-b396-48ac-8ed7-0cb83965a44f,salmon-field-office
a2bc6d1c-b396-48ac-8ed7-0cb83965a44f,shoshone-field-office
a2bc6d1c-b396-48ac-8ed7-0cb83965a44f,three-tiered-organization
a2bc6d1c-b396-48ac-8ed7-0cb83965a44f,twin-falls-district-office
a2bc6d1c-b396-48ac-8ed7-0cb83965a44f,u-s
a2bc6d1c-b396-48ac-8ed7-0cb83965a44f,u-s-a
a2bc6d1c-b396-48ac-8ed7-0cb83965a44f,united-states
a2bc6d1c-b396-48ac-8ed7-0cb83965a44f,upper-snake-field-office
a2bc6d1c-b396-48ac-8ed7-0cb83965a44f,us
a2bc6d1c-b396-48ac-8ed7-0cb83965a44f,usa
ccc55233-de69-4e49-968a-c3da7b0f7c67,alaska
ccc55233-de69-4e49-968a-c3da7b0f7c67,arizona
ccc55233-de69-4e49-968a-c3da7b0f7c67,blm
ccc55233-de69-4e49-968a-c3da7b0f7c67,bureau-of-land-management
ccc55233-de69-4e49-968a-c3da7b0f7c67,california
ccc55233-de69-4e49-968a-c3da7b0f7c67,colorado
ccc55233-de69-4e49-968a-c3da7b0f7c67,eastern-states
ccc55233-de69-4e49-968a-c3da7b0f7c67,economy
ccc55233-de69-4e49-968a-c3da7b0f7c67,facility
ccc55233-de69-4e49-968a-c3da7b0f7c67,geospatial
ccc55233-de69-4e49-968a-c3da7b0f7c67,idaho
ccc55233-de69-4e49-968a-c3da7b0f7c67,location
ccc55233-de69-4e49-968a-c3da7b0f7c67,management
ccc55233-de69-4e49-968a-c3da7b0f7c67,montana
ccc55233-de69-4e49-968a-c3da7b0f7c67,nevada
ccc55233-de69-4e49-968a-c3da7b0f7c67,new-mexico
ccc55233-de69-4e49-968a-c3da7b0f7c67,oregon
ccc55233-de69-4e49-968a-c3da7b0f7c67,public-lands
ccc55233-de69-4e49-968a-c3da7b0f7c67,recreation
ccc55233-de69-4e49-968a-c3da7b0f7c67,recreation-sites
ccc55233-de69-4e49-968a-c3da7b0f7c67,society
ccc55233-de69-4e49-968a-c3da7b0f7c67,structure
ccc55233-de69-4e49-968a-c3da7b0f7c67,transportation
ccc55233-de69-4e49-968a-c3da7b0f7c67,united-states
ccc55233-de69-4e49-968a-c3da7b0f7c67,utah
ccc55233-de69-4e49-968a-c3da7b0f7c67,western-states
ccc55233-de69-4e49-968a-c3da7b0f7c67,wyoming
41916ec0-a59f-423e-a9dd-7a699c72edf7,blm
41916ec0-a59f-423e-a9dd-7a699c72edf7,boundaries
41916ec0-a59f-423e-a9dd-7a699c72edf7,bureau-of-land-management
41916ec0-a59f-423e-a9dd-7a699c72edf7,cadastral
41916ec0-a59f-423e-a9dd-7a699c72edf7,cadastral-reference
41916ec0-a59f-423e-a9dd-7a699c72edf7,cadnsdi
41916ec0-a59f-423e-a9dd-7a699c72edf7,doi
41916ec0-a59f-423e-a9dd-7a699c72edf7,gcdb
41916ec0-a59f-423e-a9dd-7a699c72edf7,general-land-office
41916ec0-a59f-423e-a9dd-7a699c72edf7,geographic-coordinate-data-base
41916ec0-a59f-423e-a9dd-7a699c72edf7,geospatial
41916ec0-a59f-423e-a9dd-7a699c72edf7,glo
41916ec0-a59f-423e-a9dd-7a699c72edf7,idaho
41916ec0-a59f-423e-a9dd-7a699c72edf7,management
41916ec0-a59f-423e-a9dd-7a699c72edf7,national-spatial-data-infrastructure
41916ec0-a59f-423e-a9dd-7a699c72edf7,nsdi
41916ec0-a59f-423e-a9dd-7a699c72edf7,parcels
41916ec0-a59f-423e-a9dd-7a699c72edf7,planningcadastre
41916ec0-a59f-423e-a9dd-7a699c72edf7,plss
41916ec0-a59f-423e-a9dd-7a699c72edf7,plss-corners
41916ec0-a59f-423e-a9dd-7a699c72edf7,plss-divisions
41916ec0-a59f-423e-a9dd-7a699c72edf7,plss-sections
41916ec0-a59f-423e-a9dd-7a699c72edf7,plss-special-surveys
41916ec0-a59f-423e-a9dd-7a699c72edf7,public-land-survey-system
41916ec0-a59f-423e-a9dd-7a699c72edf7,range
41916ec0-a59f-423e-a9dd-7a699c72edf7,section
41916ec0-a59f-423e-a9dd-7a699c72edf7,township
41916ec0-a59f-423e-a9dd-7a699c72edf7,us-department-of-the-interior
03be7da3-b1b8-42bf-984f-3c4580e79654,charter-school
03be7da3-b1b8-42bf-984f-3c4580e79654,education
03be7da3-b1b8-42bf-984f-3c4580e79654,healthy-schools
03be7da3-b1b8-42bf-984f-3c4580e79654,osse
03be7da3-b1b8-42bf-984f-3c4580e79654,public-school
03be7da3-b1b8-42bf-984f-3c4580e79654,school-garden
afb20508-21b4-499b-9ad0-e69842639618,dc
afb20508-21b4-499b-9ad0-e69842639618,district-of-columbia
afb20508-21b4-499b-9ad0-e69842639618,education
afb20508-21b4-499b-9ad0-e69842639618,food
afb20508-21b4-499b-9ad0-e69842639618,osse
afb20508-21b4-499b-9ad0-e69842639618,schools-garden
afb20508-21b4-499b-9ad0-e69842639618,washington-dc
8f402f79-73ce-457b-b843-b34ab5a36aca,alaska
8f402f79-73ce-457b-b843-b34ab5a36aca,chemistry
8f402f79-73ce-457b-b843-b34ab5a36aca,glacial
8f402f79-73ce-457b-b843-b34ab5a36aca,quality
8f402f79-73ce-457b-b843-b34ab5a36aca,solids
8f402f79-73ce-457b-b843-b34ab5a36aca,turbidity
8f402f79-73ce-457b-b843-b34ab5a36aca,water
9bc0b0ef-a826-413e-ad40-ed6cb18814df,enjoy-the-view
9bc0b0ef-a826-413e-ad40-ed6cb18814df,viewsheds
9bc0b0ef-a826-413e-ad40-ed6cb18814df,visual-resource-inventory
ac6123bb-35ce-43d4-ae72-5ed259c7755f,air pressure sensor
ac6123bb-35ce-43d4-ae72-5ed259c7755f,air quality
ac6123bb-35ce-43d4-ae72-5ed259c7755f,air temperature
ac6123bb-35ce-43d4-ae72-5ed259c7755f,alabama
ac6123bb-35ce-43d4-ae72-5ed259c7755f,alaska
ac6123bb-35ce-43d4-ae72-5ed259c7755f,american samoa
ac6123bb-35ce-43d4-ae72-5ed259c7755f,anemometers
ac6123bb-35ce-43d4-ae72-5ed259c7755f,aps
ac6123bb-35ce-43d4-ae72-5ed259c7755f,atlantic ocean
ac6123bb-35ce-43d4-ae72-5ed259c7755f,atmosphere
ac6123bb-35ce-43d4-ae72-5ed259c7755f,atmospheric pressure
ac6123bb-35ce-43d4-ae72-5ed259c7755f,atmospheric pressure measurements
ac6123bb-35ce-43d4-ae72-5ed259c7755f,atmospheric temperature
ac6123bb-35ce-43d4-ae72-5ed259c7755f,atmospheric winds
ac6123bb-35ce-43d4-ae72-5ed259c7755f,atmospheric/ocean indicators
ac6123bb-35ce-43d4-ae72-5ed259c7755f,barometers
ac6123bb-35ce-43d4-ae72-5ed259c7755f,bermuda
ac6123bb-35ce-43d4-ae72-5ed259c7755f,biosphere
ac6123bb-35ce-43d4-ae72-5ed259c7755f,california
ac6123bb-35ce-43d4-ae72-5ed259c7755f,caribbean sea
ac6123bb-35ce-43d4-ae72-5ed259c7755f,center for operational oceanographic products and services
ac6123bb-35ce-43d4-ae72-5ed259c7755f,central pacific ocean
ac6123bb-35ce-43d4-ae72-5ed259c7755f,climate indicators
ac6123bb-35ce-43d4-ae72-5ed259c7755f,co-ops metadata library
ac6123bb-35ce-43d4-ae72-5ed259c7755f,coastal ocean models
ac6123bb-35ce-43d4-ae72-5ed259c7755f,coastal processes
ac6123bb-35ce-43d4-ae72-5ed259c7755f,coastal u.s. territories
ac6123bb-35ce-43d4-ae72-5ed259c7755f,coastal united states
ac6123bb-35ce-43d4-ae72-5ed259c7755f,connecticut
ac6123bb-35ce-43d4-ae72-5ed259c7755f,continent
ac6123bb-35ce-43d4-ae72-5ed259c7755f,data analysis and visualization
ac6123bb-35ce-43d4-ae72-5ed259c7755f,delaware
ac6123bb-35ce-43d4-ae72-5ed259c7755f,district of columbia
ac6123bb-35ce-43d4-ae72-5ed259c7755f,doc/noaa/nos/co-ops
ac6123bb-35ce-43d4-ae72-5ed259c7755f,doppler velocity
ac6123bb-35ce-43d4-ae72-5ed259c7755f,earth science
ac6123bb-35ce-43d4-ae72-5ed259c7755f,earth science services
ac6123bb-35ce-43d4-ae72-5ed259c7755f,ecological dynamics
ac6123bb-35ce-43d4-ae72-5ed259c7755f,ecosystem functions
ac6123bb-35ce-43d4-ae72-5ed259c7755f,environmental advisories
ac6123bb-35ce-43d4-ae72-5ed259c7755f,florida
ac6123bb-35ce-43d4-ae72-5ed259c7755f,geographic information systems
ac6123bb-35ce-43d4-ae72-5ed259c7755f,georgia
ac6123bb-35ce-43d4-ae72-5ed259c7755f,goes
ac6123bb-35ce-43d4-ae72-5ed259c7755f,great lakes
ac6123bb-35ce-43d4-ae72-5ed259c7755f,guam
ac6123bb-35ce-43d4-ae72-5ed259c7755f,gulf of alaska
ac6123bb-35ce-43d4-ae72-5ed259c7755f,gulf of america
ac6123bb-35ce-43d4-ae72-5ed259c7755f,gulf of mexico
ac6123bb-35ce-43d4-ae72-5ed259c7755f,hawaii
ac6123bb-35ce-43d4-ae72-5ed259c7755f,hawaiian islands
ac6123bb-35ce-43d4-ae72-5ed259c7755f,humidity sensors
ac6123bb-35ce-43d4-ae72-5ed259c7755f,illinois
ac6123bb-35ce-43d4-ae72-5ed259c7755f,inundation
ac6123bb-35ce-43d4-ae72-5ed259c7755f,liquid precipitation
ac6123bb-35ce-43d4-ae72-5ed259c7755f,louisiana
ac6123bb-35ce-43d4-ae72-5ed259c7755f,maine
ac6123bb-35ce-43d4-ae72-5ed259c7755f,marine advisories
ac6123bb-35ce-43d4-ae72-5ed259c7755f,marine weather/forecast
ac6123bb-35ce-43d4-ae72-5ed259c7755f,marshall islands
ac6123bb-35ce-43d4-ae72-5ed259c7755f,maryland
ac6123bb-35ce-43d4-ae72-5ed259c7755f,massachusetts
ac6123bb-35ce-43d4-ae72-5ed259c7755f,michigan
ac6123bb-35ce-43d4-ae72-5ed259c7755f,micronesia
ac6123bb-35ce-43d4-ae72-5ed259c7755f,midway atoll
ac6123bb-35ce-43d4-ae72-5ed259c7755f,minnesota
ac6123bb-35ce-43d4-ae72-5ed259c7755f,mississippi
ac6123bb-35ce-43d4-ae72-5ed259c7755f,models
ac6123bb-35ce-43d4-ae72-5ed259c7755f,national ocean service
ac6123bb-35ce-43d4-ae72-5ed259c7755f,national operational coastal modeling program
ac6123bb-35ce-43d4-ae72-5ed259c7755f,national water level observation network
ac6123bb-35ce-43d4-ae72-5ed259c7755f,new jersey
ac6123bb-35ce-43d4-ae72-5ed259c7755f,new york
ac6123bb-35ce-43d4-ae72-5ed259c7755f,noaa
ac6123bb-35ce-43d4-ae72-5ed259c7755f,noaa geostationary operational environmental satellites
ac6123bb-35ce-43d4-ae72-5ed259c7755f,nocmp
ac6123bb-35ce-43d4-ae72-5ed259c7755f,north america
ac6123bb-35ce-43d4-ae72-5ed259c7755f,north atlantic ocean
ac6123bb-35ce-43d4-ae72-5ed259c7755f,north carolina
ac6123bb-35ce-43d4-ae72-5ed259c7755f,north pacific ocean
ac6123bb-35ce-43d4-ae72-5ed259c7755f,nwlon
ac6123bb-35ce-43d4-ae72-5ed259c7755f,ocean
ac6123bb-35ce-43d4-ae72-5ed259c7755f,ocean temperature
ac6123bb-35ce-43d4-ae72-5ed259c7755f,ocean winds
ac6123bb-35ce-43d4-ae72-5ed259c7755f,oceans
ac6123bb-35ce-43d4-ae72-5ed259c7755f,ofs
ac6123bb-35ce-43d4-ae72-5ed259c7755f,ohio
ac6123bb-35ce-43d4-ae72-5ed259c7755f,operational forecast systems
ac6123bb-35ce-43d4-ae72-5ed259c7755f,oregon
ac6123bb-35ce-43d4-ae72-5ed259c7755f,pacific ocean
ac6123bb-35ce-43d4-ae72-5ed259c7755f,pennsylvania
ac6123bb-35ce-43d4-ae72-5ed259c7755f,physical oceanographic real-time system
ac6123bb-35ce-43d4-ae72-5ed259c7755f,polynesia
ac6123bb-35ce-43d4-ae72-5ed259c7755f,ports
ac6123bb-35ce-43d4-ae72-5ed259c7755f,precipitation
ac6123bb-35ce-43d4-ae72-5ed259c7755f,precipitation indicators
ac6123bb-35ce-43d4-ae72-5ed259c7755f,pressure sensors
ac6123bb-35ce-43d4-ae72-5ed259c7755f,puerto rico
ac6123bb-35ce-43d4-ae72-5ed259c7755f,radar
ac6123bb-35ce-43d4-ae72-5ed259c7755f,rain
ac6123bb-35ce-43d4-ae72-5ed259c7755f,rain gauges
ac6123bb-35ce-43d4-ae72-5ed259c7755f,rhode island
ac6123bb-35ce-43d4-ae72-5ed259c7755f,sahel standardized rainfall
ac6123bb-35ce-43d4-ae72-5ed259c7755f,samoa
ac6123bb-35ce-43d4-ae72-5ed259c7755f,south carolina
ac6123bb-35ce-43d4-ae72-5ed259c7755f,south pacific ocean
ac6123bb-35ce-43d4-ae72-5ed259c7755f,spectral/engineering
ac6123bb-35ce-43d4-ae72-5ed259c7755f,storm surge
ac6123bb-35ce-43d4-ae72-5ed259c7755f,surface temperature
ac6123bb-35ce-43d4-ae72-5ed259c7755f,surface water
ac6123bb-35ce-43d4-ae72-5ed259c7755f,surface water processes/measurements
ac6123bb-35ce-43d4-ae72-5ed259c7755f,surface winds
ac6123bb-35ce-43d4-ae72-5ed259c7755f,temperature probes
ac6123bb-35ce-43d4-ae72-5ed259c7755f,temperature sensors
ac6123bb-35ce-43d4-ae72-5ed259c7755f,terrestrial hydrosphere
ac6123bb-35ce-43d4-ae72-5ed259c7755f,texas
ac6123bb-35ce-43d4-ae72-5ed259c7755f,thermistors
ac6123bb-35ce-43d4-ae72-5ed259c7755f,tides
ac6123bb-35ce-43d4-ae72-5ed259c7755f,u.s. department of commerce
ac6123bb-35ce-43d4-ae72-5ed259c7755f,u.s. exclusive economic zone
ac6123bb-35ce-43d4-ae72-5ed259c7755f,united states of america
ac6123bb-35ce-43d4-ae72-5ed259c7755f,virgin islands
ac6123bb-35ce-43d4-ae72-5ed259c7755f,virginia
ac6123bb-35ce-43d4-ae72-5ed259c7755f,visibility
ac6123bb-35ce-43d4-ae72-5ed259c7755f,visibility sensor
ac6123bb-35ce-43d4-ae72-5ed259c7755f,wake island
ac6123bb-35ce-43d4-ae72-5ed259c7755f,washington
ac6123bb-35ce-43d4-ae72-5ed259c7755f,water temperature
ac6123bb-35ce-43d4-ae72-5ed259c7755f,web-based geographic information systems
ac6123bb-35ce-43d4-ae72-5ed259c7755f,western pacific ocean
ac6123bb-35ce-43d4-ae72-5ed259c7755f,wisconsin
b2f6c725-40db-449f-91a3-8609b1641d67,acoustic sounders
b2f6c725-40db-449f-91a3-8609b1641d67,alabama
b2f6c725-40db-449f-91a3-8609b1641d67,alaska
b2f6c725-40db-449f-91a3-8609b1641d67,american samoa
b2f6c725-40db-449f-91a3-8609b1641d67,atlantic ocean
b2f6c725-40db-449f-91a3-8609b1641d67,atmospheric/ocean indicators
b2f6c725-40db-449f-91a3-8609b1641d67,bermuda
b2f6c725-40db-449f-91a3-8609b1641d67,california
b2f6c725-40db-449f-91a3-8609b1641d67,caribbean sea
b2f6c725-40db-449f-91a3-8609b1641d67,center for operational oceanographic products and services
b2f6c725-40db-449f-91a3-8609b1641d67,central pacific ocean
b2f6c725-40db-449f-91a3-8609b1641d67,climate indicators
b2f6c725-40db-449f-91a3-8609b1641d67,co-ops metadata library
b2f6c725-40db-449f-91a3-8609b1641d67,coastal monitoring
b2f6c725-40db-449f-91a3-8609b1641d67,coastal processes
b2f6c725-40db-449f-91a3-8609b1641d67,coastal sea levelstations
b2f6c725-40db-449f-91a3-8609b1641d67,coastal u.s. territories
b2f6c725-40db-449f-91a3-8609b1641d67,coastal united states
b2f6c725-40db-449f-91a3-8609b1641d67,compound extreme events
b2f6c725-40db-449f-91a3-8609b1641d67,connecticut
b2f6c725-40db-449f-91a3-8609b1641d67,continent
b2f6c725-40db-449f-91a3-8609b1641d67,delaware
b2f6c725-40db-449f-91a3-8609b1641d67,district of columbia
b2f6c725-40db-449f-91a3-8609b1641d67,doc/noaa/nos/co-ops
b2f6c725-40db-449f-91a3-8609b1641d67,earth science
b2f6c725-40db-449f-91a3-8609b1641d67,extreme weather
b2f6c725-40db-449f-91a3-8609b1641d67,flooding
b2f6c725-40db-449f-91a3-8609b1641d67,florida
b2f6c725-40db-449f-91a3-8609b1641d67,geomorphic landforms/processes
b2f6c725-40db-449f-91a3-8609b1641d67,georgia
b2f6c725-40db-449f-91a3-8609b1641d67,goes
b2f6c725-40db-449f-91a3-8609b1641d67,guam
b2f6c725-40db-449f-91a3-8609b1641d67,gulf of america
b2f6c725-40db-449f-91a3-8609b1641d67,gulf of mexico
b2f6c725-40db-449f-91a3-8609b1641d67,hawaii
b2f6c725-40db-449f-91a3-8609b1641d67,hawaiian islands
b2f6c725-40db-449f-91a3-8609b1641d67,johnston atoll
b2f6c725-40db-449f-91a3-8609b1641d67,land surface
b2f6c725-40db-449f-91a3-8609b1641d67,louisiana
b2f6c725-40db-449f-91a3-8609b1641d67,maine
b2f6c725-40db-449f-91a3-8609b1641d67,marine environment monitoring
b2f6c725-40db-449f-91a3-8609b1641d67,marshall islands
b2f6c725-40db-449f-91a3-8609b1641d67,maryland
b2f6c725-40db-449f-91a3-8609b1641d67,massachusetts
b2f6c725-40db-449f-91a3-8609b1641d67,micronesia
b2f6c725-40db-449f-91a3-8609b1641d67,microwave water level (mwwl) sensor
b2f6c725-40db-449f-91a3-8609b1641d67,midway atoll
b2f6c725-40db-449f-91a3-8609b1641d67,mississippi
b2f6c725-40db-449f-91a3-8609b1641d67,national ocean service
b2f6c725-40db-449f-91a3-8609b1641d67,national water level observation network
b2f6c725-40db-449f-91a3-8609b1641d67,new hampshire
b2f6c725-40db-449f-91a3-8609b1641d67,new jersey
b2f6c725-40db-449f-91a3-8609b1641d67,new york
b2f6c725-40db-449f-91a3-8609b1641d67,noaa
b2f6c725-40db-449f-91a3-8609b1641d67,noaa geostationary operational environmental satellites
b2f6c725-40db-449f-91a3-8609b1641d67,north america
b2f6c725-40db-449f-91a3-8609b1641d67,north atlantic ocean
b2f6c725-40db-449f-91a3-8609b1641d67,north carolina
b2f6c725-40db-449f-91a3-8609b1641d67,nwlon
b2f6c725-40db-449f-91a3-8609b1641d67,nwlon station
b2f6c725-40db-449f-91a3-8609b1641d67,ocean
b2f6c725-40db-449f-91a3-8609b1641d67,oceans
b2f6c725-40db-449f-91a3-8609b1641d67,oregon
b2f6c725-40db-449f-91a3-8609b1641d67,pacific ocean
b2f6c725-40db-449f-91a3-8609b1641d67,pennsylvania
b2f6c725-40db-449f-91a3-8609b1641d67,physical oceanographic real-time system
b2f6c725-40db-449f-91a3-8609b1641d67,ports
b2f6c725-40db-449f-91a3-8609b1641d67,pressure sensors
b2f6c725-40db-449f-91a3-8609b1641d67,puerto rico
b2f6c725-40db-449f-91a3-8609b1641d67,rhode island
b2f6c725-40db-449f-91a3-8609b1641d67,sea surface height
b2f6c725-40db-449f-91a3-8609b1641d67,south carolina
b2f6c725-40db-449f-91a3-8609b1641d67,storm surge
b2f6c725-40db-449f-91a3-8609b1641d67,storm tide
b2f6c725-40db-449f-91a3-8609b1641d67,texas
b2f6c725-40db-449f-91a3-8609b1641d67,tidal height
b2f6c725-40db-449f-91a3-8609b1641d67,tidal range
b2f6c725-40db-449f-91a3-8609b1641d67,tide gauges
b2f6c725-40db-449f-91a3-8609b1641d67,tides
b2f6c725-40db-449f-91a3-8609b1641d67,tides and currents
b2f6c725-40db-449f-91a3-8609b1641d67,u.s. department of commerce
b2f6c725-40db-449f-91a3-8609b1641d67,united states of america
b2f6c725-40db-449f-91a3-8609b1641d67,virgin islands
b2f6c725-40db-449f-91a3-8609b1641d67,virginia
b2f6c725-40db-449f-91a3-8609b1641d67,wake island
b2f6c725-40db-449f-91a3-8609b1641d67,washington
b2f6c725-40db-449f-91a3-8609b1641d67,water level gauges
b2f6c725-40db-449f-91a3-8609b1641d67,water level predictions
b2f6c725-40db-449f-91a3-8609b1641d67,western pacific ocean
965d45b5-c8d4-49ce-bd1d-3959368e153e,active microwave instrument
965d45b5-c8d4-49ce-bd1d-3959368e153e,air gap
965d45b5-c8d4-49ce-bd1d-3959368e153e,ami
965d45b5-c8d4-49ce-bd1d-3959368e153e,california
965d45b5-c8d4-49ce-bd1d-3959368e153e,center for operational oceanographic products and services
965d45b5-c8d4-49ce-bd1d-3959368e153e,co-ops metadata library
965d45b5-c8d4-49ce-bd1d-3959368e153e,continent
965d45b5-c8d4-49ce-bd1d-3959368e153e,delaware
965d45b5-c8d4-49ce-bd1d-3959368e153e,doc/noaa/nos/co-ops
965d45b5-c8d4-49ce-bd1d-3959368e153e,florida
965d45b5-c8d4-49ce-bd1d-3959368e153e,georgia
965d45b5-c8d4-49ce-bd1d-3959368e153e,louisiana
965d45b5-c8d4-49ce-bd1d-3959368e153e,maryland
965d45b5-c8d4-49ce-bd1d-3959368e153e,national ocean service
965d45b5-c8d4-49ce-bd1d-3959368e153e,new jersey
965d45b5-c8d4-49ce-bd1d-3959368e153e,new york
965d45b5-c8d4-49ce-bd1d-3959368e153e,noaa
965d45b5-c8d4-49ce-bd1d-3959368e153e,north america
965d45b5-c8d4-49ce-bd1d-3959368e153e,pennsylvania
965d45b5-c8d4-49ce-bd1d-3959368e153e,physical oceanographic real-time system
965d45b5-c8d4-49ce-bd1d-3959368e153e,ports
965d45b5-c8d4-49ce-bd1d-3959368e153e,south carolina
965d45b5-c8d4-49ce-bd1d-3959368e153e,u.s. department of commerce
965d45b5-c8d4-49ce-bd1d-3959368e153e,united states of america
d67f8fb3-37da-4961-9c5e-530457d11a7a,chronic-conditions
d67f8fb3-37da-4961-9c5e-530457d11a7a,coordinated-care
d67f8fb3-37da-4961-9c5e-530457d11a7a,medicare
d67f8fb3-37da-4961-9c5e-530457d11a7a,original-medicare
d67f8fb3-37da-4961-9c5e-530457d11a7a,value-based-care
1b5c81f3-ade1-4a7f-88c0-a2029a7832a7,drug-rebate-program
059e0f2b-356b-43d0-a7b1-0fc1f7306f45,acec
059e0f2b-356b-43d0-a7b1-0fc1f7306f45,area-of-critical-environmental-concern
059e0f2b-356b-43d0-a7b1-0fc1f7306f45,authorization
059e0f2b-356b-43d0-a7b1-0fc1f7306f45,blm
059e0f2b-356b-43d0-a7b1-0fc1f7306f45,boundaries
059e0f2b-356b-43d0-a7b1-0fc1f7306f45,bureau-of-land-management
059e0f2b-356b-43d0-a7b1-0fc1f7306f45,department-of-the-interior
059e0f2b-356b-43d0-a7b1-0fc1f7306f45,doi
059e0f2b-356b-43d0-a7b1-0fc1f7306f45,environment
059e0f2b-356b-43d0-a7b1-0fc1f7306f45,federal-land-policy-and-management-act
059e0f2b-356b-43d0-a7b1-0fc1f7306f45,flpma
059e0f2b-356b-43d0-a7b1-0fc1f7306f45,geographic-information-system
059e0f2b-356b-43d0-a7b1-0fc1f7306f45,geoscientific-information
059e0f2b-356b-43d0-a7b1-0fc1f7306f45,geospatial
059e0f2b-356b-43d0-a7b1-0fc1f7306f45,gis
059e0f2b-356b-43d0-a7b1-0fc1f7306f45,idaho
059e0f2b-356b-43d0-a7b1-0fc1f7306f45,jurisdiction
059e0f2b-356b-43d0-a7b1-0fc1f7306f45,land-management
059e0f2b-356b-43d0-a7b1-0fc1f7306f45,land-use-plan
059e0f2b-356b-43d0-a7b1-0fc1f7306f45,land-use-planning
059e0f2b-356b-43d0-a7b1-0fc1f7306f45,location
059e0f2b-356b-43d0-a7b1-0fc1f7306f45,lup
059e0f2b-356b-43d0-a7b1-0fc1f7306f45,management
059e0f2b-356b-43d0-a7b1-0fc1f7306f45,ona
059e0f2b-356b-43d0-a7b1-0fc1f7306f45,outstanding-natural-area
059e0f2b-356b-43d0-a7b1-0fc1f7306f45,relevant-and-important-values
059e0f2b-356b-43d0-a7b1-0fc1f7306f45,research-natural-area
059e0f2b-356b-43d0-a7b1-0fc1f7306f45,resource-framework-plan
059e0f2b-356b-43d0-a7b1-0fc1f7306f45,resource-management-plan
059e0f2b-356b-43d0-a7b1-0fc1f7306f45,rfp
059e0f2b-356b-43d0-a7b1-0fc1f7306f45,rmp
059e0f2b-356b-43d0-a7b1-0fc1f7306f45,rna
059e0f2b-356b-43d0-a7b1-0fc1f7306f45,united-states
059e0f2b-356b-43d0-a7b1-0fc1f7306f45,western-states
9b84b96a-b4ae-4625-a63c-2af9539573b1,assessment
9b84b96a-b4ae-4625-a63c-2af9539573b1,cheminformatics
9b84b96a-b4ae-4625-a63c-2af9539573b1,exposure
9b84b96a-b4ae-4625-a63c-2af9539573b1,high-resolution-mass-spectrometry
9b84b96a-b4ae-4625-a63c-2af9539573b1,non-targeted-analysis
9b84b96a-b4ae-4625-a63c-2af9539573b1,software
8efb2248-36d8-4876-aa9f-3b44ea7da694,arsenic
8efb2248-36d8-4876-aa9f-3b44ea7da694,grass
8efb2248-36d8-4876-aa9f-3b44ea7da694,lead
8efb2248-36d8-4876-aa9f-3b44ea7da694,lime
8efb2248-36d8-4876-aa9f-3b44ea7da694,remediation
8efb2248-36d8-4876-aa9f-3b44ea7da694,soil
8efb2248-36d8-4876-aa9f-3b44ea7da694,vegetation
baafb18b-4c3c-4b42-b55b-96404b6d5006,hiking
baafb18b-4c3c-4b42-b55b-96404b6d5006,lecl
baafb18b-4c3c-4b42-b55b-96404b6d5006,lewis-and-clark
baafb18b-4c3c-4b42-b55b-96404b6d5006,lewis-and-clark-national-historic-trail
baafb18b-4c3c-4b42-b55b-96404b6d5006,lewis-and-clark-trail
baafb18b-4c3c-4b42-b55b-96404b6d5006,national-historic-trail
baafb18b-4c3c-4b42-b55b-96404b6d5006,national-park-service
baafb18b-4c3c-4b42-b55b-96404b6d5006,national-trails-system
baafb18b-4c3c-4b42-b55b-96404b6d5006,nps
baafb18b-4c3c-4b42-b55b-96404b6d5006,recreation
baafb18b-4c3c-4b42-b55b-96404b6d5006,trail
4c5f040b-b0d1-4545-afb8-0ff47730af60,climate-change
4c5f040b-b0d1-4545-afb8-0ff47730af60,regine-shifts
4c5f040b-b0d1-4545-afb8-0ff47730af60,resilience
4c5f040b-b0d1-4545-afb8-0ff47730af60,tipping-points
3c91e2fc-32ba-4a3a-ab7d-9ec82678de87,arsenic
3c91e2fc-32ba-4a3a-ab7d-9ec82678de87,bioretention
3c91e2fc-32ba-4a3a-ab7d-9ec82678de87,drinking-water-treatment-residuals
3c91e2fc-32ba-4a3a-ab7d-9ec82678de87,green-stormwater-infrastructure
3c91e2fc-32ba-4a3a-ab7d-9ec82678de87,pfas
3c91e2fc-32ba-4a3a-ab7d-9ec82678de87,phosphorus
3c91e2fc-32ba-4a3a-ab7d-9ec82678de87,sorption
1aa7fe29-6623-4596-8071-273f6ba728e8,aerial
1aa7fe29-6623-4596-8071-273f6ba728e8,aerial geology
1aa7fe29-6623-4596-8071-273f6ba728e8,barry arm
1aa7fe29-6623-4596-8071-273f6ba728e8,barry glacier
1aa7fe29-6623-4596-8071-273f6ba728e8,cascade glacier
1aa7fe29-6623-4596-8071-273f6ba728e8,debris avalanche
1aa7fe29-6623-4596-8071-273f6ba728e8,debris flow
1aa7fe29-6623-4596-8071-273f6ba728e8,dggs
1aa7fe29-6623-4596-8071-273f6ba728e8,digital elevation model
1aa7fe29-6623-4596-8071-273f6ba728e8,digital surface model (dsm)
1aa7fe29-6623-4596-8071-273f6ba728e8,digital terrain model
1aa7fe29-6623-4596-8071-273f6ba728e8,elevation
1aa7fe29-6623-4596-8071-273f6ba728e8,engineering
1aa7fe29-6623-4596-8071-273f6ba728e8,engineering geology
1aa7fe29-6623-4596-8071-273f6ba728e8,geologic
1aa7fe29-6623-4596-8071-273f6ba728e8,geologic hazards
1aa7fe29-6623-4596-8071-273f6ba728e8,geological process
1aa7fe29-6623-4596-8071-273f6ba728e8,geology
1aa7fe29-6623-4596-8071-273f6ba728e8,geomorphology
1aa7fe29-6623-4596-8071-273f6ba728e8,geotechnical
1aa7fe29-6623-4596-8071-273f6ba728e8,glacial
1aa7fe29-6623-4596-8071-273f6ba728e8,glacial deposits
1aa7fe29-6623-4596-8071-273f6ba728e8,glacial geology
1aa7fe29-6623-4596-8071-273f6ba728e8,glacial geomorphology
1aa7fe29-6623-4596-8071-273f6ba728e8,glacial processes
1aa7fe29-6623-4596-8071-273f6ba728e8,hazards
1aa7fe29-6623-4596-8071-273f6ba728e8,landslide
1aa7fe29-6623-4596-8071-273f6ba728e8,landslide susceptibility
1aa7fe29-6623-4596-8071-273f6ba728e8,las index shapefile
1aa7fe29-6623-4596-8071-273f6ba728e8,lidar
1aa7fe29-6623-4596-8071-273f6ba728e8,lidar intensity image
1aa7fe29-6623-4596-8071-273f6ba728e8,lidar las file format
1aa7fe29-6623-4596-8071-273f6ba728e8,point cloud data
1aa7fe29-6623-4596-8071-273f6ba728e8,remote sensing
1aa7fe29-6623-4596-8071-273f6ba728e8,rock avalanche
1aa7fe29-6623-4596-8071-273f6ba728e8,rockfall
1aa7fe29-6623-4596-8071-273f6ba728e8,slope
1aa7fe29-6623-4596-8071-273f6ba728e8,slope instability
1aa7fe29-6623-4596-8071-273f6ba728e8,southcentral alaska
1aa7fe29-6623-4596-8071-273f6ba728e8,surface
1aa7fe29-6623-4596-8071-273f6ba728e8,surficial
1aa7fe29-6623-4596-8071-273f6ba728e8,surficial geology
1aa7fe29-6623-4596-8071-273f6ba728e8,topography
1aa7fe29-6623-4596-8071-273f6ba728e8,unconsolidated deposits
5bc939d3-1382-4773-aedc-ff5e6d702869,alexander creek
5bc939d3-1382-4773-aedc-ff5e6d702869,alexander lake
5bc939d3-1382-4773-aedc-ff5e6d702869,alluvial
5bc939d3-1382-4773-aedc-ff5e6d702869,alluvium
5bc939d3-1382-4773-aedc-ff5e6d702869,bates creek
5bc939d3-1382-4773-aedc-ff5e6d702869,bear creek
5bc939d3-1382-4773-aedc-ff5e6d702869,bedrock
5bc939d3-1382-4773-aedc-ff5e6d702869,bedrock geologic map
5bc939d3-1382-4773-aedc-ff5e6d702869,bedrock geology
5bc939d3-1382-4773-aedc-ff5e6d702869,beluga mountain
5bc939d3-1382-4773-aedc-ff5e6d702869,canyon creek
5bc939d3-1382-4773-aedc-ff5e6d702869,canyon lake
5bc939d3-1382-4773-aedc-ff5e6d702869,chert
5bc939d3-1382-4773-aedc-ff5e6d702869,clay
5bc939d3-1382-4773-aedc-ff5e6d702869,claystone
5bc939d3-1382-4773-aedc-ff5e6d702869,clear creek
5bc939d3-1382-4773-aedc-ff5e6d702869,coal
5bc939d3-1382-4773-aedc-ff5e6d702869,colluvium
5bc939d3-1382-4773-aedc-ff5e6d702869,conglomerate
5bc939d3-1382-4773-aedc-ff5e6d702869,contact creek
5bc939d3-1382-4773-aedc-ff5e6d702869,correlation
5bc939d3-1382-4773-aedc-ff5e6d702869,cretaceous
5bc939d3-1382-4773-aedc-ff5e6d702869,deep creek
5bc939d3-1382-4773-aedc-ff5e6d702869,dggs
5bc939d3-1382-4773-aedc-ff5e6d702869,dike
5bc939d3-1382-4773-aedc-ff5e6d702869,dog lake
5bc939d3-1382-4773-aedc-ff5e6d702869,drift
5bc939d3-1382-4773-aedc-ff5e6d702869,early eocene
5bc939d3-1382-4773-aedc-ff5e6d702869,early miocene
5bc939d3-1382-4773-aedc-ff5e6d702869,elevation
5bc939d3-1382-4773-aedc-ff5e6d702869,elmendorf stade
5bc939d3-1382-4773-aedc-ff5e6d702869,engineering
5bc939d3-1382-4773-aedc-ff5e6d702869,engineering geology
5bc939d3-1382-4773-aedc-ff5e6d702869,eocene
5bc939d3-1382-4773-aedc-ff5e6d702869,erosion
5bc939d3-1382-4773-aedc-ff5e6d702869,fan
5bc939d3-1382-4773-aedc-ff5e6d702869,faulting
5bc939d3-1382-4773-aedc-ff5e6d702869,feldspar
5bc939d3-1382-4773-aedc-ff5e6d702869,flood
5bc939d3-1382-4773-aedc-ff5e6d702869,floodplain
5bc939d3-1382-4773-aedc-ff5e6d702869,fluvial
5bc939d3-1382-4773-aedc-ff5e6d702869,flysch
5bc939d3-1382-4773-aedc-ff5e6d702869,gabbro
5bc939d3-1382-4773-aedc-ff5e6d702869,geologic
5bc939d3-1382-4773-aedc-ff5e6d702869,geologic hazards
5bc939d3-1382-4773-aedc-ff5e6d702869,geologic map
5bc939d3-1382-4773-aedc-ff5e6d702869,geologic materials
5bc939d3-1382-4773-aedc-ff5e6d702869,geological process
5bc939d3-1382-4773-aedc-ff5e6d702869,geology
5bc939d3-1382-4773-aedc-ff5e6d702869,geomorphology
5bc939d3-1382-4773-aedc-ff5e6d702869,glacial
5bc939d3-1382-4773-aedc-ff5e6d702869,glaciation
5bc939d3-1382-4773-aedc-ff5e6d702869,gravel
5bc939d3-1382-4773-aedc-ff5e6d702869,hayes river
5bc939d3-1382-4773-aedc-ff5e6d702869,hazards
5bc939d3-1382-4773-aedc-ff5e6d702869,hiline lake
5bc939d3-1382-4773-aedc-ff5e6d702869,holocene
5bc939d3-1382-4773-aedc-ff5e6d702869,hornblende
5bc939d3-1382-4773-aedc-ff5e6d702869,igneous
5bc939d3-1382-4773-aedc-ff5e6d702869,intrusive
5bc939d3-1382-4773-aedc-ff5e6d702869,jean lake
5bc939d3-1382-4773-aedc-ff5e6d702869,jurassic
5bc939d3-1382-4773-aedc-ff5e6d702869,kahiltna terrane
5bc939d3-1382-4773-aedc-ff5e6d702869,killey stade
5bc939d3-1382-4773-aedc-ff5e6d702869,landslide
5bc939d3-1382-4773-aedc-ff5e6d702869,late miocene
5bc939d3-1382-4773-aedc-ff5e6d702869,late paleocene
5bc939d3-1382-4773-aedc-ff5e6d702869,meltwater
5bc939d3-1382-4773-aedc-ff5e6d702869,metamorphic
5bc939d3-1382-4773-aedc-ff5e6d702869,metapelite
5bc939d3-1382-4773-aedc-ff5e6d702869,middle miocene
5bc939d3-1382-4773-aedc-ff5e6d702869,miocene
5bc939d3-1382-4773-aedc-ff5e6d702869,moosehorn stade
5bc939d3-1382-4773-aedc-ff5e6d702869,moraines
5bc939d3-1382-4773-aedc-ff5e6d702869,mudstone
5bc939d3-1382-4773-aedc-ff5e6d702869,naptowne glaciation
5bc939d3-1382-4773-aedc-ff5e6d702869,nonmarine
5bc939d3-1382-4773-aedc-ff5e6d702869,onestone lake
5bc939d3-1382-4773-aedc-ff5e6d702869,outcrop
5bc939d3-1382-4773-aedc-ff5e6d702869,outwash
5bc939d3-1382-4773-aedc-ff5e6d702869,paleocene
5bc939d3-1382-4773-aedc-ff5e6d702869,paludal
5bc939d3-1382-4773-aedc-ff5e6d702869,peat
5bc939d3-1382-4773-aedc-ff5e6d702869,pebble
5bc939d3-1382-4773-aedc-ff5e6d702869,plagioclase
5bc939d3-1382-4773-aedc-ff5e6d702869,pleistocene
5bc939d3-1382-4773-aedc-ff5e6d702869,pliocene
5bc939d3-1382-4773-aedc-ff5e6d702869,quartz
5bc939d3-1382-4773-aedc-ff5e6d702869,quartz creek
5bc939d3-1382-4773-aedc-ff5e6d702869,rabbit lake
5bc939d3-1382-4773-aedc-ff5e6d702869,redoubt mining district
5bc939d3-1382-4773-aedc-ff5e6d702869,resources
5bc939d3-1382-4773-aedc-ff5e6d702869,rocks
5bc939d3-1382-4773-aedc-ff5e6d702869,sand
5bc939d3-1382-4773-aedc-ff5e6d702869,sandstone
5bc939d3-1382-4773-aedc-ff5e6d702869,sediment
5bc939d3-1382-4773-aedc-ff5e6d702869,sedimentary
5bc939d3-1382-4773-aedc-ff5e6d702869,sevenmile lake
5bc939d3-1382-4773-aedc-ff5e6d702869,shell creek
5bc939d3-1382-4773-aedc-ff5e6d702869,silt
5bc939d3-1382-4773-aedc-ff5e6d702869,siltstone
5bc939d3-1382-4773-aedc-ff5e6d702869,skilak stade
5bc939d3-1382-4773-aedc-ff5e6d702869,skwentna river
5bc939d3-1382-4773-aedc-ff5e6d702869,snag creek
5bc939d3-1382-4773-aedc-ff5e6d702869,subbituminous
5bc939d3-1382-4773-aedc-ff5e6d702869,subsidence
5bc939d3-1382-4773-aedc-ff5e6d702869,sucker lake
5bc939d3-1382-4773-aedc-ff5e6d702869,surface
5bc939d3-1382-4773-aedc-ff5e6d702869,surficial
5bc939d3-1382-4773-aedc-ff5e6d702869,surficial deposits
5bc939d3-1382-4773-aedc-ff5e6d702869,surficial geologic map
5bc939d3-1382-4773-aedc-ff5e6d702869,surficial geology
5bc939d3-1382-4773-aedc-ff5e6d702869,talachulitna river
5bc939d3-1382-4773-aedc-ff5e6d702869,talus
5bc939d3-1382-4773-aedc-ff5e6d702869,teepee lake
5bc939d3-1382-4773-aedc-ff5e6d702869,tephra
5bc939d3-1382-4773-aedc-ff5e6d702869,terrace
5bc939d3-1382-4773-aedc-ff5e6d702869,texas creek
5bc939d3-1382-4773-aedc-ff5e6d702869,thursday creek
5bc939d3-1382-4773-aedc-ff5e6d702869,till
5bc939d3-1382-4773-aedc-ff5e6d702869,top lake
5bc939d3-1382-4773-aedc-ff5e6d702869,trail creek
5bc939d3-1382-4773-aedc-ff5e6d702869,trail lake
5bc939d3-1382-4773-aedc-ff5e6d702869,tuff
5bc939d3-1382-4773-aedc-ff5e6d702869,volcanic
5bc939d3-1382-4773-aedc-ff5e6d702869,volcaniclastics
5bc939d3-1382-4773-aedc-ff5e6d702869,wolf lakes
5bc939d3-1382-4773-aedc-ff5e6d702869,wolverine creek
5bc939d3-1382-4773-aedc-ff5e6d702869,yentna mining district
36f9e5c9-04dc-40e8-b366-6c9d4f1372f0,age dates
36f9e5c9-04dc-40e8-b366-6c9d4f1372f0,american creek
36f9e5c9-04dc-40e8-b366-6c9d4f1372f0,anaconda creek
36f9e5c9-04dc-40e8-b366-6c9d4f1372f0,analyses
36f9e5c9-04dc-40e8-b366-6c9d4f1372f0,analyses and sampling
36f9e5c9-04dc-40e8-b366-6c9d4f1372f0,analytical lab results
36f9e5c9-04dc-40e8-b366-6c9d4f1372f0,analytical results
36f9e5c9-04dc-40e8-b366-6c9d4f1372f0,bachelor creek
36f9e5c9-04dc-40e8-b366-6c9d4f1372f0,bates creek
36f9e5c9-04dc-40e8-b366-6c9d4f1372f0,bear creek
36f9e5c9-04dc-40e8-b366-6c9d4f1372f0,bedrock
36f9e5c9-04dc-40e8-b366-6c9d4f1372f0,bedrock geology
36f9e5c9-04dc-40e8-b366-6c9d4f1372f0,bluestone creek
36f9e5c9-04dc-40e8-b366-6c9d4f1372f0,bonanza creek
36f9e5c9-04dc-40e8-b366-6c9d4f1372f0,brigham creek
36f9e5c9-04dc-40e8-b366-6c9d4f1372f0,cache mountain
36f9e5c9-04dc-40e8-b366-6c9d4f1372f0,cache mountain creek
36f9e5c9-04dc-40e8-b366-6c9d4f1372f0,caribou creek
36f9e5c9-04dc-40e8-b366-6c9d4f1372f0,cenomanian
36f9e5c9-04dc-40e8-b366-6c9d4f1372f0,cenozoic
36f9e5c9-04dc-40e8-b366-6c9d4f1372f0,champion creek
36f9e5c9-04dc-40e8-b366-6c9d4f1372f0,circle mining district
36f9e5c9-04dc-40e8-b366-6c9d4f1372f0,convert creek
36f9e5c9-04dc-40e8-b366-6c9d4f1372f0,cretaceous
36f9e5c9-04dc-40e8-b366-6c9d4f1372f0,deep creek
36f9e5c9-04dc-40e8-b366-6c9d4f1372f0,devonian
36f9e5c9-04dc-40e8-b366-6c9d4f1372f0,dggs
36f9e5c9-04dc-40e8-b366-6c9d4f1372f0,dike
36f9e5c9-04dc-40e8-b366-6c9d4f1372f0,eagle summit
36f9e5c9-04dc-40e8-b366-6c9d4f1372f0,earth mri
36f9e5c9-04dc-40e8-b366-6c9d4f1372f0,economic geology
36f9e5c9-04dc-40e8-b366-6c9d4f1372f0,exploration
36f9e5c9-04dc-40e8-b366-6c9d4f1372f0,fairbanks mining district
36f9e5c9-04dc-40e8-b366-6c9d4f1372f0,famennian
36f9e5c9-04dc-40e8-b366-6c9d4f1372f0,fossil creek
36f9e5c9-04dc-40e8-b366-6c9d4f1372f0,geochemistry
36f9e5c9-04dc-40e8-b366-6c9d4f1372f0,geochronology
36f9e5c9-04dc-40e8-b366-6c9d4f1372f0,geologic
36f9e5c9-04dc-40e8-b366-6c9d4f1372f0,geology
36f9e5c9-04dc-40e8-b366-6c9d4f1372f0,granite
36f9e5c9-04dc-40e8-b366-6c9d4f1372f0,granodiorite
36f9e5c9-04dc-40e8-b366-6c9d4f1372f0,graystone creek
36f9e5c9-04dc-40e8-b366-6c9d4f1372f0,hope creek
36f9e5c9-04dc-40e8-b366-6c9d4f1372f0,hornblende
36f9e5c9-04dc-40e8-b366-6c9d4f1372f0,igneous
36f9e5c9-04dc-40e8-b366-6c9d4f1372f0,igneous rocks
36f9e5c9-04dc-40e8-b366-6c9d4f1372f0,isotopes
36f9e5c9-04dc-40e8-b366-6c9d4f1372f0,la-icpms
36f9e5c9-04dc-40e8-b366-6c9d4f1372f0,lab methods
36f9e5c9-04dc-40e8-b366-6c9d4f1372f0,lead
36f9e5c9-04dc-40e8-b366-6c9d4f1372f0,maastrichtian
36f9e5c9-04dc-40e8-b366-6c9d4f1372f0,mascot creek
36f9e5c9-04dc-40e8-b366-6c9d4f1372f0,mesozoic
36f9e5c9-04dc-40e8-b366-6c9d4f1372f0,methods
36f9e5c9-04dc-40e8-b366-6c9d4f1372f0,miller fork
36f9e5c9-04dc-40e8-b366-6c9d4f1372f0,mineral assessment
36f9e5c9-04dc-40e8-b366-6c9d4f1372f0,mineral composition
36f9e5c9-04dc-40e8-b366-6c9d4f1372f0,mineral deposit models
36f9e5c9-04dc-40e8-b366-6c9d4f1372f0,mineral deposits
36f9e5c9-04dc-40e8-b366-6c9d4f1372f0,mineral exploration
36f9e5c9-04dc-40e8-b366-6c9d4f1372f0,mineral localities
36f9e5c9-04dc-40e8-b366-6c9d4f1372f0,mineral resources
36f9e5c9-04dc-40e8-b366-6c9d4f1372f0,mineralogy
36f9e5c9-04dc-40e8-b366-6c9d4f1372f0,minerals
36f9e5c9-04dc-40e8-b366-6c9d4f1372f0,mining
36f9e5c9-04dc-40e8-b366-6c9d4f1372f0,monzonite
36f9e5c9-04dc-40e8-b366-6c9d4f1372f0,moose creek
36f9e5c9-04dc-40e8-b366-6c9d4f1372f0,munson creek
36f9e5c9-04dc-40e8-b366-6c9d4f1372f0,nome creek
36f9e5c9-04dc-40e8-b366-6c9d4f1372f0,paleocene
36f9e5c9-04dc-40e8-b366-6c9d4f1372f0,paleogene
36f9e5c9-04dc-40e8-b366-6c9d4f1372f0,paleozoic
36f9e5c9-04dc-40e8-b366-6c9d4f1372f0,pinnell trail
36f9e5c9-04dc-40e8-b366-6c9d4f1372f0,plagioclase
36f9e5c9-04dc-40e8-b366-6c9d4f1372f0,plutonic
36f9e5c9-04dc-40e8-b366-6c9d4f1372f0,plutonic rocks
36f9e5c9-04dc-40e8-b366-6c9d4f1372f0,plutons
36f9e5c9-04dc-40e8-b366-6c9d4f1372f0,porcupine dome
36f9e5c9-04dc-40e8-b366-6c9d4f1372f0,porphyry
36f9e5c9-04dc-40e8-b366-6c9d4f1372f0,portage creek
36f9e5c9-04dc-40e8-b366-6c9d4f1372f0,preacher creek
36f9e5c9-04dc-40e8-b366-6c9d4f1372f0,ptarmigan creek
36f9e5c9-04dc-40e8-b366-6c9d4f1372f0,quartz creek
36f9e5c9-04dc-40e8-b366-6c9d4f1372f0,resource assessment
36f9e5c9-04dc-40e8-b366-6c9d4f1372f0,resource information
36f9e5c9-04dc-40e8-b366-6c9d4f1372f0,resources
36f9e5c9-04dc-40e8-b366-6c9d4f1372f0,rocks
36f9e5c9-04dc-40e8-b366-6c9d4f1372f0,sample location
36f9e5c9-04dc-40e8-b366-6c9d4f1372f0,sheep creek
36f9e5c9-04dc-40e8-b366-6c9d4f1372f0,sourdough creek
36f9e5c9-04dc-40e8-b366-6c9d4f1372f0,statistics
36f9e5c9-04dc-40e8-b366-6c9d4f1372f0,subsurface
36f9e5c9-04dc-40e8-b366-6c9d4f1372f0,surface
36f9e5c9-04dc-40e8-b366-6c9d4f1372f0,table mountain
36f9e5c9-04dc-40e8-b366-6c9d4f1372f0,tolovana mining district
36f9e5c9-04dc-40e8-b366-6c9d4f1372f0,turonian
36f9e5c9-04dc-40e8-b366-6c9d4f1372f0,u-pb
36f9e5c9-04dc-40e8-b366-6c9d4f1372f0,u-pb zircon
36f9e5c9-04dc-40e8-b366-6c9d4f1372f0,uranium
36f9e5c9-04dc-40e8-b366-6c9d4f1372f0,willow creek
36f9e5c9-04dc-40e8-b366-6c9d4f1372f0,yankee creek
36f9e5c9-04dc-40e8-b366-6c9d4f1372f0,yukon-tanana upland
36f9e5c9-04dc-40e8-b366-6c9d4f1372f0,zephyr creek
36f9e5c9-04dc-40e8-b366-6c9d4f1372f0,zircon
ac5de3c9-22cb-4012-b118-b02b573b6ad0,alaska
ac5de3c9-22cb-4012-b118-b02b573b6ad0,apatania-sp
ac5de3c9-22cb-4012-b118-b02b573b6ad0,arcynopteryx-sp
ac5de3c9-22cb-4012-b118-b02b573b6ad0,baetis-bicaudatus
ac5de3c9-22cb-4012-b118-b02b573b6ad0,bryophyte-cover
ac5de3c9-22cb-4012-b118-b02b573b6ad0,capnia-sp
ac5de3c9-22cb-4012-b118-b02b573b6ad0,cheatocladius-sp
ac5de3c9-22cb-4012-b118-b02b573b6ad0,chemistry
ac5de3c9-22cb-4012-b118-b02b573b6ad0,cinygmula-spp
ac5de3c9-22cb-4012-b118-b02b573b6ad0,depths-m
ac5de3c9-22cb-4012-b118-b02b573b6ad0,diamesa-sp
ac5de3c9-22cb-4012-b118-b02b573b6ad0,dicranota-sp
ac5de3c9-22cb-4012-b118-b02b573b6ad0,diplocladius-sp
ac5de3c9-22cb-4012-b118-b02b573b6ad0,do-mg-l
ac5de3c9-22cb-4012-b118-b02b573b6ad0,eukiefferiella-sp
ac5de3c9-22cb-4012-b118-b02b573b6ad0,hydrobaenus-sp
ac5de3c9-22cb-4012-b118-b02b573b6ad0,macroinvertebrate
ac5de3c9-22cb-4012-b118-b02b573b6ad0,micropsectra-sp
ac5de3c9-22cb-4012-b118-b02b573b6ad0,nemata
ac5de3c9-22cb-4012-b118-b02b573b6ad0,oligochaeta
ac5de3c9-22cb-4012-b118-b02b573b6ad0,orthocladius-cricotopus-complex
ac5de3c9-22cb-4012-b118-b02b573b6ad0,ostracoda
ac5de3c9-22cb-4012-b118-b02b573b6ad0,pagastia-sp
ac5de3c9-22cb-4012-b118-b02b573b6ad0,pericoma-sp
ac5de3c9-22cb-4012-b118-b02b573b6ad0,ph
ac5de3c9-22cb-4012-b118-b02b573b6ad0,plumiperla-sp
ac5de3c9-22cb-4012-b118-b02b573b6ad0,podmosta-sp
ac5de3c9-22cb-4012-b118-b02b573b6ad0,prostoia-sp
ac5de3c9-22cb-4012-b118-b02b573b6ad0,pseudodiamesa-sp
ac5de3c9-22cb-4012-b118-b02b573b6ad0,rheocricotopus-sp
ac5de3c9-22cb-4012-b118-b02b573b6ad0,richness
ac5de3c9-22cb-4012-b118-b02b573b6ad0,sp-cond-ms-cm
ac5de3c9-22cb-4012-b118-b02b573b6ad0,temperature-c
ac5de3c9-22cb-4012-b118-b02b573b6ad0,thienemanniella-sp
ac5de3c9-22cb-4012-b118-b02b573b6ad0,trombidiformes
ac5de3c9-22cb-4012-b118-b02b573b6ad0,turbellaria
ac5de3c9-22cb-4012-b118-b02b573b6ad0,unknown-orthocladiinae
ac5de3c9-22cb-4012-b118-b02b573b6ad0,velocity-m-s
ac5de3c9-22cb-4012-b118-b02b573b6ad0,water
ac5de3c9-22cb-4012-b118-b02b573b6ad0,water-quality
ac5de3c9-22cb-4012-b118-b02b573b6ad0,width-m
ac5de3c9-22cb-4012-b118-b02b573b6ad0,zapada-oregonensis-gr
a9624740-21cc-467f-a538-a964ce7270a2,asis
a9624740-21cc-467f-a538-a964ce7270a2,assateague-island-national-seashore
a9624740-21cc-467f-a538-a964ce7270a2,caco
a9624740-21cc-467f-a538-a964ce7270a2,cape-cod-national-seashore
a9624740-21cc-467f-a538-a964ce7270a2,colo
a9624740-21cc-467f-a538-a964ce7270a2,colonial-national-historical-park
a9624740-21cc-467f-a538-a964ce7270a2,environment
a9624740-21cc-467f-a538-a964ce7270a2,estuary
a9624740-21cc-467f-a538-a964ce7270a2,fiis
a9624740-21cc-467f-a538-a964ce7270a2,fire-island-national-seashore
a9624740-21cc-467f-a538-a964ce7270a2,gate
a9624740-21cc-467f-a538-a964ce7270a2,gateway-national-recreation-area
a9624740-21cc-467f-a538-a964ce7270a2,george-washington-birthplace-national-monument
a9624740-21cc-467f-a538-a964ce7270a2,gewa
a9624740-21cc-467f-a538-a964ce7270a2,inland-waters
a9624740-21cc-467f-a538-a964ce7270a2,monitoring
a9624740-21cc-467f-a538-a964ce7270a2,ncbn
a9624740-21cc-467f-a538-a964ce7270a2,northeast-coastal-and-barrier-network
a9624740-21cc-467f-a538-a964ce7270a2,nutrient-enrichment
a9624740-21cc-467f-a538-a964ce7270a2,resource-management
a9624740-21cc-467f-a538-a964ce7270a2,vital-signs
a9624740-21cc-467f-a538-a964ce7270a2,water
a9624740-21cc-467f-a538-a964ce7270a2,water-quality
8778e30c-c2b0-48ff-a8d5-2f2b0a6d3dcb,acoustic sounders
8778e30c-c2b0-48ff-a8d5-2f2b0a6d3dcb,bathymetry
8778e30c-c2b0-48ff-a8d5-2f2b0a6d3dcb,bathymetry/seafloor topography
8778e30c-c2b0-48ff-a8d5-2f2b0a6d3dcb,continent
8778e30c-c2b0-48ff-a8d5-2f2b0a6d3dcb,doc/noaa/nesdis/ncei
8778e30c-c2b0-48ff-a8d5-2f2b0a6d3dcb,doc/noaa/nesdis/ngdc
8778e30c-c2b0-48ff-a8d5-2f2b0a6d3dcb,earth remote sensing instruments
8778e30c-c2b0-48ff-a8d5-2f2b0a6d3dcb,earth science
8778e30c-c2b0-48ff-a8d5-2f2b0a6d3dcb,east passage anchorages
8778e30c-c2b0-48ff-a8d5-2f2b0a6d3dcb,global positioning system/inertial measurement unit
8778e30c-c2b0-48ff-a8d5-2f2b0a6d3dcb,gps
8778e30c-c2b0-48ff-a8d5-2f2b0a6d3dcb,gps receivers
8778e30c-c2b0-48ff-a8d5-2f2b0a6d3dcb,gps/imu
8778e30c-c2b0-48ff-a8d5-2f2b0a6d3dcb,hydrographic surveys for selected locations within the united states (hydro_bathy_2006)
8778e30c-c2b0-48ff-a8d5-2f2b0a6d3dcb,in situ ocean-based platforms
8778e30c-c2b0-48ff-a8d5-2f2b0a6d3dcb,in situ/laboratory instruments
8778e30c-c2b0-48ff-a8d5-2f2b0a6d3dcb,marine sediments
8778e30c-c2b0-48ff-a8d5-2f2b0a6d3dcb,mbes
8778e30c-c2b0-48ff-a8d5-2f2b0a6d3dcb,msbs
8778e30c-c2b0-48ff-a8d5-2f2b0a6d3dcb,multibeam mapping system
8778e30c-c2b0-48ff-a8d5-2f2b0a6d3dcb,multibeam swath bathymetry system
8778e30c-c2b0-48ff-a8d5-2f2b0a6d3dcb,narragansett bay east passage
8778e30c-c2b0-48ff-a8d5-2f2b0a6d3dcb,national centers for environmental information
8778e30c-c2b0-48ff-a8d5-2f2b0a6d3dcb,national geophysical data center
8778e30c-c2b0-48ff-a8d5-2f2b0a6d3dcb,nesdis
8778e30c-c2b0-48ff-a8d5-2f2b0a6d3dcb,noaa
8778e30c-c2b0-48ff-a8d5-2f2b0a6d3dcb,north america
8778e30c-c2b0-48ff-a8d5-2f2b0a6d3dcb,ocean
8778e30c-c2b0-48ff-a8d5-2f2b0a6d3dcb,oceans
8778e30c-c2b0-48ff-a8d5-2f2b0a6d3dcb,passive remote sensing
8778e30c-c2b0-48ff-a8d5-2f2b0a6d3dcb,positioning/navigation
8778e30c-c2b0-48ff-a8d5-2f2b0a6d3dcb,profilers/sounders
8778e30c-c2b0-48ff-a8d5-2f2b0a6d3dcb,rhode island
8778e30c-c2b0-48ff-a8d5-2f2b0a6d3dcb,ri
8778e30c-c2b0-48ff-a8d5-2f2b0a6d3dcb,seafloor topography
8778e30c-c2b0-48ff-a8d5-2f2b0a6d3dcb,sediment composition
8778e30c-c2b0-48ff-a8d5-2f2b0a6d3dcb,ships
8778e30c-c2b0-48ff-a8d5-2f2b0a6d3dcb,sonar
8778e30c-c2b0-48ff-a8d5-2f2b0a6d3dcb,sound navigation and ranging
8778e30c-c2b0-48ff-a8d5-2f2b0a6d3dcb,u.s. department of commerce
8778e30c-c2b0-48ff-a8d5-2f2b0a6d3dcb,united states of america
8778e30c-c2b0-48ff-a8d5-2f2b0a6d3dcb,water depth
3431f2ad-9a92-4237-ae7f-014f2640de5d,acoustic sounders
3431f2ad-9a92-4237-ae7f-014f2640de5d,bathymetry
3431f2ad-9a92-4237-ae7f-014f2640de5d,bathymetry/seafloor topography
3431f2ad-9a92-4237-ae7f-014f2640de5d,central chesapeake bay
3431f2ad-9a92-4237-ae7f-014f2640de5d,continent
3431f2ad-9a92-4237-ae7f-014f2640de5d,doc/noaa/nesdis/ncei
3431f2ad-9a92-4237-ae7f-014f2640de5d,doc/noaa/nesdis/ngdc
3431f2ad-9a92-4237-ae7f-014f2640de5d,earth remote sensing instruments
3431f2ad-9a92-4237-ae7f-014f2640de5d,earth science
3431f2ad-9a92-4237-ae7f-014f2640de5d,global positioning system/inertial measurement unit
3431f2ad-9a92-4237-ae7f-014f2640de5d,gps
3431f2ad-9a92-4237-ae7f-014f2640de5d,gps receivers
3431f2ad-9a92-4237-ae7f-014f2640de5d,gps/imu
3431f2ad-9a92-4237-ae7f-014f2640de5d,hydrographic surveys for selected locations within the united states (hydro_bathy_2006)
3431f2ad-9a92-4237-ae7f-014f2640de5d,in situ ocean-based platforms
3431f2ad-9a92-4237-ae7f-014f2640de5d,in situ/laboratory instruments
3431f2ad-9a92-4237-ae7f-014f2640de5d,marine sediments
3431f2ad-9a92-4237-ae7f-014f2640de5d,maryland
3431f2ad-9a92-4237-ae7f-014f2640de5d,mbes
3431f2ad-9a92-4237-ae7f-014f2640de5d,msbs
3431f2ad-9a92-4237-ae7f-014f2640de5d,multibeam mapping system
3431f2ad-9a92-4237-ae7f-014f2640de5d,multibeam swath bathymetry system
3431f2ad-9a92-4237-ae7f-014f2640de5d,national centers for environmental information
3431f2ad-9a92-4237-ae7f-014f2640de5d,national geophysical data center
3431f2ad-9a92-4237-ae7f-014f2640de5d,nesdis
3431f2ad-9a92-4237-ae7f-014f2640de5d,noaa
3431f2ad-9a92-4237-ae7f-014f2640de5d,north america
3431f2ad-9a92-4237-ae7f-014f2640de5d,ocean
3431f2ad-9a92-4237-ae7f-014f2640de5d,oceans
3431f2ad-9a92-4237-ae7f-014f2640de5d,passive remote sensing
3431f2ad-9a92-4237-ae7f-014f2640de5d,positioning/navigation
3431f2ad-9a92-4237-ae7f-014f2640de5d,profilers/sounders
3431f2ad-9a92-4237-ae7f-014f2640de5d,seafloor topography
3431f2ad-9a92-4237-ae7f-014f2640de5d,sediment composition
3431f2ad-9a92-4237-ae7f-014f2640de5d,ships
3431f2ad-9a92-4237-ae7f-014f2640de5d,sonar
3431f2ad-9a92-4237-ae7f-014f2640de5d,sound navigation and ranging
3431f2ad-9a92-4237-ae7f-014f2640de5d,u.s. department of commerce
3431f2ad-9a92-4237-ae7f-014f2640de5d,united states of america
3431f2ad-9a92-4237-ae7f-014f2640de5d,vicinity of annapolis
3431f2ad-9a92-4237-ae7f-014f2640de5d,water depth
70fd941a-0e53-4dfd-b9a7-919d39a6589b,acoustic sounders
70fd941a-0e53-4dfd-b9a7-919d39a6589b,bathymetry
70fd941a-0e53-4dfd-b9a7-919d39a6589b,bathymetry/seafloor topography
70fd941a-0e53-4dfd-b9a7-919d39a6589b,continent
70fd941a-0e53-4dfd-b9a7-919d39a6589b,doc/noaa/nesdis/ncei
70fd941a-0e53-4dfd-b9a7-919d39a6589b,doc/noaa/nesdis/ngdc
70fd941a-0e53-4dfd-b9a7-919d39a6589b,earth remote sensing instruments
70fd941a-0e53-4dfd-b9a7-919d39a6589b,earth science
70fd941a-0e53-4dfd-b9a7-919d39a6589b,fl
70fd941a-0e53-4dfd-b9a7-919d39a6589b,florida
70fd941a-0e53-4dfd-b9a7-919d39a6589b,global positioning system/inertial measurement unit
70fd941a-0e53-4dfd-b9a7-919d39a6589b,gps
70fd941a-0e53-4dfd-b9a7-919d39a6589b,gps receivers
70fd941a-0e53-4dfd-b9a7-919d39a6589b,gps/imu
70fd941a-0e53-4dfd-b9a7-919d39a6589b,hurricane milton response
70fd941a-0e53-4dfd-b9a7-919d39a6589b,hydrographic surveys for selected locations within the united states (hydro_bathy_2006)
70fd941a-0e53-4dfd-b9a7-919d39a6589b,in situ ocean-based platforms
70fd941a-0e53-4dfd-b9a7-919d39a6589b,in situ/laboratory instruments
70fd941a-0e53-4dfd-b9a7-919d39a6589b,marine sediments
70fd941a-0e53-4dfd-b9a7-919d39a6589b,mbes
70fd941a-0e53-4dfd-b9a7-919d39a6589b,msbs
70fd941a-0e53-4dfd-b9a7-919d39a6589b,multibeam mapping system
70fd941a-0e53-4dfd-b9a7-919d39a6589b,multibeam swath bathymetry system
70fd941a-0e53-4dfd-b9a7-919d39a6589b,national centers for environmental information
70fd941a-0e53-4dfd-b9a7-919d39a6589b,national geophysical data center
70fd941a-0e53-4dfd-b9a7-919d39a6589b,nesdis
70fd941a-0e53-4dfd-b9a7-919d39a6589b,noaa
70fd941a-0e53-4dfd-b9a7-919d39a6589b,north america
70fd941a-0e53-4dfd-b9a7-919d39a6589b,ocean
70fd941a-0e53-4dfd-b9a7-919d39a6589b,oceans
70fd941a-0e53-4dfd-b9a7-919d39a6589b,passive remote sensing
70fd941a-0e53-4dfd-b9a7-919d39a6589b,positioning/navigation
70fd941a-0e53-4dfd-b9a7-919d39a6589b,profilers/sounders
70fd941a-0e53-4dfd-b9a7-919d39a6589b,seafloor topography
70fd941a-0e53-4dfd-b9a7-919d39a6589b,sediment composition
70fd941a-0e53-4dfd-b9a7-919d39a6589b,ships
70fd941a-0e53-4dfd-b9a7-919d39a6589b,sonar
70fd941a-0e53-4dfd-b9a7-919d39a6589b,sound navigation and ranging
70fd941a-0e53-4dfd-b9a7-919d39a6589b,tampa bay response
70fd941a-0e53-4dfd-b9a7-919d39a6589b,u.s. department of commerce
70fd941a-0e53-4dfd-b9a7-919d39a6589b,united states of america
70fd941a-0e53-4dfd-b9a7-919d39a6589b,water depth
a2c1e249-07cd-4654-b26f-7aea28879ab4,commendations
a2c1e249-07cd-4654-b26f-7aea28879ab4,customer-engagement
a2c1e249-07cd-4654-b26f-7aea28879ab4,customer-service
a2c1e249-07cd-4654-b26f-7aea28879ab4,customers
a2c1e249-07cd-4654-b26f-7aea28879ab4,feedback
a2c1e249-07cd-4654-b26f-7aea28879ab4,nyct
a2c1e249-07cd-4654-b26f-7aea28879ab4,passenger-environment
a2c1e249-07cd-4654-b26f-7aea28879ab4,pulse-surveys
a2c1e249-07cd-4654-b26f-7aea28879ab4,responses
a2c1e249-07cd-4654-b26f-7aea28879ab4,safety
a2c1e249-07cd-4654-b26f-7aea28879ab4,satisfaction
a2c1e249-07cd-4654-b26f-7aea28879ab4,station
a2c1e249-07cd-4654-b26f-7aea28879ab4,subway
a2c1e249-07cd-4654-b26f-7aea28879ab4,subway-lines
a2c1e249-07cd-4654-b26f-7aea28879ab4,subway-stations
a2c1e249-07cd-4654-b26f-7aea28879ab4,surveys
aa15e505-6170-4ed9-a1bc-48007d587c44,employment-data
aa15e505-6170-4ed9-a1bc-48007d587c44,industry-statistics
aa15e505-6170-4ed9-a1bc-48007d587c44,jobs
73a820b8-56b1-4dc8-a8bf-d9ccc2d6915e,adverse-outcome-pathways-aops
73a820b8-56b1-4dc8-a8bf-d9ccc2d6915e,childrens-health
73a820b8-56b1-4dc8-a8bf-d9ccc2d6915e,developmental-neurotoxicity
73a820b8-56b1-4dc8-a8bf-d9ccc2d6915e,in-vivo
319c7ca5-b04f-4d7b-bd15-ec53c4e03874,acec
319c7ca5-b04f-4d7b-bd15-ec53c4e03874,area-of-critical-environmental-concern
319c7ca5-b04f-4d7b-bd15-ec53c4e03874,authorization
319c7ca5-b04f-4d7b-bd15-ec53c4e03874,blm
319c7ca5-b04f-4d7b-bd15-ec53c4e03874,boundaries
319c7ca5-b04f-4d7b-bd15-ec53c4e03874,bureau-of-land-management
319c7ca5-b04f-4d7b-bd15-ec53c4e03874,department-of-the-interior
319c7ca5-b04f-4d7b-bd15-ec53c4e03874,doi
319c7ca5-b04f-4d7b-bd15-ec53c4e03874,environment
319c7ca5-b04f-4d7b-bd15-ec53c4e03874,federal-land-policy-and-management-act
319c7ca5-b04f-4d7b-bd15-ec53c4e03874,flpma
319c7ca5-b04f-4d7b-bd15-ec53c4e03874,geographic-information-system
319c7ca5-b04f-4d7b-bd15-ec53c4e03874,geoscientific-information
319c7ca5-b04f-4d7b-bd15-ec53c4e03874,geospatial
319c7ca5-b04f-4d7b-bd15-ec53c4e03874,gis
319c7ca5-b04f-4d7b-bd15-ec53c4e03874,idaho
319c7ca5-b04f-4d7b-bd15-ec53c4e03874,jurisdiction
319c7ca5-b04f-4d7b-bd15-ec53c4e03874,land-management
319c7ca5-b04f-4d7b-bd15-ec53c4e03874,land-use-plan
319c7ca5-b04f-4d7b-bd15-ec53c4e03874,land-use-planning
319c7ca5-b04f-4d7b-bd15-ec53c4e03874,location
319c7ca5-b04f-4d7b-bd15-ec53c4e03874,lup
319c7ca5-b04f-4d7b-bd15-ec53c4e03874,management
319c7ca5-b04f-4d7b-bd15-ec53c4e03874,ona
319c7ca5-b04f-4d7b-bd15-ec53c4e03874,outstanding-natural-area
319c7ca5-b04f-4d7b-bd15-ec53c4e03874,relevant-and-important-values
319c7ca5-b04f-4d7b-bd15-ec53c4e03874,research-natural-area
319c7ca5-b04f-4d7b-bd15-ec53c4e03874,resource-framework-plan
319c7ca5-b04f-4d7b-bd15-ec53c4e03874,resource-management-plan
319c7ca5-b04f-4d7b-bd15-ec53c4e03874,rfp
319c7ca5-b04f-4d7b-bd15-ec53c4e03874,rmp
319c7ca5-b04f-4d7b-bd15-ec53c4e03874,rna
319c7ca5-b04f-4d7b-bd15-ec53c4e03874,united-states
319c7ca5-b04f-4d7b-bd15-ec53c4e03874,western-states
36a83d26-493e-478d-935b-4fb81215f057,administration
36a83d26-493e-478d-935b-4fb81215f057,blm
36a83d26-493e-478d-935b-4fb81215f057,boundaries
36a83d26-493e-478d-935b-4fb81215f057,bureau-of-land-management
36a83d26-493e-478d-935b-4fb81215f057,co
36a83d26-493e-478d-935b-4fb81215f057,colorado
36a83d26-493e-478d-935b-4fb81215f057,department-of-the-interior
36a83d26-493e-478d-935b-4fb81215f057,doi
36a83d26-493e-478d-935b-4fb81215f057,energy
36a83d26-493e-478d-935b-4fb81215f057,environment
36a83d26-493e-478d-935b-4fb81215f057,expression-of-interest
36a83d26-493e-478d-935b-4fb81215f057,fluid-minerals
36a83d26-493e-478d-935b-4fb81215f057,gas
36a83d26-493e-478d-935b-4fb81215f057,geology
36a83d26-493e-478d-935b-4fb81215f057,geoscientificinformation
36a83d26-493e-478d-935b-4fb81215f057,geospatial
36a83d26-493e-478d-935b-4fb81215f057,minerals
36a83d26-493e-478d-935b-4fb81215f057,oil
36a83d26-493e-478d-935b-4fb81215f057,renewables
8104c1d7-5ac8-400f-ab94-60f76fccc865,administration
8104c1d7-5ac8-400f-ab94-60f76fccc865,blm
8104c1d7-5ac8-400f-ab94-60f76fccc865,boundaries
8104c1d7-5ac8-400f-ab94-60f76fccc865,bureau-of-land-management
8104c1d7-5ac8-400f-ab94-60f76fccc865,co
8104c1d7-5ac8-400f-ab94-60f76fccc865,colorado
8104c1d7-5ac8-400f-ab94-60f76fccc865,department-of-the-interior
8104c1d7-5ac8-400f-ab94-60f76fccc865,doi
8104c1d7-5ac8-400f-ab94-60f76fccc865,energy
8104c1d7-5ac8-400f-ab94-60f76fccc865,environment
8104c1d7-5ac8-400f-ab94-60f76fccc865,expression-of-interest
8104c1d7-5ac8-400f-ab94-60f76fccc865,fluid-minerals
8104c1d7-5ac8-400f-ab94-60f76fccc865,gas
8104c1d7-5ac8-400f-ab94-60f76fccc865,geology
8104c1d7-5ac8-400f-ab94-60f76fccc865,geoscientificinformation
8104c1d7-5ac8-400f-ab94-60f76fccc865,geospatial
8104c1d7-5ac8-400f-ab94-60f76fccc865,lease
8104c1d7-5ac8-400f-ab94-60f76fccc865,minerals
8104c1d7-5ac8-400f-ab94-60f76fccc865,oil
8104c1d7-5ac8-400f-ab94-60f76fccc865,renewables
8104c1d7-5ac8-400f-ab94-60f76fccc865,sale
7c4d2bcb-363b-4d39-adb6-c9e0767898c5,fia
7c4d2bcb-363b-4d39-adb6-c9e0767898c5,forest-type-group
7c4d2bcb-363b-4d39-adb6-c9e0767898c5,harvest
7c4d2bcb-363b-4d39-adb6-c9e0767898c5,modeled-abundance
7c4d2bcb-363b-4d39-adb6-c9e0767898c5,open-data
7c4d2bcb-363b-4d39-adb6-c9e0767898c5,timber
1d54f71c-65d7-4cfc-9ff6-be29091f5e8f,109
1d54f71c-65d7-4cfc-9ff6-be29091f5e8f,2003
1d54f71c-65d7-4cfc-9ff6-be29091f5e8f,aldermaple
1d54f71c-65d7-4cfc-9ff6-be29091f5e8f,aspenbirch
1d54f71c-65d7-4cfc-9ff6-be29091f5e8f,californiamixedconifer
1d54f71c-65d7-4cfc-9ff6-be29091f5e8f,douglasfir
1d54f71c-65d7-4cfc-9ff6-be29091f5e8f,elmashcottonwood
1d54f71c-65d7-4cfc-9ff6-be29091f5e8f,exotichardwoods
1d54f71c-65d7-4cfc-9ff6-be29091f5e8f,exoticsoftwoods
1d54f71c-65d7-4cfc-9ff6-be29091f5e8f,fia
1d54f71c-65d7-4cfc-9ff6-be29091f5e8f,firsprucemountainhemlock
1d54f71c-65d7-4cfc-9ff6-be29091f5e8f,forest-type-group
1d54f71c-65d7-4cfc-9ff6-be29091f5e8f,forestatlas
1d54f71c-65d7-4cfc-9ff6-be29091f5e8f,hardwoods
1d54f71c-65d7-4cfc-9ff6-be29091f5e8f,hemlocksitkaspruce
1d54f71c-65d7-4cfc-9ff6-be29091f5e8f,loblollyshortleafpine
1d54f71c-65d7-4cfc-9ff6-be29091f5e8f,lodgepolepine
1d54f71c-65d7-4cfc-9ff6-be29091f5e8f,longleafslashpine
1d54f71c-65d7-4cfc-9ff6-be29091f5e8f,maplebeechbirch
1d54f71c-65d7-4cfc-9ff6-be29091f5e8f,national-forest-type
1d54f71c-65d7-4cfc-9ff6-be29091f5e8f,oakgumcypress
1d54f71c-65d7-4cfc-9ff6-be29091f5e8f,oakhickory
1d54f71c-65d7-4cfc-9ff6-be29091f5e8f,oakpine
1d54f71c-65d7-4cfc-9ff6-be29091f5e8f,otherwesternhardwoods
1d54f71c-65d7-4cfc-9ff6-be29091f5e8f,otherwesternsoftwoods
1d54f71c-65d7-4cfc-9ff6-be29091f5e8f,pinyonjuniper
1d54f71c-65d7-4cfc-9ff6-be29091f5e8f,ponderosapine
1d54f71c-65d7-4cfc-9ff6-be29091f5e8f,redwood
1d54f71c-65d7-4cfc-9ff6-be29091f5e8f,softwoods
1d54f71c-65d7-4cfc-9ff6-be29091f5e8f,sprucefir
1d54f71c-65d7-4cfc-9ff6-be29091f5e8f,tanoaklaurel
1d54f71c-65d7-4cfc-9ff6-be29091f5e8f,treespecies
1d54f71c-65d7-4cfc-9ff6-be29091f5e8f,tropicalhardwoods
1d54f71c-65d7-4cfc-9ff6-be29091f5e8f,westernlarch
1d54f71c-65d7-4cfc-9ff6-be29091f5e8f,westernoak
1d54f71c-65d7-4cfc-9ff6-be29091f5e8f,westernwhitepine
1d54f71c-65d7-4cfc-9ff6-be29091f5e8f,white-red-jack-pine
e76635d2-02fa-46c3-8075-69b4fe02aeb4,109
e76635d2-02fa-46c3-8075-69b4fe02aeb4,ak
e76635d2-02fa-46c3-8075-69b4fe02aeb4,alaska
e76635d2-02fa-46c3-8075-69b4fe02aeb4,forest-type-group
2681c7ad-821f-4ca0-9d53-007e0c646c4f,corporate
2681c7ad-821f-4ca0-9d53-007e0c646c4f,corporateprivate
2681c7ad-821f-4ca0-9d53-007e0c646c4f,familyprivate
2681c7ad-821f-4ca0-9d53-007e0c646c4f,federalpublic
2681c7ad-821f-4ca0-9d53-007e0c646c4f,forest-land
2681c7ad-821f-4ca0-9d53-007e0c646c4f,forest-ownership
2681c7ad-821f-4ca0-9d53-007e0c646c4f,localpublic
2681c7ad-821f-4ca0-9d53-007e0c646c4f,non-forest
2681c7ad-821f-4ca0-9d53-007e0c646c4f,other-private
2681c7ad-821f-4ca0-9d53-007e0c646c4f,owner-types
2681c7ad-821f-4ca0-9d53-007e0c646c4f,private
2681c7ad-821f-4ca0-9d53-007e0c646c4f,public
2681c7ad-821f-4ca0-9d53-007e0c646c4f,statepublic
2681c7ad-821f-4ca0-9d53-007e0c646c4f,tribal
0cdacec7-e82b-4b08-a528-2ae486bdb0b8,forest-type-group
f5503826-8a78-4d83-9867-722dc0e1abf4,109
f5503826-8a78-4d83-9867-722dc0e1abf4,2002
f5503826-8a78-4d83-9867-722dc0e1abf4,2003
f5503826-8a78-4d83-9867-722dc0e1abf4,alder-maple-group
f5503826-8a78-4d83-9867-722dc0e1abf4,ash
f5503826-8a78-4d83-9867-722dc0e1abf4,aspen-birch-group
f5503826-8a78-4d83-9867-722dc0e1abf4,contiguous-united-states
f5503826-8a78-4d83-9867-722dc0e1abf4,conus
f5503826-8a78-4d83-9867-722dc0e1abf4,elm-ash-cottonwood-group
f5503826-8a78-4d83-9867-722dc0e1abf4,exotic-hardwoods-group
f5503826-8a78-4d83-9867-722dc0e1abf4,fia
f5503826-8a78-4d83-9867-722dc0e1abf4,forest-inventory-and-analysis
f5503826-8a78-4d83-9867-722dc0e1abf4,hardwoods
f5503826-8a78-4d83-9867-722dc0e1abf4,maple-beech-birch-group
f5503826-8a78-4d83-9867-722dc0e1abf4,moderate-resolution-imaging-spectroradiometer
f5503826-8a78-4d83-9867-722dc0e1abf4,oak-gum-cypress-group
f5503826-8a78-4d83-9867-722dc0e1abf4,oak-hickory-group
f5503826-8a78-4d83-9867-722dc0e1abf4,oak-pine-group
f5503826-8a78-4d83-9867-722dc0e1abf4,other-western-hardwoods-group
f5503826-8a78-4d83-9867-722dc0e1abf4,tanoak-laurel-group
f5503826-8a78-4d83-9867-722dc0e1abf4,tropical-hardwoods-group
f5503826-8a78-4d83-9867-722dc0e1abf4,western-oak-group
dfae8269-b3a3-48e1-b9f6-62dfc231704b,biota
dfae8269-b3a3-48e1-b9f6-62dfc231704b,division
dfae8269-b3a3-48e1-b9f6-62dfc231704b,domain
dfae8269-b3a3-48e1-b9f6-62dfc231704b,ecomap
dfae8269-b3a3-48e1-b9f6-62dfc231704b,ecoregions
dfae8269-b3a3-48e1-b9f6-62dfc231704b,environment
dfae8269-b3a3-48e1-b9f6-62dfc231704b,geoscientificinformation
dfae8269-b3a3-48e1-b9f6-62dfc231704b,hierarchy
dfae8269-b3a3-48e1-b9f6-62dfc231704b,open-data
dfae8269-b3a3-48e1-b9f6-62dfc231704b,province
dfae8269-b3a3-48e1-b9f6-62dfc231704b,section
dfae8269-b3a3-48e1-b9f6-62dfc231704b,subsection
806d3005-6bae-478f-8c41-8e1aa0a61ac8,biota
806d3005-6bae-478f-8c41-8e1aa0a61ac8,division
806d3005-6bae-478f-8c41-8e1aa0a61ac8,domain
806d3005-6bae-478f-8c41-8e1aa0a61ac8,ecomap
806d3005-6bae-478f-8c41-8e1aa0a61ac8,ecoregions
806d3005-6bae-478f-8c41-8e1aa0a61ac8,environment
806d3005-6bae-478f-8c41-8e1aa0a61ac8,geoscientificinformation
806d3005-6bae-478f-8c41-8e1aa0a61ac8,hierarchy
806d3005-6bae-478f-8c41-8e1aa0a61ac8,open-data
806d3005-6bae-478f-8c41-8e1aa0a61ac8,province
806d3005-6bae-478f-8c41-8e1aa0a61ac8,section
806d3005-6bae-478f-8c41-8e1aa0a61ac8,subsection
71ade980-0fed-4edc-a3ce-ec80410710aa,biota
71ade980-0fed-4edc-a3ce-ec80410710aa,division
71ade980-0fed-4edc-a3ce-ec80410710aa,domain
71ade980-0fed-4edc-a3ce-ec80410710aa,ecomap
71ade980-0fed-4edc-a3ce-ec80410710aa,ecoregions
71ade980-0fed-4edc-a3ce-ec80410710aa,environment
71ade980-0fed-4edc-a3ce-ec80410710aa,geoscientificinformation
71ade980-0fed-4edc-a3ce-ec80410710aa,hierarchy
71ade980-0fed-4edc-a3ce-ec80410710aa,open-data
71ade980-0fed-4edc-a3ce-ec80410710aa,province
71ade980-0fed-4edc-a3ce-ec80410710aa,section
71ade980-0fed-4edc-a3ce-ec80410710aa,subsection
c8ce8a12-c9c9-451a-9e20-5aef339443d2,biota
c8ce8a12-c9c9-451a-9e20-5aef339443d2,division
c8ce8a12-c9c9-451a-9e20-5aef339443d2,domain
c8ce8a12-c9c9-451a-9e20-5aef339443d2,ecomap
c8ce8a12-c9c9-451a-9e20-5aef339443d2,ecoregions
c8ce8a12-c9c9-451a-9e20-5aef339443d2,environment
c8ce8a12-c9c9-451a-9e20-5aef339443d2,geoscientificinformation
c8ce8a12-c9c9-451a-9e20-5aef339443d2,hierarchy
c8ce8a12-c9c9-451a-9e20-5aef339443d2,open-data
c8ce8a12-c9c9-451a-9e20-5aef339443d2,province
c8ce8a12-c9c9-451a-9e20-5aef339443d2,section
c8ce8a12-c9c9-451a-9e20-5aef339443d2,subsection
ca6e8fba-f47f-4493-8f38-73e3e73ce0d4,biota
ca6e8fba-f47f-4493-8f38-73e3e73ce0d4,division
ca6e8fba-f47f-4493-8f38-73e3e73ce0d4,domain
ca6e8fba-f47f-4493-8f38-73e3e73ce0d4,ecomap
ca6e8fba-f47f-4493-8f38-73e3e73ce0d4,ecoregions
ca6e8fba-f47f-4493-8f38-73e3e73ce0d4,environment
ca6e8fba-f47f-4493-8f38-73e3e73ce0d4,geoscientificinformation
ca6e8fba-f47f-4493-8f38-73e3e73ce0d4,hierarchy
ca6e8fba-f47f-4493-8f38-73e3e73ce0d4,open-data
ca6e8fba-f47f-4493-8f38-73e3e73ce0d4,province
ca6e8fba-f47f-4493-8f38-73e3e73ce0d4,section
ca6e8fba-f47f-4493-8f38-73e3e73ce0d4,subsection
964a3cd1-c1c7-40a6-be24-fa099d703f5d,109
964a3cd1-c1c7-40a6-be24-fa099d703f5d,2002
964a3cd1-c1c7-40a6-be24-fa099d703f5d,2003
964a3cd1-c1c7-40a6-be24-fa099d703f5d,california-mixed-conifer-group
964a3cd1-c1c7-40a6-be24-fa099d703f5d,contiguous-united-states
964a3cd1-c1c7-40a6-be24-fa099d703f5d,conus
964a3cd1-c1c7-40a6-be24-fa099d703f5d,douglas-fir-group
964a3cd1-c1c7-40a6-be24-fa099d703f5d,exotic-softwoods-group
964a3cd1-c1c7-40a6-be24-fa099d703f5d,fia
964a3cd1-c1c7-40a6-be24-fa099d703f5d,fir
964a3cd1-c1c7-40a6-be24-fa099d703f5d,fir-spruce-mountain-hemlock-group
964a3cd1-c1c7-40a6-be24-fa099d703f5d,forest-inventory-and-analysis
964a3cd1-c1c7-40a6-be24-fa099d703f5d,hemlock-sitka-spruce-group
964a3cd1-c1c7-40a6-be24-fa099d703f5d,loblolly-shortleaf-pine-group
964a3cd1-c1c7-40a6-be24-fa099d703f5d,lodgepole-pine-group
964a3cd1-c1c7-40a6-be24-fa099d703f5d,longleaf-slash-pine-group
964a3cd1-c1c7-40a6-be24-fa099d703f5d,moderate-resolution-imaging-spectroradiometer
964a3cd1-c1c7-40a6-be24-fa099d703f5d,other-western-softwood-group
964a3cd1-c1c7-40a6-be24-fa099d703f5d,pinyon-juniper-group
964a3cd1-c1c7-40a6-be24-fa099d703f5d,ponderosa-pine-group
964a3cd1-c1c7-40a6-be24-fa099d703f5d,redwood-group
964a3cd1-c1c7-40a6-be24-fa099d703f5d,softwood
964a3cd1-c1c7-40a6-be24-fa099d703f5d,spruce-fir-group
964a3cd1-c1c7-40a6-be24-fa099d703f5d,western-larch-group
964a3cd1-c1c7-40a6-be24-fa099d703f5d,western-white-pine-group
964a3cd1-c1c7-40a6-be24-fa099d703f5d,white-red-jack-pine-group
9125d796-03f6-4fa6-a6c3-1872f7a0ae81,carbon-dioxide
9125d796-03f6-4fa6-a6c3-1872f7a0ae81,environment
9125d796-03f6-4fa6-a6c3-1872f7a0ae81,gallic-acid
9125d796-03f6-4fa6-a6c3-1872f7a0ae81,glucose
9125d796-03f6-4fa6-a6c3-1872f7a0ae81,organic-matter
9125d796-03f6-4fa6-a6c3-1872f7a0ae81,oxidation
9125d796-03f6-4fa6-a6c3-1872f7a0ae81,pastures
9125d796-03f6-4fa6-a6c3-1872f7a0ae81,ph
9125d796-03f6-4fa6-a6c3-1872f7a0ae81,phthalates
9125d796-03f6-4fa6-a6c3-1872f7a0ae81,soil
f2baf3fc-3acd-46d4-b631-70d3144d2fd8,biological-control
f2baf3fc-3acd-46d4-b631-70d3144d2fd8,coffea-arabica
f2baf3fc-3acd-46d4-b631-70d3144d2fd8,developmental-threshold
f2baf3fc-3acd-46d4-b631-70d3144d2fd8,fecundity
f2baf3fc-3acd-46d4-b631-70d3144d2fd8,longevity
f2baf3fc-3acd-46d4-b631-70d3144d2fd8,sex-ratio
b6527b36-9838-477e-9d08-f675c0cff0e0,almond-pollination
b6527b36-9838-477e-9d08-f675c0cff0e0,apis-mellifera
b6527b36-9838-477e-9d08-f675c0cff0e0,cold-storage
b6527b36-9838-477e-9d08-f675c0cff0e0,diet
b6527b36-9838-477e-9d08-f675c0cff0e0,fall
b6527b36-9838-477e-9d08-f675c0cff0e0,honey-bee
b6527b36-9838-477e-9d08-f675c0cff0e0,nutrition
b6527b36-9838-477e-9d08-f675c0cff0e0,supplement
4e046518-e541-401a-ae67-82e659f69ee6,drought
4e046518-e541-401a-ae67-82e659f69ee6,egg-stages
4e046518-e541-401a-ae67-82e659f69ee6,energetics
4e046518-e541-401a-ae67-82e659f69ee6,katydids
4e046518-e541-401a-ae67-82e659f69ee6,multiannual-life-cycle
4e046518-e541-401a-ae67-82e659f69ee6,ontogeny
4e046518-e541-401a-ae67-82e659f69ee6,prolonged-diapause
4e046518-e541-401a-ae67-82e659f69ee6,water-conservation
4e046518-e541-401a-ae67-82e659f69ee6,western-u-s
ffd87756-86b0-421d-b6a7-3c4e03f9cb1f,land-managers
ffd87756-86b0-421d-b6a7-3c4e03f9cb1f,northern-plains
ffd87756-86b0-421d-b6a7-3c4e03f9cb1f,rainfed-cropping-systems
ffd87756-86b0-421d-b6a7-3c4e03f9cb1f,soil-health
ffd87756-86b0-421d-b6a7-3c4e03f9cb1f,visual-evaluation-of-soil-structure
4c2c8a88-6df8-45e9-b440-e0d31794bc55,biomass
4c2c8a88-6df8-45e9-b440-e0d31794bc55,grasslands
4c2c8a88-6df8-45e9-b440-e0d31794bc55,machine-learning
4c2c8a88-6df8-45e9-b440-e0d31794bc55,rangelands
4c2c8a88-6df8-45e9-b440-e0d31794bc55,satellite-remote-sensing
8db1c7f8-15f0-4ce5-9151-9d186f054978,insecticide-resistance
8db1c7f8-15f0-4ce5-9151-9d186f054978,mutation
8db1c7f8-15f0-4ce5-9151-9d186f054978,pyrethroid-insecticides
8db1c7f8-15f0-4ce5-9151-9d186f054978,soybean-aphid
8db1c7f8-15f0-4ce5-9151-9d186f054978,voltage-gated-sodium-channel
219c9567-e448-47ef-96a6-84da1d133457,cattle
219c9567-e448-47ef-96a6-84da1d133457,drought
219c9567-e448-47ef-96a6-84da1d133457,extracellular-enzyme-activity-eea
219c9567-e448-47ef-96a6-84da1d133457,fort-keogh
219c9567-e448-47ef-96a6-84da1d133457,grassland
219c9567-e448-47ef-96a6-84da1d133457,micronutrients
219c9567-e448-47ef-96a6-84da1d133457,nitrogen
219c9567-e448-47ef-96a6-84da1d133457,northern-mixed-grass-prairie-soil
219c9567-e448-47ef-96a6-84da1d133457,phosphorus
219c9567-e448-47ef-96a6-84da1d133457,soil-compaction
219c9567-e448-47ef-96a6-84da1d133457,soil-microbial-community
219c9567-e448-47ef-96a6-84da1d133457,thunder-basin-ecoregion
a726b559-aad2-4312-a6e2-10231df66068,carifend
a726b559-aad2-4312-a6e2-10231df66068,cgahr
a726b559-aad2-4312-a6e2-10231df66068,d-terrence
a726b559-aad2-4312-a6e2-10231df66068,delayed-mortality
a726b559-aad2-4312-a6e2-10231df66068,greece
a726b559-aad2-4312-a6e2-10231df66068,insecticide-netting
a726b559-aad2-4312-a6e2-10231df66068,integrated-pest-management
a726b559-aad2-4312-a6e2-10231df66068,laboratory
a726b559-aad2-4312-a6e2-10231df66068,larger-grain-borer
a726b559-aad2-4312-a6e2-10231df66068,llin-utilization
a726b559-aad2-4312-a6e2-10231df66068,long-lasting-insecticide-nets
a726b559-aad2-4312-a6e2-10231df66068,prostephanus-truncatus
a726b559-aad2-4312-a6e2-10231df66068,recovery
a726b559-aad2-4312-a6e2-10231df66068,toxicology
a726b559-aad2-4312-a6e2-10231df66068,university-of-thessaly
a726b559-aad2-4312-a6e2-10231df66068,usda-ars
a726b559-aad2-4312-a6e2-10231df66068,volos
5a5c4dd1-d00c-458e-9381-dd8f16ee78ad,ecosystem-respiration-er
5a5c4dd1-d00c-458e-9381-dd8f16ee78ad,eddy-covariance
5a5c4dd1-d00c-458e-9381-dd8f16ee78ad,evapotranspiration
5a5c4dd1-d00c-458e-9381-dd8f16ee78ad,gross-primary-production-gpp
5a5c4dd1-d00c-458e-9381-dd8f16ee78ad,net-ecosystem-exchange-nee
5a5c4dd1-d00c-458e-9381-dd8f16ee78ad,old-world-bluestem
9fa03897-4762-48cc-a2eb-3b08c2469894,aquaponics
9fa03897-4762-48cc-a2eb-3b08c2469894,cherry-tomato
9fa03897-4762-48cc-a2eb-3b08c2469894,soilless-production
9fa03897-4762-48cc-a2eb-3b08c2469894,solids-removal
6634953d-95dd-4ebf-94fa-90b20bc1a7fb,grain-protectants
6634953d-95dd-4ebf-94fa-90b20bc1a7fb,integrated-pest-managment
6634953d-95dd-4ebf-94fa-90b20bc1a7fb,long-term-efficacy
6634953d-95dd-4ebf-94fa-90b20bc1a7fb,postharvest-storage
6634953d-95dd-4ebf-94fa-90b20bc1a7fb,sorghum
6634953d-95dd-4ebf-94fa-90b20bc1a7fb,stored-product-pests
5061d359-8fae-43a6-aba9-42af631f0e66,anemotaxis
5061d359-8fae-43a6-aba9-42af631f0e66,carrying-capacity-limitations
5061d359-8fae-43a6-aba9-42af631f0e66,density-regulation
5061d359-8fae-43a6-aba9-42af631f0e66,red-flour-beetle
5061d359-8fae-43a6-aba9-42af631f0e66,semiochemicals
5061d359-8fae-43a6-aba9-42af631f0e66,triboliiu-castaneum
fd2fecbb-5595-4315-b45b-9a206319920b,agricultural-methods
fd2fecbb-5595-4315-b45b-9a206319920b,agricultural-sciences
fd2fecbb-5595-4315-b45b-9a206319920b,agroecology
fd2fecbb-5595-4315-b45b-9a206319920b,ground-nesting-bees
fd2fecbb-5595-4315-b45b-9a206319920b,land-use
fd2fecbb-5595-4315-b45b-9a206319920b,native-bees
fd2fecbb-5595-4315-b45b-9a206319920b,pollinator-conservation
fd2fecbb-5595-4315-b45b-9a206319920b,tillage
fd2fecbb-5595-4315-b45b-9a206319920b,tillage-practices-included
34f3f6b1-731a-47fa-bc63-ac2f0e8aeb05,blow-fly
34f3f6b1-731a-47fa-bc63-ac2f0e8aeb05,livestock-pest
34f3f6b1-731a-47fa-bc63-ac2f0e8aeb05,myiasis
34f3f6b1-731a-47fa-bc63-ac2f0e8aeb05,obligate-parasite
34f3f6b1-731a-47fa-bc63-ac2f0e8aeb05,screwworm
34f3f6b1-731a-47fa-bc63-ac2f0e8aeb05,sterile-insect-technique
770fa056-1f7b-480e-baa2-d9c46dad5020,blue-vane-trap
770fa056-1f7b-480e-baa2-d9c46dad5020,forest-canopy
770fa056-1f7b-480e-baa2-d9c46dad5020,native-bees
770fa056-1f7b-480e-baa2-d9c46dad5020,pollinators
770fa056-1f7b-480e-baa2-d9c46dad5020,temperate-forest
770fa056-1f7b-480e-baa2-d9c46dad5020,vertical-strata
6b5a100c-04cb-448a-bb6c-7c34552cae0c,color-correction-methods
6b5a100c-04cb-448a-bb6c-7c34552cae0c,digital-imaging-systems
6b5a100c-04cb-448a-bb6c-7c34552cae0c,flat-field-correction
6b5a100c-04cb-448a-bb6c-7c34552cae0c,gamma-correction
6b5a100c-04cb-448a-bb6c-7c34552cae0c,machine-learning
6b5a100c-04cb-448a-bb6c-7c34552cae0c,neural-networks
6b5a100c-04cb-448a-bb6c-7c34552cae0c,white-balance
f4d03a8e-ad8d-490b-ba56-3ecad5359ab6,bioinformatics
f4d03a8e-ad8d-490b-ba56-3ecad5359ab6,enumeration
f4d03a8e-ad8d-490b-ba56-3ecad5359ab6,escherichia-coli-o157-h7
f4d03a8e-ad8d-490b-ba56-3ecad5359ab6,food-safety
f4d03a8e-ad8d-490b-ba56-3ecad5359ab6,idenfication
f4d03a8e-ad8d-490b-ba56-3ecad5359ab6,long-read-sequencing
f4d03a8e-ad8d-490b-ba56-3ecad5359ab6,serial-plating
f4d03a8e-ad8d-490b-ba56-3ecad5359ab6,single-colony
4ad1d5f0-8b4b-4e54-b4a9-28f9f56abfe7,breeding
4ad1d5f0-8b4b-4e54-b4a9-28f9f56abfe7,cranberry
4ad1d5f0-8b4b-4e54-b4a9-28f9f56abfe7,deep-learning
4ad1d5f0-8b4b-4e54-b4a9-28f9f56abfe7,imaging
4ad1d5f0-8b4b-4e54-b4a9-28f9f56abfe7,lightbox
4ad1d5f0-8b4b-4e54-b4a9-28f9f56abfe7,phenotyping
4ad1d5f0-8b4b-4e54-b4a9-28f9f56abfe7,training-data
fd2e4b05-f631-459b-b11d-b058c82ab869,cranberry
fd2e4b05-f631-459b-b11d-b058c82ab869,nitrogen
fd2e4b05-f631-459b-b11d-b058c82ab869,water-quality
fd2e4b05-f631-459b-b11d-b058c82ab869,wetland
ad4ff784-39bd-4c55-a228-3f779efc1732,aedes-albopictus
ad4ff784-39bd-4c55-a228-3f779efc1732,animal-tracking-and-telemetry
ad4ff784-39bd-4c55-a228-3f779efc1732,harmonic-radar
ad4ff784-39bd-4c55-a228-3f779efc1732,insect-movement
ad4ff784-39bd-4c55-a228-3f779efc1732,mosquites
4f0e7dd9-759c-49b5-b1d4-8141293eee37,electricfield
4f0e7dd9-759c-49b5-b1d4-8141293eee37,energeticparticles
4f0e7dd9-759c-49b5-b1d4-8141293eee37,ephemeris
4f0e7dd9-759c-49b5-b1d4-8141293eee37,magneticfield
4f0e7dd9-759c-49b5-b1d4-8141293eee37,thermalplasma
4f0e7dd9-759c-49b5-b1d4-8141293eee37,waves-passive
ef3b714c-807a-46c0-902d-439dddd2fc1a,__
10fbc3b8-ac6a-4abd-bc80-acf76855d43b,air
10fbc3b8-ac6a-4abd-bc80-acf76855d43b,alaska
10fbc3b8-ac6a-4abd-bc80-acf76855d43b,american samoa
10fbc3b8-ac6a-4abd-bc80-acf76855d43b,cleanup
10fbc3b8-ac6a-4abd-bc80-acf76855d43b,compliance
10fbc3b8-ac6a-4abd-bc80-acf76855d43b,contaminant
10fbc3b8-ac6a-4abd-bc80-acf76855d43b,environment
10fbc3b8-ac6a-4abd-bc80-acf76855d43b,esf10
10fbc3b8-ac6a-4abd-bc80-acf76855d43b,esf3
10fbc3b8-ac6a-4abd-bc80-acf76855d43b,facilities
10fbc3b8-ac6a-4abd-bc80-acf76855d43b,permits
10fbc3b8-ac6a-4abd-bc80-acf76855d43b,puerto rico
10fbc3b8-ac6a-4abd-bc80-acf76855d43b,regulatory
10fbc3b8-ac6a-4abd-bc80-acf76855d43b,united states
10fbc3b8-ac6a-4abd-bc80-acf76855d43b,virgin islands
10fbc3b8-ac6a-4abd-bc80-acf76855d43b,washington dc
6f1ba6db-c2e8-41e1-b5d7-f1c3ea15f33d,__
8136a78f-162b-49e1-b6c0-42b352b3b706,dam-removal
8136a78f-162b-49e1-b6c0-42b352b3b706,elwha-river
8136a78f-162b-49e1-b6c0-42b352b3b706,life-history-diversity
8136a78f-162b-49e1-b6c0-42b352b3b706,oncorhynchus-mykiss
8136a78f-162b-49e1-b6c0-42b352b3b706,rainbow-trout
8136a78f-162b-49e1-b6c0-42b352b3b706,redband-trout
8136a78f-162b-49e1-b6c0-42b352b3b706,restoration
8136a78f-162b-49e1-b6c0-42b352b3b706,steelhead
a0411962-c8e1-456f-83fb-dfa59a6de125,alaska
a0411962-c8e1-456f-83fb-dfa59a6de125,general-human-use-contaminants
a0411962-c8e1-456f-83fb-dfa59a6de125,general-management-landscape-management-habitat-scale
a0411962-c8e1-456f-83fb-dfa59a6de125,general-management-landscape-management-land-use-planning
a0411962-c8e1-456f-83fb-dfa59a6de125,general-management-landscape-management-landscape-conservation-planning
a0411962-c8e1-456f-83fb-dfa59a6de125,north-slope
a0411962-c8e1-456f-83fb-dfa59a6de125,vegetation-rehabilitation
c1520e45-e5f6-4b5b-b34f-88d0b5c1232f,magneticfield
83d29836-579f-4675-b6cc-0aff4921cae6,__
e9f73037-efae-4239-8b73-47922f5e819d,__
0bbbbf79-2aef-4bba-9d27-89673a5af37e,energeticparticles
1ffd1993-0702-4f9e-84b0-c91d2561290f,__
758f458f-40e8-4ed8-9971-7db79bb61e7b,lfc-b
758f458f-40e8-4ed8-9971-7db79bb61e7b,low-frequency-receiver
758f458f-40e8-4ed8-9971-7db79bb61e7b,magnetosphere
758f458f-40e8-4ed8-9971-7db79bb61e7b,plasma-waves-instrument
758f458f-40e8-4ed8-9971-7db79bb61e7b,radiation-belt
758f458f-40e8-4ed8-9971-7db79bb61e7b,waves-pwi
007ec343-f7f7-45b4-9f64-6475e1ac289b,__
540fc957-c7cc-4a63-a571-8ca36afd28ab,__
3bbf6b1c-c050-41ef-9169-353e59cea445,akr
3bbf6b1c-c050-41ef-9169-353e59cea445,ducted-echoes
3bbf6b1c-c050-41ef-9169-353e59cea445,fai
3bbf6b1c-c050-41ef-9169-353e59cea445,field-aligned-irregularities
3bbf6b1c-c050-41ef-9169-353e59cea445,fixed-and-swept-frequency-sounder
3bbf6b1c-c050-41ef-9169-353e59cea445,ground-echoes
3bbf6b1c-c050-41ef-9169-353e59cea445,ground-reflections
3bbf6b1c-c050-41ef-9169-353e59cea445,ionospheric-echoes
3bbf6b1c-c050-41ef-9169-353e59cea445,ionospheric-reflections
3bbf6b1c-c050-41ef-9169-353e59cea445,plasma-resonance
3bbf6b1c-c050-41ef-9169-353e59cea445,plasma-waves
3bbf6b1c-c050-41ef-9169-353e59cea445,solar-type-iii-bursts
3bbf6b1c-c050-41ef-9169-353e59cea445,spectrum-ionogram
3bbf6b1c-c050-41ef-9169-353e59cea445,topside-ionosphere
3bbf6b1c-c050-41ef-9169-353e59cea445,topside-sounder
3bbf6b1c-c050-41ef-9169-353e59cea445,upper-hybrid-noise-band
3bbf6b1c-c050-41ef-9169-353e59cea445,wave-scattering
3bbf6b1c-c050-41ef-9169-353e59cea445,waves-active
be034bc8-6074-489e-9163-4a0df4886ed0,ephemeris
c968e732-551a-4dde-b47f-471a1f020891,__
a98de8a4-c95d-499e-8711-e85e88947ac1,__
60e5f3c3-be79-4c9c-a87c-5b11d8983853,waves-passive
0ae35dd7-008a-4b48-b5d5-a2b671328f78,__
1534c39a-9887-4137-bc61-0816fc5e682b,ephemeris
58e2179b-161e-4287-9bd4-7bb03b3a563e,buffer
58e2179b-161e-4287-9bd4-7bb03b3a563e,lecl
58e2179b-161e-4287-9bd4-7bb03b3a563e,lewis-and-clark
58e2179b-161e-4287-9bd4-7bb03b3a563e,lewis-and-clark-national-historic-trail
58e2179b-161e-4287-9bd4-7bb03b3a563e,lewis-and-clark-trail
58e2179b-161e-4287-9bd4-7bb03b3a563e,national-historic-trail
58e2179b-161e-4287-9bd4-7bb03b3a563e,national-park-service
58e2179b-161e-4287-9bd4-7bb03b3a563e,national-trails-system
58e2179b-161e-4287-9bd4-7bb03b3a563e,nps
58e2179b-161e-4287-9bd4-7bb03b3a563e,trail-corridor
07377676-e4a9-45aa-87b2-2399752c4748,boundaries
07377676-e4a9-45aa-87b2-2399752c4748,boundary
07377676-e4a9-45aa-87b2-2399752c4748,cato
07377676-e4a9-45aa-87b2-2399752c4748,catoctin-mountain-park
07377676-e4a9-45aa-87b2-2399752c4748,land-status-ownership
07377676-e4a9-45aa-87b2-2399752c4748,lrdcab
07377676-e4a9-45aa-87b2-2399752c4748,maryland
07377676-e4a9-45aa-87b2-2399752c4748,national-capital-region
07377676-e4a9-45aa-87b2-2399752c4748,national-park-service
07377676-e4a9-45aa-87b2-2399752c4748,ownership
07377676-e4a9-45aa-87b2-2399752c4748,parcels
07377676-e4a9-45aa-87b2-2399752c4748,planning-cadastre
07377676-e4a9-45aa-87b2-2399752c4748,tracts
07377676-e4a9-45aa-87b2-2399752c4748,united-states
10bb8035-076e-490c-bc2e-c9e48f21e168,earth-observation-satellites-smap-nasa-decadal-survey-soil-moisture-active-and-passive-observat
10bb8035-076e-490c-bc2e-c9e48f21e168,earth-remote-sensing-instruments-imaging-radars-active-remote-sensing-smap-l-band-radar-smap-l
10bb8035-076e-490c-bc2e-c9e48f21e168,earth-science-platform-characteristics-spectral-engineering-orbital-characteristics
10bb8035-076e-490c-bc2e-c9e48f21e168,earth-science-radar-spectral-engineering-radar-imagery
10bb8035-076e-490c-bc2e-c9e48f21e168,earth-science-radar-spectral-engineering-sigma-naught
7551c417-a4db-43ba-8672-814bec07c934,earth-observation-satellites-smap-nasa-decadal-survey-soil-moisture-active-and-passive-observat
7551c417-a4db-43ba-8672-814bec07c934,earth-remote-sensing-instruments-imaging-radars-active-remote-sensing-smap-l-band-radar-smap-l
7551c417-a4db-43ba-8672-814bec07c934,earth-science-platform-characteristics-spectral-engineering-orbital-characteristics
7551c417-a4db-43ba-8672-814bec07c934,earth-science-radar-spectral-engineering-radar-imagery
7551c417-a4db-43ba-8672-814bec07c934,earth-science-radar-spectral-engineering-sigma-naught
97f72094-2e70-4260-833b-fae844f080f4,earth-observation-satellites-smap-nasa-decadal-survey-soil-moisture-active-and-passive-observat
97f72094-2e70-4260-833b-fae844f080f4,earth-remote-sensing-instruments-imaging-radars-active-remote-sensing-smap-l-band-radar-smap-l
97f72094-2e70-4260-833b-fae844f080f4,earth-science-platform-characteristics-spectral-engineering-orbital-characteristics
97f72094-2e70-4260-833b-fae844f080f4,earth-science-radar-spectral-engineering-radar-imagery
97f72094-2e70-4260-833b-fae844f080f4,earth-science-radar-spectral-engineering-sigma-naught
e78e9dfe-0d33-4a4f-9f88-07b0c1009c94,earth-observation-satellites-smap-nasa-decadal-survey-soil-moisture-active-and-passive-observat
e78e9dfe-0d33-4a4f-9f88-07b0c1009c94,earth-remote-sensing-instruments-imaging-radars-active-remote-sensing-smap-l-band-radar-smap-l
e78e9dfe-0d33-4a4f-9f88-07b0c1009c94,earth-science-platform-characteristics-spectral-engineering-orbital-characteristics
e78e9dfe-0d33-4a4f-9f88-07b0c1009c94,earth-science-radar-spectral-engineering-radar-imagery
e78e9dfe-0d33-4a4f-9f88-07b0c1009c94,earth-science-radar-spectral-engineering-sigma-naught
11cbf273-4756-4dc6-98a5-e0670ffdc06f,aerial photographs
11cbf273-4756-4dc6-98a5-e0670ffdc06f,airplane
11cbf273-4756-4dc6-98a5-e0670ffdc06f,beaches
11cbf273-4756-4dc6-98a5-e0670ffdc06f,camera
11cbf273-4756-4dc6-98a5-e0670ffdc06f,coastal landforms
11cbf273-4756-4dc6-98a5-e0670ffdc06f,continent
11cbf273-4756-4dc6-98a5-e0670ffdc06f,data analysis and visualization
11cbf273-4756-4dc6-98a5-e0670ffdc06f,doc/noaa/nos/ngs
11cbf273-4756-4dc6-98a5-e0670ffdc06f,earth science
11cbf273-4756-4dc6-98a5-e0670ffdc06f,earth science services
11cbf273-4756-4dc6-98a5-e0670ffdc06f,geographic information systems
11cbf273-4756-4dc6-98a5-e0670ffdc06f,geomorphic landforms/processes
11cbf273-4756-4dc6-98a5-e0670ffdc06f,land surface
11cbf273-4756-4dc6-98a5-e0670ffdc06f,mississippi
11cbf273-4756-4dc6-98a5-e0670ffdc06f,national geodetic survey
11cbf273-4756-4dc6-98a5-e0670ffdc06f,national ocean service
11cbf273-4756-4dc6-98a5-e0670ffdc06f,ngs imagery
11cbf273-4756-4dc6-98a5-e0670ffdc06f,noaa
11cbf273-4756-4dc6-98a5-e0670ffdc06f,north america
11cbf273-4756-4dc6-98a5-e0670ffdc06f,shorelines
11cbf273-4756-4dc6-98a5-e0670ffdc06f,spectral/engineering
11cbf273-4756-4dc6-98a5-e0670ffdc06f,u.s. department of commerce
11cbf273-4756-4dc6-98a5-e0670ffdc06f,united states of america
11cbf273-4756-4dc6-98a5-e0670ffdc06f,visible imagery
11cbf273-4756-4dc6-98a5-e0670ffdc06f,visible wavelengths
b4cd8592-dba6-4487-a7ad-87cdd3c0183a,airplane
b4cd8592-dba6-4487-a7ad-87cdd3c0183a,arkansas
b4cd8592-dba6-4487-a7ad-87cdd3c0183a,biosphere
b4cd8592-dba6-4487-a7ad-87cdd3c0183a,continent
b4cd8592-dba6-4487-a7ad-87cdd3c0183a,doc/noaa/nos/ngs
b4cd8592-dba6-4487-a7ad-87cdd3c0183a,earth science
b4cd8592-dba6-4487-a7ad-87cdd3c0183a,ecosystems
b4cd8592-dba6-4487-a7ad-87cdd3c0183a,freshwater ecosystems
b4cd8592-dba6-4487-a7ad-87cdd3c0183a,land surface
b4cd8592-dba6-4487-a7ad-87cdd3c0183a,lidar
b4cd8592-dba6-4487-a7ad-87cdd3c0183a,light detection and ranging
b4cd8592-dba6-4487-a7ad-87cdd3c0183a,national geodetic survey
b4cd8592-dba6-4487-a7ad-87cdd3c0183a,national ocean service
b4cd8592-dba6-4487-a7ad-87cdd3c0183a,ngs lidar
b4cd8592-dba6-4487-a7ad-87cdd3c0183a,noaa
b4cd8592-dba6-4487-a7ad-87cdd3c0183a,north america
b4cd8592-dba6-4487-a7ad-87cdd3c0183a,rivers/stream
b4cd8592-dba6-4487-a7ad-87cdd3c0183a,terrain elevation
b4cd8592-dba6-4487-a7ad-87cdd3c0183a,topographical relief maps
b4cd8592-dba6-4487-a7ad-87cdd3c0183a,topography
b4cd8592-dba6-4487-a7ad-87cdd3c0183a,u.s. department of commerce
b4cd8592-dba6-4487-a7ad-87cdd3c0183a,united states of america
b5f453c4-dca6-4753-b670-fac3c74c6b67,__
9ac6f3c4-6861-4674-b10e-5c1751eed49d,__
aac00ee3-8084-477e-947b-878923a19fd0,__
4ccba7d2-da86-4dd3-b4a3-86110c35c3ab,__
387d2033-271a-43e2-bffd-eabc9f9a49d0,__
b133b69d-47d0-421f-ad89-55c6f93a694b,__
5a8cf7fa-a882-4571-80da-7e08045b5f5c,__
9d3b2a6e-931a-46e7-956f-dd9fc65679fe,__
027b680e-9d39-4e31-aacb-075135b3fa0b,__
e2e44ae4-d8ce-4dbe-a338-e7fb18d73d3d,__
11230f7b-c417-4e7e-9b14-19ab43cea827,__
266c27ee-2b8c-4ab2-b747-e44a8b20ad1f,__
05cb230a-f5f9-4674-9f96-592dbc944778,__
8b071579-93b4-4041-9783-fbf98c71fca0,__
c998f617-c74a-45e1-b4a3-76d7261fbadd,__
31952bde-d451-41a8-9bb6-30ad0154cc3c,__
9e95c30f-9ba8-4fd1-b343-b88e25e552de,__
4dd8d0d4-7d5e-4678-bbb5-d9258918c3e3,__
b8c34012-3014-4c6a-98a0-d79d997fe613,__
da1fc4fb-e7b1-42cd-95b3-e9b9ec2dd52e,__
fa49aa8c-ffae-44d2-aca4-1c362dcdaa21,__
1e969238-5039-43fb-bdce-566bb44e463b,__
df011ccd-687a-4695-9649-6bd3bc3bf50b,__
7546b738-7c61-4055-9390-71c377378016,__
c205c326-1c54-42bc-82c4-799552b8db98,__
69467521-3c7c-44cc-9e0d-91229b9c12d2,__
a06f1467-edd2-4f37-9122-2d15d390f1e9,__
bbe730a5-e92e-4d23-aa84-f9fdbef4d9a2,__
43431e4d-8c48-4ba1-9c80-d3f060fd9b8c,__
83ddd306-ab3a-40a4-b625-c365056ede94,__
3abb576a-9a71-421b-aced-83a879a02333,__
1a1ce5d4-c59e-4520-961f-1f8b5a1e21c6,__
44b128b6-9185-41b5-aac8-e0e4355371fe,__
9b52bc63-0f8e-4438-9bc2-43ad12c5eb6b,__
8d45afdd-bbb8-4dfd-ba29-853dcd5031f9,__
1c6405f4-23ae-4544-8373-12c5af673ad2,__
16e82ec9-9571-455b-9517-7ff2131dd439,__
3d410c31-16b7-4c47-b810-2b716b2dfdf2,__
068627fc-f748-43ed-8c82-9e186dc438ad,__
b8fc3abf-af82-437e-80db-f71a8d9fb2c8,__
25d150c0-a9e6-4130-b3a1-3a6271fb3bf5,__
d9039911-d536-49a4-b7f7-72be01a1c6b9,__
d11553e4-fda4-4a47-b9f9-a9242c1bed34,__
29607c65-a041-4cf9-9355-a7b77c66503f,__
258246b0-5920-4de7-a602-d3ec0dd7b017,__
5afa89e6-5db8-485f-a4b7-ff828d866098,__
cc31c069-b4a4-4307-9bdc-80cec8951a27,__
7505202a-327b-4454-94d5-779a581ba97b,__
43020a92-d543-406d-ba5b-7646837c8f37,__
e39c0683-8502-425b-b370-3022c14ded8b,__
aa0593d5-f28d-44a2-b512-ba36ccb5cc4e,__
1f16d3ed-932d-4889-8d28-028c98e1915b,__
d3cb4f53-5d09-4e63-b9f0-a47e48e665da,__
4c2383cc-61cd-4971-a830-c3a48702fb5e,__
39043a46-26cc-4316-8be8-65eb1db70b41,__
cb7c134f-4a0d-4c2f-968e-12d3d4c4ef66,__
59dd33a1-732e-4ac2-83ee-d3bd034f77be,__
18e86d61-6e2a-418c-887a-7b622458c60b,__
ef2dc7c3-db69-417d-91da-21976684fb15,__
84463f84-9ad0-411d-8e85-5c95d0a839df,__
012a4332-81ea-4d50-ad86-3ebe2dd9d108,__
0c5ce937-fb85-4f2d-8449-9574315d3558,__
86893278-7f4e-4791-b8b1-e49d59f8077f,__
8032c1de-bf14-4fce-a9d6-d41b4aad291e,__
f14fdb86-b939-4214-bba5-2050967ae8e5,__
2e6e06cb-c147-4bf8-9f9a-2089e8c480ad,__
d08011a4-9587-4d18-9d70-316f157fcb8b,__
b5112922-371f-46a6-b4f2-bcacd2e031de,__
0de8d8dd-1b67-40ca-90db-0bff00807301,__
b0f01025-8325-4cdf-b3e8-662723e3f70a,__
1389f771-cf0d-4d9b-88f5-c455f34718a8,__
4b23dbf8-dbfd-404a-b2a7-28431383ac9d,__
59ba5822-c08a-474d-a025-5d0422a442c4,__
644a80b0-65f3-4789-a4d2-38f89a575618,__
fe2fc89c-6ad9-40eb-9290-9aab003dc7ca,__
21877994-5f30-4fd5-9f2d-6fc3fff450c4,__
533b9277-47f9-48d5-b019-05aaf46763b2,__
cae7d71a-1a96-434f-8f44-31c1a62c3fc0,__
66021a4a-6e8d-4090-be75-116f15de66c1,__
2c554756-2cc1-4570-ba8c-3fb0d65fe124,__
848905e6-68ba-48dc-ba5e-c68ce6713e39,__
3e431550-bf11-468d-876c-c25e03277faa,__
fb5d1402-9181-435f-ab6c-013af06c37ba,__
83027d61-190f-4ff0-bb51-1f585b9dcbff,__
91ef85e4-d2d9-426b-9c95-0cf3ae5fad3b,__
9e717543-87a0-4a89-b8f0-3dccce8e56b2,__
174701bb-1ae2-466d-a9d8-ce8ef1279616,__
98c3b140-8787-4228-baa4-38c743466405,__
207dcfc7-3146-4289-a932-c6bdee05cb6a,__
6d280008-e9cc-4e31-a8de-531d0af8b8a5,__
83a10cfc-71f2-452e-83d4-5ccd4cf912bc,__
f30bd9a1-c1e0-4c24-bea7-8b6fdfa616df,__
e95a2187-d6fe-40b0-9c88-12200d5ff663,__
60112b39-4445-4850-9fc1-6d68caa777c7,__
3e43935b-720b-423a-b01d-b8e14e3fdb6e,__
477b7bf5-0705-4aa4-a1c6-08287366d270,__
61dc9b73-54b5-4b4b-9dac-bf69524e9147,__
b47f035e-94d3-4f3e-bf46-bb2a4d34b29d,__
a649be86-e9f2-441d-a2e4-3f26904210bc,__
87b6d17a-506b-4b35-9345-28ae380f263a,__
0c73aef1-7905-4ee8-a8bd-00f2dbfa347b,__
b5dcf729-a45d-46a0-992e-f2a023f40971,__
c68d49ae-b857-48d5-ab7b-54bbf6299014,__
09d44742-f255-4762-86f8-219fe138ed2a,__
737e4947-b873-48dd-ad4e-4992cd0da101,__
097e365a-0e49-4e66-97d3-f459001bee92,__
cca8ef69-4a57-4adb-84ca-1d2ec6dd1eec,__
c76edc70-6065-435b-a66a-3f2673210926,__
5b629c46-97fe-4af9-8113-78e95626d769,__
63f6df6c-8133-4d48-9268-4e127b164101,__
68e0ceb5-3ba5-427e-ba8c-d543a4e16260,__
d07c0015-0a19-4ba4-98c6-8068e4d11874,__
11b91ef0-784c-4862-8bc5-1cfa108f4840,__
bd6a4dbd-1bbf-4480-bb01-85e8202de185,__
97431f08-7e37-43d6-aeb0-12d31c5b4cf7,__
d971ac0b-c597-4aac-a0eb-8926b6341fc3,__
55b35478-611c-441e-af6b-daffddc9dcd9,__
5010cd18-c27d-4eb7-adaf-fddc133c11aa,__
9528746e-75e1-4153-98d1-baeadf818b0c,__
f9b45ed0-dab8-4d4d-9314-5346b23d27d9,__
d49eded6-b24c-4ba4-abbc-31d232822208,__
aec8e913-b399-4ed9-a6a5-921263d1b90d,__
2c5e5632-f9e0-4009-9bad-767c5a44b492,__
cd7635f0-b337-41e1-be54-d53987473afc,__
b4b9d178-3253-4bdc-8796-fc6d2ed62353,__
2c02683a-1837-40b2-8444-8210ba2d9988,__
ac12fa49-9f08-449f-a097-83cf900b3c62,__
a5b042f6-570a-4a21-babf-af228997bbd9,__
6b6d5b1b-031e-44af-a786-1dd5cc5e54c7,__
e0462595-1a0f-4775-b2c1-a2ba19bfa419,__
682ce1c5-85d1-452a-8887-027db3b0adcb,__
f3b3c727-02c7-4c56-8911-cf5089a2e013,__
b35ca3df-3541-4ab4-9b5d-7658f925793a,__
6d81942e-3b88-4572-9650-d9279533cc48,__
51d7378b-0f17-40ab-a162-8cdffd92e09f,__
d715272c-9f65-4912-b2a6-8e9004793fc0,__
e612b30b-28e6-42e5-95f8-8d21727f3850,__
4513ce61-b86f-41c4-bf92-ad374518e271,__
b6e0aefe-7dd0-448c-9147-9ddba9623c1d,__
653fd2d8-d7a1-4ffc-8897-c17837976219,__
343217e9-485e-4f96-abf8-c9ac964b7005,__
76762051-4f05-450c-b19a-bd8621e8ba12,__
917a8a43-e7cc-4162-bf42-c4607ff7b1c3,__
509bb50a-9e04-4bb4-8fef-eea8f5b49861,__
52211a8c-2608-488b-b0e8-877f90c48756,__
1e4bc328-842d-4e1b-9e3e-4726fe866654,__
50326fbb-071f-4f1d-bff6-d9f3589b403d,__
45ec9db1-56a0-4da6-b250-b8c6d468ceec,__
acb365ac-b2d4-4abb-9b00-807f2ccb9b07,__
8f4f1d56-bcd6-4e22-bf73-93f31196c76e,__
5224742b-f039-407d-be2a-2cc54ac1a9d5,__
edc8ba51-5b25-4a9c-ba8a-5cfe121f879a,__
57a03098-29c6-46ab-8360-d68a7c0861d0,__
4fa5e09b-b8e8-430c-b9ac-b528b8c89b86,__
041fd782-7a43-4cec-8024-d10df4de9a4f,__
7a8a43d2-f422-477a-87da-1e5d773e9e5c,__
61819a62-4e82-468b-99fe-382e0baec12d,__
0513597c-b31e-4c8d-8436-d523e999e645,__
b3a8bcca-f226-41e4-9602-37222c30bab8,__
6bb024bc-9f77-4b40-9b59-64f90d24930f,__
5935c598-b03f-42ab-b1e6-d78c13652883,__
f7ad3c2d-9d60-4c07-a67d-100accd10f84,__
067b696e-5cab-4976-90d3-3818892faded,__
7a59c73c-bb81-4c0a-90c4-eab2de9be89e,__
fd79a6de-757f-4662-85d0-6cf8bf7e82ef,__
10de26ce-fbf1-44da-8d96-7fadec7e5750,__
214a3985-5809-404e-b509-82ed634dd377,__
20aea718-4110-4577-955b-975251043941,__
dfd132d6-d34c-4e1c-b859-60d1ad6ba1c8,__
d00e5e58-84dd-4907-a195-69cee4a6a1c7,__
13e735f6-d996-4e3d-8c7a-dbdaa087d851,__
75ce0213-183b-47d2-a827-25fb4292833d,__
937419e5-5b2e-43ef-8fb5-74c8cb51ac96,__
fbe43318-99e1-4b8a-98a5-55830b88ceb7,__
8b76abca-65be-4ea4-a385-65d243842399,__
83445544-5fcd-4ad0-8c2c-d721574f7612,__
dccdd2e6-bcc0-406d-95c7-6befb3ab2aaa,__
a8fbaa9e-649b-4740-9360-d0d67b9783af,__
c3307049-c9c6-405a-bb8a-b74619a7c5bc,__
773a53b2-74dd-43bd-be33-e39596e4363a,__
7ae9be74-cec9-430d-ae7e-39658db20506,__
6e964cea-2b9e-4420-8611-22216fd6e65f,__
2c8335ce-6c96-45c5-9adb-ea3c56df10d9,__
8e500d53-a8bf-4454-ae18-ce5167a95d95,__
6a94daa7-9fc1-4259-b5c3-ef714b3eba49,__
c9a5d6d6-ac54-4e72-a40e-1e002dfdd37b,__
6cec5fc9-8891-4988-abfc-63f147c8e0d0,__
c120fb1a-5376-47d2-802c-9c428665b79b,__
72f04df1-322e-42b7-a737-217c3f072a83,__
a08d5fba-1819-46c6-930b-f0447f739fa2,__
6b33c69c-da59-486a-8ed3-28cd5a7a178f,__
8abe0112-cd51-45fe-b438-0d6afb774f2c,__
50f3964e-757d-4162-8c5b-b33781138efe,__
58fb5d00-fb09-4ea0-aa8d-4d600ebb6180,__
0dab289e-c303-47bd-8ebb-3d2721ba63f5,__
2d7ff809-8018-4cf2-9337-331997e1835d,__
f944b243-4c7d-421b-bfab-857705a4e964,__
b946fc6a-02fd-4156-b567-675ddf0a41ff,__
f898b59e-81ff-4e72-8fec-5c56c326e831,__
3e46c7e0-e77e-4fde-b0e7-90e0a5df061b,__
52ff59a4-5d3c-4e66-be97-35a152665401,__
aa6b577b-3997-4fb7-956b-b0fddbbd0f43,__
62188075-357a-47c4-b482-3cbf3f426924,__
ce280522-2732-42b9-847d-b1d7764df52b,__
e93ef3f3-e30f-450f-a2a1-b437ea8c420a,__
eda9bb98-303a-4f30-a924-029b0ccb7c37,__
b0ef3bf7-fcfd-443e-b2aa-f38eaa8480e9,__
757ec38d-2de2-419f-89fd-90707411d3f0,__
ca60bbbd-5718-48ef-a847-6dee178a0bac,__
daa6c687-e281-41c8-a78e-7d37e9efec29,__
40a2a6bf-9d37-45c6-8276-e344547ef454,__
a8c501fc-158e-4868-925d-06aa097aeb22,__
45765071-b0dc-4058-b2b8-e43ca6b49dc0,__
0a3ebd6f-99ac-4913-b8a4-9b3bf1cced54,__
e4824a29-9446-454c-a110-748f2318ae22,__
3731afd8-a6e4-4dda-a7ee-a50fea339f47,__
02bb4e9b-ebb2-4724-820a-b66a9e448ffe,__
eaea4b82-ece9-4f15-8b39-fa1f38f95c02,__
5c0c21cc-06f0-4b1c-b50c-a049e13d3481,__
d43ae981-d5bd-4dbd-ac96-fdb0f09799ef,__
00092aff-bf96-4c30-beb4-e35a556d0900,__
a3fb4fc6-a28a-4ab2-98d8-92c3cd60fe2d,__
5f43b5df-3045-4b14-bd34-3cc62bf76c18,__
e2df816d-828f-4de2-9ffd-ca3673deb73d,__
cb22106d-0d9d-45de-8546-14f5c94d66ec,__
d5dd1a71-8839-418f-b98f-883ab4001e25,__
4b634753-6809-4aa3-8b46-539539b99d3d,__
21f74a34-401d-44fc-a1e2-732d7c49851a,__
9c22c465-2df0-4887-b8a5-2799414263a0,__
e6ba4b4e-0c4e-4718-ab47-5bc2256f7108,__
058a01b4-adca-4a55-8ef8-436d289d3779,__
0aa67bf9-56fa-4e6b-868a-f217268b63da,__
852aeee6-5b9b-47cc-9cea-44698c6fdce6,__
806066e2-ce8e-43c7-883b-5383cfc74633,__
0be6be9f-1613-440f-b900-67280fa561a1,__
d0c251da-f2db-4863-9934-ab280d942f2b,__
a4b375d8-ed4b-4dd9-9bc3-d6522d94d627,__
26584b13-a941-4d89-af20-089eb295cb25,__
700e4624-c1f0-4a6e-8ef6-4a8733c33e0b,__
2acda84d-93fd-4656-8834-7efe7b7bd03f,__
c6074881-c89e-400e-ae17-018940706076,__
01fd5e28-42d1-476e-a75c-0e8830f219e3,__
4c462f8a-227c-4e10-96ef-a00a3c9cc924,__
be999de5-54fb-486a-ad55-bf520e977063,__
ec1b6bb8-c2ca-4d74-b0b6-c15e003d5e9f,__
f30bb901-5132-4189-a73e-bc9d57f6c702,__
d96d2e03-b42e-43cc-9161-32b0e4b4b229,__
74305053-f14e-4f90-818a-76dec1c7a6d9,__
ff0f4ff0-09b4-4067-bbea-9f9f921a9a05,__
7f022da7-43df-4838-a357-f65155d74c8b,__
0a51f5f9-a511-4fa7-b92e-a9795e694736,__
049cff4e-5abb-4168-aaf5-dcb1e2d22263,__
c5193dd8-e4d7-41f6-b9b9-7caee65a1236,__
b5746398-1d8f-4116-82f7-69533d4bfc61,__
1830359f-c5f1-40d8-962e-45e1f73db0cd,__
1d61c764-eeef-4b3e-9cd3-51e485b9e56f,__
48ab10b1-4e63-4f4c-8c2f-0db9d99a389a,__
c1baa727-e628-4591-82e4-7b094b217041,__
2de7e939-ed3d-44c3-82f1-6de227a6c1bd,__
a0ac6c82-6146-42c0-ac93-11bc4a90992f,__
2a646f43-74de-44e3-9644-26b6956bba16,__
62229933-962f-49e4-956d-a56635f1345e,__
d96f74bc-cd43-4fba-b34f-4a2af2eeb561,__
8e9f548e-4e7e-4ce2-878a-c5f93ce0c326,__
efacfa36-fe52-4e91-b628-93905f80b07a,__
1c3bec07-b688-4d0c-883e-658739858435,__
4028cb1a-b316-4298-ab80-6c53afeaf1a7,__
db970258-99d0-46e5-8897-5c040f633f30,__
00b544e6-4c1d-4d7c-b082-86c64b2730a6,__
fe19da99-aa2f-4e27-a50a-fdc2f641a027,__
005046d8-8cf9-4013-8fdf-888b47d0e4ad,__
bb16fe4e-200b-4d25-b632-b2c99cd08cec,__
6f512858-da3a-47c2-acb9-5c44005e38b1,__
9b09a25d-3a26-445d-acc8-c604314c0d8f,__
c4a3aeb4-e006-47a4-a752-179b5561587d,__
2434a29f-fa82-4b78-82ca-5cdfe2ecf13f,__
bed1a23b-a880-44eb-909a-faa67a59c0fe,__
16d77c18-e790-449c-86f1-2c18ee64f7e1,__
cbe3cd49-fa2c-4884-acfa-75bd8c869b29,__
4215f959-3d2f-4472-b4ea-94996a106ad2,__
5bc7a030-8412-45ca-8b35-b645c85fa935,__
7835dfa3-f3a9-48da-81e8-d18f46870d14,__
fb6d38c0-e810-4c89-89c5-0f39fb967355,__
f57b96b1-742e-4387-a3e0-12950956f6c0,__
eb9c8ae1-4050-42cc-a365-b08dfe096759,__
79b45886-7299-4f5a-8334-d14d290788f4,__
144b1fcd-ceb8-4741-888f-8f741000a971,__
3f805beb-3199-4498-a935-19d13b48779f,__
bf58e174-fcdb-499c-9242-bbce182963da,__
354e118e-2a02-4036-b32f-751b3d3345c5,earth-science-atmospheric-chemistry-atmosphere-carbon-and-hydrocarbon-compounds-atmospheric-car
93e81968-045d-4443-95bf-273d41472a5f,__
c5b2f4de-1529-44f6-93a6-d7eff3c2c347,__
29992be4-8cce-4567-94cd-0ddc79f5bff3,__
2e6bc230-67e1-4854-8264-3d54ec36cb97,__
29f1f99c-4f0b-4b5d-b3f5-ebbcb638cb32,__
a42b6936-9c16-4300-b137-e0341d0d4d33,__
e9013a46-8995-46f1-94b5-3a1c2db369ee,__
3fbb28ef-492c-4741-a347-6a611e18e5d2,__
23e35c53-bdc7-4009-815e-2c624dd182d4,earth-science-infrared-wavelengths-spectral-engineering-infrared-radiance
23e35c53-bdc7-4009-815e-2c624dd182d4,earth-science-visible-wavelengths-spectral-engineering-visible-radiance
418ca9de-e322-4f37-9082-ade6a228c991,__
237da9f7-fa8d-4c54-84b8-316f609dbdd9,earth-science-microwave-spectral-engineering-brightness-temperature
d6e1448e-ee06-425a-af7e-e935d690b4b6,__
5d62673a-5809-4cc5-8db3-efbafefbf4dd,__
860bb4a7-c97b-4296-b630-a1c6a6e96128,__
d96c218b-798f-4796-aab6-d764fe016d91,__
adb71784-13e6-4802-9f89-00cab88b1bb2,__
8f3319d8-8146-454a-b25f-7fb8b731d553,__
c4421ccf-4718-4dd4-b8d0-884ce0d9c1a8,earth-science-infrared-wavelengths-spectral-engineering-infrared-radiance
09a6d839-2f31-4719-a402-fdfed5a0d754,__
aa940bc9-a519-4d76-8007-7c8e96d5c9ad,earth-science-atmospheric-chemistry-atmosphere-carbon-and-hydrocarbon-compounds-atmospheric-car
ca2e00fa-ab0b-44ee-ae9c-0b6583e1901a,__
5f8b5e3c-1982-438d-ada0-0930ad7934be,__
db87c7ae-8f99-482e-ba62-7a07501418a1,__
834bdcbd-7eb8-4e09-abc5-9267529fe95c,__
9973c65d-b510-4d20-85f7-1cbd8f61b668,earth-science-aerosols-atmosphere-dust-ash-smoke
9973c65d-b510-4d20-85f7-1cbd8f61b668,earth-science-atmospheric-chemistry-atmosphere-sulfur-compounds-sulfur-dioxide
9973c65d-b510-4d20-85f7-1cbd8f61b668,earth-science-infrared-wavelengths-spectral-engineering-infrared-radiance
3ab1056a-1f06-4f21-a83f-23390c038b16,__
6964e68c-8e79-46ad-88d3-91844a469af0,__
0682821d-b873-410b-8366-e3f64965d0f7,__
a9623a9f-6d5b-42e2-8dd8-782ecef16280,__
20ecb005-a978-43a1-b103-0f269b7c75e8,__
4460720a-61c6-4d71-91ac-b15f3e640271,__
6b7ffa9a-1a0b-474e-b662-55ef85131d75,__
36ecc6c0-487d-4176-957f-4efc48ce4a8d,__
ebcf6ad4-f786-421f-8dc5-f334441fc94d,__
3f1544f9-0b7c-4ea2-b01b-0adaafc1a86b,__
719b033d-60c4-4fe5-b103-874173e1e2ed,__
b7c3c7aa-e579-444e-9b1a-3c017858a6c0,earth-science-land-use-land-cover-land-surface-land-resources
4f4b2249-b1eb-4916-a21e-502fbb9dfe53,__
c9abb4c4-6bfb-4b7d-8f91-5e64713a943f,__
db2dbcbd-dc07-461e-8c6f-4c0f79bfa71a,__
42f9d629-de06-4870-89e9-3b5deeb3ca93,__
45540578-1b4f-4d5c-a4d5-eb6c342c5565,earth-science-land-use-land-cover-land-surface-land-resources
adb73bfa-4b79-4a18-a7d0-bff34ced92db,__
907f072e-0059-4add-b7aa-baab29aac0d2,__
d1c9e37a-45b1-4d4d-a7e1-b338d344e5b6,__
58fe48fb-ace6-47a2-9ac1-b5042dceceba,__
79fa87cb-2744-49fd-aaba-5fedfd1dc236,__
59b4a068-862d-4ecb-9320-300aa983b202,earth-science-land-use-land-cover-land-surface-land-resources
40dda906-c965-4441-ba0b-ab0f2586aee2,__
584df68d-09ba-4ac7-92f7-46c6795830db,earth-science-land-use-land-cover-land-surface-land-resources
289beb0e-c2ec-48a3-8652-8ea4c1924021,__
3f37bd5a-a741-4d48-bbc8-c38b2279c0fa,__
ea7a074a-d9d8-4fc5-9aaf-77695a722a47,earth-science-land-use-land-cover-land-surface-land-resources
ed509072-b4d9-4da2-b3d3-df0d9c143710,__
6199d2a8-bc5f-4633-9666-040d9f3c6331,earth-science-not-provided-not-provided
d692b59e-dff1-4310-b3e2-b9233e6e7107,__
88285636-3518-4c9a-8f03-5d33ce3d461c,__
e4c8a9c1-5abd-4b53-9a56-85e2269218f8,__
ebe27cb3-036a-47cf-9419-82be92ecf40c,__
9ccc93a0-fff9-4531-b4a5-f21f7afc3284,__
aec7880b-a856-49a6-b415-9d850a663b0f,__
9becc7d9-29df-42d3-a961-4cffe6d5d14e,__
7d5bc3a3-c764-4837-8e8a-b08dce1d6e97,__
9f60ba4a-eca1-40ad-9e88-a68201438fea,__
0ab06695-73d6-42d9-8bce-0c54537499da,__
930cedf7-3b90-4994-ac0f-55916d6291f8,__
e53cde39-5534-4427-873f-67bf52f508aa,__
938c91d9-38e9-4d9d-97fd-c06b1cd604fb,__
8a568196-534d-4790-b433-f6ca3df4404d,__
9297a97e-106c-4039-a65b-ed4f64931cdb,__
6a2d856e-4684-4421-a798-5e7791876a89,__
693db846-1c9c-4b3c-a4f3-90e5fc55bb0a,__
bc5578d0-1822-4ff5-aa1c-0c2f1cd53a4a,__
b3a4b865-968d-460c-9277-5fbca9568127,__
ce58efa2-783c-4848-b363-4a80950a7549,__
7f73407c-2e01-4aef-a182-4f501f5eff26,__
5abd0936-09b0-4947-85e2-ca2270e6e28b,__
cb1eace4-a6fd-4566-b3c9-6e19e2698146,__
87b74214-b2f7-4227-9eb8-03b5a0abc7c7,__
9163b2ea-3cac-4249-907f-30f92b800029,__
002cf535-89f5-4d73-b1a0-0db493824d81,__
17da2ed4-b679-4e04-95f1-cd609a8d7e85,__
7f56ce22-24c3-447d-8402-7e7d71b25e8a,__
3d82a8a8-7dca-4548-bf65-af43cc0fa467,__
53d0c135-4292-4047-84ff-382288575e28,__
88915d80-fcc1-496a-8466-1792d432729c,__
c573ef7c-0818-4615-bdfb-4496b47dcfad,__
e5409a0c-4e74-405c-9371-d42415289e85,__
51246d0b-1a8e-4b17-875f-97718b9ebb52,__
c9a8a8ea-25b6-4831-b8cd-b655f13284d8,__
f1cf43da-3555-41e1-90c6-bb38231cd337,__
15f325bd-c275-41a5-b826-f7c4179f6a9e,__
fd2f5c4c-8f37-4095-8a62-98d6493b2414,__
d9227d95-cce2-4136-92a4-7e50ce441788,__
9c589855-7892-49ba-b190-1f61b806006c,__
5c8fbab7-243a-4ff1-9b5c-57265378f273,__
59b0a206-04fe-4537-af39-8d7a6b42e0aa,__
f016d56f-c363-4f9a-9796-ad6abc97f366,__
17ba74fc-2422-4b15-b7e5-87e93534d0bd,__
e71c5011-9886-480e-90b0-a4a1d952bb26,__
89fd998b-2c1a-48d1-bfc1-321c1716e379,__
fc240405-c724-4248-a610-6cad8c76fceb,__
ce95ce60-c414-4d46-8f23-1d4fae0b38df,__
5b53a2ed-9726-4e10-aa9e-37e32bf1834e,__
5f07c52c-6e13-4d2a-aa41-58e884105073,__
ca692a51-bb05-4fb8-902e-9f367adf1dfe,__
ddbbd069-b3f8-48fb-a31e-670aed2cb226,__
8811cad0-b715-4408-96e6-4b2c18e83206,__
0c4ce714-2771-4ba2-8fbb-87f212d133e3,__
39b76524-e9a3-40fd-ab44-e4cba246e82b,__
71a5fad3-db8a-45db-a7ad-db1255d326f1,__
e27dd6f7-65f4-4ff2-80c5-6f2f238d47bd,__
787f7201-faf1-4edd-ab66-363c4013aa14,__
89ae7ec7-86ef-4827-af11-81c2acf18afd,__
55711740-92f6-4f44-8bc7-85f89f914d6d,__
9327c210-f3ee-4e06-bd00-b720535e7623,__
8100999e-acf7-4136-85d1-bddff944f546,__
02e12d6c-d492-4336-a966-4d01075f7479,__
e834eb6e-5cc0-4ee3-9d0f-010296515ed2,__
86b8a812-adb4-4b05-a7c1-7184b28b58b8,__
d19172ec-3ddb-4126-82a8-4f360f11beef,__
914086fe-20a5-40ca-8b23-9a183f1d236e,__
968e5edf-aef5-44fd-b5cb-3ea90f292325,__
6ee6b60c-8481-421e-9da7-e757aa613819,__
927d9fdf-1584-4f00-956c-88836e00cc6c,__
12bf0770-8ff2-4603-8a22-951627846937,__
211419b0-167e-43b8-956e-2544311e30a6,__
fe7ef723-2567-49aa-b1d2-7f326623471b,earth-science-infrared-wavelengths-spectral-engineering-infrared-radiance-granule-coverage
fe7ef723-2567-49aa-b1d2-7f326623471b,earth-science-microwave-spectral-engineering-brightness-temperature-granule-coverage
fa02fe4d-1c8e-4deb-bbb5-b568bb31b8bd,__
ce2be263-f0b5-4716-a11c-920fef810b2a,__
7f2b5efe-3f7b-441d-a58c-7cac322ac314,__
0f810d2d-e2ef-44d8-a80a-896bf99c40d3,__
4b6ca1f3-0a2a-4e59-a375-cad527aa3e71,__
8dee272f-1d97-4079-a76b-a410421ee04e,__
e9366d2b-9419-4f2d-a282-2a506d24bae6,__
d5f8f265-33ae-4118-9ebe-31b8abcac460,__
a3d6c6c1-82ea-4df1-8748-459664ad9766,__
7a2ece4f-f6ea-498c-b426-b2f12060d715,__
efbaef13-7b14-4520-a58f-28cb466e8545,__
6e5a163a-5dd6-4298-96e5-bc470fe3df3c,__
7e7dcc59-105b-41c1-b847-a6e0907d78e6,__
54d996b8-a5cd-4ac6-a7b4-d47a46c2b5d8,__
fa1ba3d5-524c-4964-b551-aa1d98d8d0fc,__
90a935b4-79bd-41c1-83a1-1da26b68bffe,__
ff9cbfe1-7cad-4726-8e33-99cc238364d8,__
94426ece-1d1a-4e09-8960-f1d4afd18cb4,__
def7e5c2-5ea3-4aa7-aa59-45571ddb70b9,__
eebfed2e-bd40-4461-9209-d4c781682df7,__
3cf13de0-1e31-4eee-af82-3cc38f22909b,__
a1722f97-193d-4962-a78c-4ec1602bee55,__
b9e15860-0878-400e-a947-213663a4df46,__
05d0be7b-9779-40f4-973e-8b6cb7d8c3b9,__
a6457923-c0e4-4ae8-a8c7-53c5484b8b49,__
e7f63b40-e599-4104-a492-6ecfac8799bd,__
a6c5cb65-810c-4200-a7da-e6afb71c6ec1,__
cbf408c9-59a0-49d1-80ca-1d003d6518d8,__
1d5799ca-07f6-4b9d-83d2-1d1919a4f807,earth-science-coastal-processes-oceans-barrier-islands
1d5799ca-07f6-4b9d-83d2-1d1919a4f807,earth-science-coastal-processes-oceans-beaches
1d5799ca-07f6-4b9d-83d2-1d1919a4f807,earth-science-coastal-processes-oceans-deltas
1d5799ca-07f6-4b9d-83d2-1d1919a4f807,earth-science-coastal-processes-oceans-dunes
1d5799ca-07f6-4b9d-83d2-1d1919a4f807,earth-science-coastal-processes-oceans-estuaries
1d5799ca-07f6-4b9d-83d2-1d1919a4f807,earth-science-coastal-processes-oceans-fjords
1d5799ca-07f6-4b9d-83d2-1d1919a4f807,earth-science-coastal-processes-oceans-inlets
1d5799ca-07f6-4b9d-83d2-1d1919a4f807,earth-science-coastal-processes-oceans-lagoons
1d5799ca-07f6-4b9d-83d2-1d1919a4f807,earth-science-coastal-processes-oceans-mangroves
1d5799ca-07f6-4b9d-83d2-1d1919a4f807,earth-science-coastal-processes-oceans-marshes
1d5799ca-07f6-4b9d-83d2-1d1919a4f807,earth-science-coastal-processes-oceans-rocky-coasts
1d5799ca-07f6-4b9d-83d2-1d1919a4f807,earth-science-coastal-processes-oceans-shorelines
1d5799ca-07f6-4b9d-83d2-1d1919a4f807,earth-science-erosion-sedimentation-land-surface-landslides
1d5799ca-07f6-4b9d-83d2-1d1919a4f807,earth-science-forest-science-agriculture-reforestation
1d5799ca-07f6-4b9d-83d2-1d1919a4f807,earth-science-frozen-ground-cryosphere-periglacial-processes
1d5799ca-07f6-4b9d-83d2-1d1919a4f807,earth-science-frozen-ground-cryosphere-permafrost
1d5799ca-07f6-4b9d-83d2-1d1919a4f807,earth-science-frozen-ground-cryosphere-rock-glaciers
1d5799ca-07f6-4b9d-83d2-1d1919a4f807,earth-science-geomorphic-landforms-processes-land-surface-aeolian-landforms
1d5799ca-07f6-4b9d-83d2-1d1919a4f807,earth-science-geomorphic-landforms-processes-land-surface-coastal-landforms
1d5799ca-07f6-4b9d-83d2-1d1919a4f807,earth-science-geomorphic-landforms-processes-land-surface-fluvial-landforms
1d5799ca-07f6-4b9d-83d2-1d1919a4f807,earth-science-geomorphic-landforms-processes-land-surface-glacial-landforms
1d5799ca-07f6-4b9d-83d2-1d1919a4f807,earth-science-geomorphic-landforms-processes-land-surface-karst-landforms
1d5799ca-07f6-4b9d-83d2-1d1919a4f807,earth-science-geomorphic-landforms-processes-land-surface-tectonic-landforms
1d5799ca-07f6-4b9d-83d2-1d1919a4f807,earth-science-geomorphic-landforms-processes-solid-earth-glacial-landforms
1d5799ca-07f6-4b9d-83d2-1d1919a4f807,earth-science-geomorphic-landforms-processes-solid-earth-tectonic-landforms
1d5799ca-07f6-4b9d-83d2-1d1919a4f807,earth-science-geomorphic-landforms-processes-solid-earth-tectonic-landforms-caldera
1d5799ca-07f6-4b9d-83d2-1d1919a4f807,earth-science-geomorphic-landforms-processes-solid-earth-tectonic-landforms-cinder-cone
1d5799ca-07f6-4b9d-83d2-1d1919a4f807,earth-science-geomorphic-landforms-processes-solid-earth-tectonic-landforms-faults
1d5799ca-07f6-4b9d-83d2-1d1919a4f807,earth-science-geomorphic-landforms-processes-solid-earth-tectonic-landforms-folds
1d5799ca-07f6-4b9d-83d2-1d1919a4f807,earth-science-geomorphic-landforms-processes-solid-earth-tectonic-landforms-geyser
1d5799ca-07f6-4b9d-83d2-1d1919a4f807,earth-science-geomorphic-landforms-processes-solid-earth-tectonic-landforms-graben
1d5799ca-07f6-4b9d-83d2-1d1919a4f807,earth-science-geomorphic-landforms-processes-solid-earth-tectonic-landforms-horst
1d5799ca-07f6-4b9d-83d2-1d1919a4f807,earth-science-geomorphic-landforms-processes-solid-earth-tectonic-landforms-lava-dome
1d5799ca-07f6-4b9d-83d2-1d1919a4f807,earth-science-geomorphic-landforms-processes-solid-earth-tectonic-landforms-lava-plain
1d5799ca-07f6-4b9d-83d2-1d1919a4f807,earth-science-geomorphic-landforms-processes-solid-earth-tectonic-landforms-maar
1d5799ca-07f6-4b9d-83d2-1d1919a4f807,earth-science-geomorphic-landforms-processes-solid-earth-tectonic-landforms-mountains
1d5799ca-07f6-4b9d-83d2-1d1919a4f807,earth-science-geomorphic-landforms-processes-solid-earth-tectonic-landforms-plateau
1d5799ca-07f6-4b9d-83d2-1d1919a4f807,earth-science-geomorphic-landforms-processes-solid-earth-tectonic-landforms-ridge
1d5799ca-07f6-4b9d-83d2-1d1919a4f807,earth-science-geomorphic-landforms-processes-solid-earth-tectonic-landforms-rift-valley
1d5799ca-07f6-4b9d-83d2-1d1919a4f807,earth-science-geomorphic-landforms-processes-solid-earth-tectonic-landforms-tuya
1d5799ca-07f6-4b9d-83d2-1d1919a4f807,earth-science-geomorphic-landforms-processes-solid-earth-tectonic-landforms-volcano
1d5799ca-07f6-4b9d-83d2-1d1919a4f807,earth-science-glaciers-ice-sheets-cryosphere-glacier-elevation-ice-sheet-elevation
1d5799ca-07f6-4b9d-83d2-1d1919a4f807,earth-science-glaciers-ice-sheets-cryosphere-glacier-motion-ice-sheet-motion
1d5799ca-07f6-4b9d-83d2-1d1919a4f807,earth-science-glaciers-ice-sheets-cryosphere-glacier-thickness-ice-sheet-thickness
1d5799ca-07f6-4b9d-83d2-1d1919a4f807,earth-science-glaciers-ice-sheets-cryosphere-glacier-topography-ice-sheet-topography
1d5799ca-07f6-4b9d-83d2-1d1919a4f807,earth-science-glaciers-ice-sheets-cryosphere-glaciers
1d5799ca-07f6-4b9d-83d2-1d1919a4f807,earth-science-glaciers-ice-sheets-cryosphere-ice-sheets
1d5799ca-07f6-4b9d-83d2-1d1919a4f807,earth-science-glaciers-ice-sheets-cryosphere-icebergs
1d5799ca-07f6-4b9d-83d2-1d1919a4f807,earth-science-glaciers-ice-sheets-terrestrial-hydrosphere-glacier-elevation-ice-sheet-elevation
1d5799ca-07f6-4b9d-83d2-1d1919a4f807,earth-science-glaciers-ice-sheets-terrestrial-hydrosphere-glacier-motion-ice-sheet-motion
1d5799ca-07f6-4b9d-83d2-1d1919a4f807,earth-science-glaciers-ice-sheets-terrestrial-hydrosphere-glacier-topography-ice-sheet-topograp
1d5799ca-07f6-4b9d-83d2-1d1919a4f807,earth-science-glaciers-ice-sheets-terrestrial-hydrosphere-glaciers
1d5799ca-07f6-4b9d-83d2-1d1919a4f807,earth-science-glaciers-ice-sheets-terrestrial-hydrosphere-ice-sheets
1d5799ca-07f6-4b9d-83d2-1d1919a4f807,earth-science-glaciers-ice-sheets-terrestrial-hydrosphere-icebergs
1d5799ca-07f6-4b9d-83d2-1d1919a4f807,earth-science-land-use-land-cover-land-surface-land-use-land-cover-classification
1d5799ca-07f6-4b9d-83d2-1d1919a4f807,earth-science-landscape-land-surface-landscape-ecology
1d5799ca-07f6-4b9d-83d2-1d1919a4f807,earth-science-landscape-land-surface-landscape-patterns
1d5799ca-07f6-4b9d-83d2-1d1919a4f807,earth-science-landscape-land-surface-landscape-processes
1d5799ca-07f6-4b9d-83d2-1d1919a4f807,earth-science-landscape-land-surface-reforestation
1d5799ca-07f6-4b9d-83d2-1d1919a4f807,earth-science-ocean-waves-oceans-wind-waves
1d5799ca-07f6-4b9d-83d2-1d1919a4f807,earth-science-ocean-winds-oceans-surface-winds
1d5799ca-07f6-4b9d-83d2-1d1919a4f807,earth-science-sea-ice-cryosphere-ice-deformation
1d5799ca-07f6-4b9d-83d2-1d1919a4f807,earth-science-sea-ice-cryosphere-ice-depth-thickness
1d5799ca-07f6-4b9d-83d2-1d1919a4f807,earth-science-sea-ice-cryosphere-ice-edges
1d5799ca-07f6-4b9d-83d2-1d1919a4f807,earth-science-sea-ice-cryosphere-ice-extent
1d5799ca-07f6-4b9d-83d2-1d1919a4f807,earth-science-sea-ice-cryosphere-ice-floes
1d5799ca-07f6-4b9d-83d2-1d1919a4f807,earth-science-sea-ice-cryosphere-ice-growth-melt
1d5799ca-07f6-4b9d-83d2-1d1919a4f807,earth-science-sea-ice-cryosphere-ice-roughness
1d5799ca-07f6-4b9d-83d2-1d1919a4f807,earth-science-sea-ice-cryosphere-ice-temperature
1d5799ca-07f6-4b9d-83d2-1d1919a4f807,earth-science-sea-ice-cryosphere-ice-types
1d5799ca-07f6-4b9d-83d2-1d1919a4f807,earth-science-sea-ice-cryosphere-icebergs
1d5799ca-07f6-4b9d-83d2-1d1919a4f807,earth-science-sea-ice-cryosphere-leads
1d5799ca-07f6-4b9d-83d2-1d1919a4f807,earth-science-sea-ice-cryosphere-pack-ice
1d5799ca-07f6-4b9d-83d2-1d1919a4f807,earth-science-sea-ice-cryosphere-polynyas
1d5799ca-07f6-4b9d-83d2-1d1919a4f807,earth-science-sea-ice-cryosphere-reflectance
1d5799ca-07f6-4b9d-83d2-1d1919a4f807,earth-science-sea-ice-cryosphere-sea-ice-motion
1d5799ca-07f6-4b9d-83d2-1d1919a4f807,earth-science-sea-ice-oceans-ice-deformation
1d5799ca-07f6-4b9d-83d2-1d1919a4f807,earth-science-sea-ice-oceans-ice-depth-thickness
1d5799ca-07f6-4b9d-83d2-1d1919a4f807,earth-science-sea-ice-oceans-ice-edges
1d5799ca-07f6-4b9d-83d2-1d1919a4f807,earth-science-sea-ice-oceans-ice-extent
1d5799ca-07f6-4b9d-83d2-1d1919a4f807,earth-science-sea-ice-oceans-ice-floes
1d5799ca-07f6-4b9d-83d2-1d1919a4f807,earth-science-sea-ice-oceans-ice-roughness
1d5799ca-07f6-4b9d-83d2-1d1919a4f807,earth-science-sea-ice-oceans-ice-types
1d5799ca-07f6-4b9d-83d2-1d1919a4f807,earth-science-sea-ice-oceans-icebergs
1d5799ca-07f6-4b9d-83d2-1d1919a4f807,earth-science-sea-ice-oceans-leads
1d5799ca-07f6-4b9d-83d2-1d1919a4f807,earth-science-sea-ice-oceans-pack-ice
1d5799ca-07f6-4b9d-83d2-1d1919a4f807,earth-science-sea-ice-oceans-polynyas
1d5799ca-07f6-4b9d-83d2-1d1919a4f807,earth-science-sea-ice-oceans-sea-ice-motion
1d5799ca-07f6-4b9d-83d2-1d1919a4f807,earth-science-snow-ice-cryosphere-ice-extent
1d5799ca-07f6-4b9d-83d2-1d1919a4f807,earth-science-snow-ice-cryosphere-ice-growth-melt
1d5799ca-07f6-4b9d-83d2-1d1919a4f807,earth-science-snow-ice-cryosphere-ice-motion
1d5799ca-07f6-4b9d-83d2-1d1919a4f807,earth-science-snow-ice-cryosphere-ice-velocity
1d5799ca-07f6-4b9d-83d2-1d1919a4f807,earth-science-snow-ice-cryosphere-lake-ice
1d5799ca-07f6-4b9d-83d2-1d1919a4f807,earth-science-snow-ice-cryosphere-permafrost
1d5799ca-07f6-4b9d-83d2-1d1919a4f807,earth-science-snow-ice-cryosphere-river-ice
1d5799ca-07f6-4b9d-83d2-1d1919a4f807,earth-science-snow-ice-cryosphere-snow-cover
1d5799ca-07f6-4b9d-83d2-1d1919a4f807,earth-science-snow-ice-terrestrial-hydrosphere-ice-extent
1d5799ca-07f6-4b9d-83d2-1d1919a4f807,earth-science-snow-ice-terrestrial-hydrosphere-ice-growth-melt
1d5799ca-07f6-4b9d-83d2-1d1919a4f807,earth-science-snow-ice-terrestrial-hydrosphere-ice-motion
1d5799ca-07f6-4b9d-83d2-1d1919a4f807,earth-science-snow-ice-terrestrial-hydrosphere-ice-velocity
1d5799ca-07f6-4b9d-83d2-1d1919a4f807,earth-science-snow-ice-terrestrial-hydrosphere-lake-ice
1d5799ca-07f6-4b9d-83d2-1d1919a4f807,earth-science-snow-ice-terrestrial-hydrosphere-permafrost
1d5799ca-07f6-4b9d-83d2-1d1919a4f807,earth-science-snow-ice-terrestrial-hydrosphere-river-ice
1d5799ca-07f6-4b9d-83d2-1d1919a4f807,earth-science-surface-water-terrestrial-hydrosphere-wetlands
1d5799ca-07f6-4b9d-83d2-1d1919a4f807,earth-science-tectonics-solid-earth-earthquakes
1d5799ca-07f6-4b9d-83d2-1d1919a4f807,earth-science-tectonics-solid-earth-plate-tectonics
1d5799ca-07f6-4b9d-83d2-1d1919a4f807,earth-science-tectonics-solid-earth-volcanic-activity
1d5799ca-07f6-4b9d-83d2-1d1919a4f807,earth-science-terrestrial-ecosystems-biosphere-agricultural-lands
1d5799ca-07f6-4b9d-83d2-1d1919a4f807,earth-science-terrestrial-ecosystems-biosphere-alpine-tundra
1d5799ca-07f6-4b9d-83d2-1d1919a4f807,earth-science-terrestrial-ecosystems-biosphere-beaches
1d5799ca-07f6-4b9d-83d2-1d1919a4f807,earth-science-terrestrial-ecosystems-biosphere-deserts
1d5799ca-07f6-4b9d-83d2-1d1919a4f807,earth-science-terrestrial-ecosystems-biosphere-dunes
1d5799ca-07f6-4b9d-83d2-1d1919a4f807,earth-science-terrestrial-ecosystems-biosphere-forests
1d5799ca-07f6-4b9d-83d2-1d1919a4f807,earth-science-terrestrial-ecosystems-biosphere-grasslands
1d5799ca-07f6-4b9d-83d2-1d1919a4f807,earth-science-terrestrial-ecosystems-biosphere-islands
1d5799ca-07f6-4b9d-83d2-1d1919a4f807,earth-science-terrestrial-ecosystems-biosphere-urban-lands
1d5799ca-07f6-4b9d-83d2-1d1919a4f807,earth-science-terrestrial-ecosystems-biosphere-wetlands
1d5799ca-07f6-4b9d-83d2-1d1919a4f807,earth-science-topography-land-surface-landforms
1d5799ca-07f6-4b9d-83d2-1d1919a4f807,earth-science-topography-land-surface-surface-roughness
1d5799ca-07f6-4b9d-83d2-1d1919a4f807,earth-science-topography-land-surface-terrain-elevation
1d5799ca-07f6-4b9d-83d2-1d1919a4f807,earth-science-topography-land-surface-topographic-effects
ca4938bc-5dab-43ba-bca7-aadaa47947ff,__
40e37d18-783e-4257-9b7f-38bfb9b0bd0d,__
e897abb0-356d-41b2-85d2-392b991ece74,__
f6b028e7-04ea-4928-8409-884cf143dfbd,__
2f202c66-7787-4477-993e-e0a7c70058cc,__
6766cb25-9c07-4cac-a3ae-47d3c9008889,__
abfd3ac4-fd20-42da-b792-a97b04f001cb,__
1534b93f-8773-4d48-9200-5e60c585b972,__
705ea969-97a2-49d1-ac97-5191a7c4854a,__
2662f56c-2614-4d2c-89d2-19e176d94826,__
ddb806b2-0219-4dae-aac9-d2e6a61189ba,__
733c5fdc-474c-49d2-bd73-6805cb0c8352,__
126f7235-a54c-4bbd-96e3-8ec6d0d14f87,__
72358091-b475-4a86-871e-f80b9aabc54e,__
34b8f9a9-e8a4-411d-a399-e04d66738fac,__
2bf4da35-19df-4a43-ac01-bd5eb67f8e5a,__
bfa22edc-9e35-48dc-acbf-4444ed162e61,__
61f400a5-d7ce-4708-8e9e-4e93e993384a,__
37142df6-3273-49c6-85f8-d6c8a0c7ecb5,__
30a33916-0a8f-44a1-93d5-cb3b6f2cef46,__
a48fb084-5394-4050-b077-fff942226a02,__
0ab90c1e-52a6-4400-af5f-e0857666a530,__
08856410-0961-47fc-b0f2-12ed452c77c0,__
abf6b291-3eb4-4e61-8302-460052b4d9b8,__
1bf65bca-fe53-4ba4-ad61-2b22743e5c4e,__
3f8a05c8-a5b0-4b77-ab89-7912e65319e7,__
27ef5946-5b9d-458c-94a1-2a31d3377fd9,earth-science-visible-wavelengths-spectral-engineering-visible-radiance
75f2a0aa-2147-4941-b283-e993544433cb,__
b4e7aa4b-3881-4e62-b493-74bcafef1bbb,__
10f975e6-ff0b-4782-ba83-716a57f0e4b0,__
5c5cec83-99af-454a-bb4d-06c459266a88,__
4bfcc0c8-db0d-41f2-8279-b9a146367a5f,__
c4dff318-669c-47cb-9b0f-d7225352a566,earth-science-air-quality-atmosphere-carbon-monoxide
c4dff318-669c-47cb-9b0f-d7225352a566,earth-science-air-quality-atmosphere-tropospheric-ozone
c4dff318-669c-47cb-9b0f-d7225352a566,earth-science-altitude-atmosphere-geopotential-height
c4dff318-669c-47cb-9b0f-d7225352a566,earth-science-altitude-atmosphere-tropopause
c4dff318-669c-47cb-9b0f-d7225352a566,earth-science-atmospheric-chemistry-atmosphere-carbon-and-hydrocarbon-compounds-methane
c4dff318-669c-47cb-9b0f-d7225352a566,earth-science-atmospheric-chemistry-atmosphere-oxygen-compounds-atmospheric-ozone
c4dff318-669c-47cb-9b0f-d7225352a566,earth-science-atmospheric-chemistry-atmosphere-sulfur-compounds-sulfur-dioxide
c4dff318-669c-47cb-9b0f-d7225352a566,earth-science-atmospheric-pressure-atmosphere-surface-pressure
c4dff318-669c-47cb-9b0f-d7225352a566,earth-science-atmospheric-radiation-atmosphere-outgoing-longwave-radiation
c4dff318-669c-47cb-9b0f-d7225352a566,earth-science-atmospheric-temperature-atmosphere-surface-temperature
c4dff318-669c-47cb-9b0f-d7225352a566,earth-science-atmospheric-temperature-atmosphere-surface-temperature-air-temperature
c4dff318-669c-47cb-9b0f-d7225352a566,earth-science-atmospheric-temperature-atmosphere-upper-air-temperature
c4dff318-669c-47cb-9b0f-d7225352a566,earth-science-atmospheric-water-vapor-atmosphere-water-vapor-indicators-humidity
c4dff318-669c-47cb-9b0f-d7225352a566,earth-science-atmospheric-water-vapor-atmosphere-water-vapor-indicators-layered-precipitable-wa
c4dff318-669c-47cb-9b0f-d7225352a566,earth-science-atmospheric-water-vapor-atmosphere-water-vapor-indicators-total-precipitable-wate
c4dff318-669c-47cb-9b0f-d7225352a566,earth-science-atmospheric-water-vapor-atmosphere-water-vapor-profiles
c4dff318-669c-47cb-9b0f-d7225352a566,earth-science-clouds-atmosphere-cloud-microphysics-cloud-liquid-water-ice
c4dff318-669c-47cb-9b0f-d7225352a566,earth-science-clouds-atmosphere-cloud-properties-cloud-fraction
c4dff318-669c-47cb-9b0f-d7225352a566,earth-science-clouds-atmosphere-cloud-properties-cloud-height
c4dff318-669c-47cb-9b0f-d7225352a566,earth-science-clouds-atmosphere-cloud-properties-cloud-top-pressure
c4dff318-669c-47cb-9b0f-d7225352a566,earth-science-clouds-atmosphere-cloud-properties-cloud-top-temperature
c4dff318-669c-47cb-9b0f-d7225352a566,earth-science-clouds-atmosphere-cloud-properties-cloud-vertical-distribution
c4dff318-669c-47cb-9b0f-d7225352a566,earth-science-ocean-temperature-oceans-sea-surface-temperature
c4dff318-669c-47cb-9b0f-d7225352a566,earth-science-surface-radiative-properties-land-surface-emissivity
c4dff318-669c-47cb-9b0f-d7225352a566,earth-science-surface-thermal-properties-land-surface-skin-temperature
7e383d74-c99e-4359-8feb-9ac934399fd2,__
06439290-da0a-4f3b-a023-f784788ef5da,__
2fe1f2e9-5b55-4b3d-aaaa-ef1f9db12b6b,earth-science-aerosols-atmosphere
2fe1f2e9-5b55-4b3d-aaaa-ef1f9db12b6b,earth-science-air-quality-atmosphere-carbon-monoxide
2fe1f2e9-5b55-4b3d-aaaa-ef1f9db12b6b,earth-science-air-quality-atmosphere-tropospheric-ozone
2fe1f2e9-5b55-4b3d-aaaa-ef1f9db12b6b,earth-science-altitude-atmosphere-geopotential-height
2fe1f2e9-5b55-4b3d-aaaa-ef1f9db12b6b,earth-science-altitude-atmosphere-tropopause
2fe1f2e9-5b55-4b3d-aaaa-ef1f9db12b6b,earth-science-atmospheric-chemistry-atmosphere
2fe1f2e9-5b55-4b3d-aaaa-ef1f9db12b6b,earth-science-atmospheric-chemistry-atmosphere-carbon-and-hydrocarbon-compounds-methane
2fe1f2e9-5b55-4b3d-aaaa-ef1f9db12b6b,earth-science-atmospheric-chemistry-atmosphere-oxygen-compounds-atmospheric-ozone
2fe1f2e9-5b55-4b3d-aaaa-ef1f9db12b6b,earth-science-atmospheric-chemistry-atmosphere-sulfur-compounds-sulfur-dioxide
2fe1f2e9-5b55-4b3d-aaaa-ef1f9db12b6b,earth-science-atmospheric-chemistry-atmosphere-trace-gases-trace-species
2fe1f2e9-5b55-4b3d-aaaa-ef1f9db12b6b,earth-science-atmospheric-pressure-atmosphere-planetary-boundary-layer-height
2fe1f2e9-5b55-4b3d-aaaa-ef1f9db12b6b,earth-science-atmospheric-pressure-atmosphere-surface-pressure
2fe1f2e9-5b55-4b3d-aaaa-ef1f9db12b6b,earth-science-atmospheric-radiation-atmosphere-longwave-radiation
2fe1f2e9-5b55-4b3d-aaaa-ef1f9db12b6b,earth-science-atmospheric-radiation-atmosphere-outgoing-longwave-radiation
2fe1f2e9-5b55-4b3d-aaaa-ef1f9db12b6b,earth-science-atmospheric-temperature-atmosphere
2fe1f2e9-5b55-4b3d-aaaa-ef1f9db12b6b,earth-science-atmospheric-temperature-atmosphere-surface-temperature
2fe1f2e9-5b55-4b3d-aaaa-ef1f9db12b6b,earth-science-atmospheric-temperature-atmosphere-surface-temperature-air-temperature
2fe1f2e9-5b55-4b3d-aaaa-ef1f9db12b6b,earth-science-atmospheric-temperature-atmosphere-surface-temperature-skin-temperature
2fe1f2e9-5b55-4b3d-aaaa-ef1f9db12b6b,earth-science-atmospheric-temperature-atmosphere-upper-air-temperature
2fe1f2e9-5b55-4b3d-aaaa-ef1f9db12b6b,earth-science-atmospheric-water-vapor-atmosphere-water-vapor-indicators-humidity
2fe1f2e9-5b55-4b3d-aaaa-ef1f9db12b6b,earth-science-atmospheric-water-vapor-atmosphere-water-vapor-indicators-layered-precipitable-wa
2fe1f2e9-5b55-4b3d-aaaa-ef1f9db12b6b,earth-science-atmospheric-water-vapor-atmosphere-water-vapor-indicators-total-precipitable-wate
2fe1f2e9-5b55-4b3d-aaaa-ef1f9db12b6b,earth-science-atmospheric-water-vapor-atmosphere-water-vapor-profiles
2fe1f2e9-5b55-4b3d-aaaa-ef1f9db12b6b,earth-science-clouds-atmosphere
2fe1f2e9-5b55-4b3d-aaaa-ef1f9db12b6b,earth-science-clouds-atmosphere-cloud-properties-cloud-top-pressure
2fe1f2e9-5b55-4b3d-aaaa-ef1f9db12b6b,earth-science-clouds-atmosphere-cloud-properties-cloud-top-temperature
2fe1f2e9-5b55-4b3d-aaaa-ef1f9db12b6b,earth-science-clouds-atmosphere-cloud-properties-cloud-vertical-distribution
2fe1f2e9-5b55-4b3d-aaaa-ef1f9db12b6b,earth-science-ocean-temperature-oceans-sea-surface-temperature
2fe1f2e9-5b55-4b3d-aaaa-ef1f9db12b6b,earth-science-precipitation-atmosphere
2fe1f2e9-5b55-4b3d-aaaa-ef1f9db12b6b,earth-science-precipitation-atmosphere-precipitation-rate
2fe1f2e9-5b55-4b3d-aaaa-ef1f9db12b6b,earth-science-surface-radiative-properties-land-surface-emissivity
2fe1f2e9-5b55-4b3d-aaaa-ef1f9db12b6b,earth-science-surface-thermal-properties-land-surface-skin-temperature
b6d27deb-2401-4576-a83f-2cf0da6be88a,__
0eacaf00-6b09-4e38-860f-991e6aff9c71,__
4437315e-61b3-4997-81c6-415082bc3fb0,__
ed41d5d1-b44e-4ebf-9786-31ffba2402b2,__
351e0789-fc40-4e93-8f21-c6f71a819e72,__
1f35053a-34f7-41d6-8810-ca2e535e6c70,earth-science-infrared-wavelengths-spectral-engineering-infrared-radiance-cloud-cleared-infrare
de7e830e-5bc0-470b-90fe-30e2170cd405,__
6cbd65af-8801-40ae-981b-64d87ffdead7,__
1df810d3-05ce-4134-ba55-b91cc042472f,__
168fdffe-5830-4c59-9ce2-18a942333a48,__
7a52dcf3-0d3d-4c86-b2ff-d38c8cdd7e2e,earth-science-ocean-waves-oceans-wave-speed-direction
75d9ca84-3fb9-4119-b4e4-64dd41b07970,__
3f23af00-f673-4591-bbb9-a6fb60877179,__
87edf40a-34ef-43ce-8cf4-3d80a814bc5c,__
019f57f3-da99-4c9f-9386-9a419fe5c5bf,__
5a70e13d-b8a2-48e2-8188-51aaaed3b3ac,__
dce4f542-6548-4183-9500-23cf0629e34f,__
eefde2ba-64f7-4fec-b43f-5b8c6bd23626,earth-science-land-use-land-cover-land-surface-land-resources
ab9cee5b-7e70-49dd-ba8a-c46f0866a6ec,__
ea1d0ff5-1c93-42f5-ab36-02c84b2783e7,earth-science-land-use-land-cover-land-surface-land-resources
8926b92b-b316-418f-bd3d-5b96925345ff,__
7d8ec0ef-0e1f-4402-aa98-ab326e5a1133,earth-science-not-provided-not-provided
1059ec2c-25e7-44f4-b6d2-ca75117df202,__
820bd422-124f-4bb6-970c-162109216876,__
89a0f819-974c-4674-b319-b7abcc24b56d,__
64fe3d9f-dfea-4f4f-8c64-ef791b5cdaec,__
5c479ecf-6935-44bb-9b5f-2fa4035133a8,__
71e16e0f-1fea-47b4-a850-6ca82d302ec8,__
e0d3e03e-4da0-4f4b-b5c5-4ae366a55bf4,__
bd5a72b9-9d27-432f-bf17-a135ef4f58fa,__
784250a5-3907-409a-8256-a9d44d5e2037,__
6c1e17ca-cc13-4d0f-aff0-257876927ee5,__
6a496111-5ad6-4001-b695-d812a7a241f2,__
562c6acd-7d2e-4298-9103-525237145442,__
432e452f-1f56-43e3-9778-45a6f445b211,__
a717794d-e3ec-454d-9337-c3e20f232e68,__
c23b9b70-4eb8-4aad-8c7d-a0f8dd5a0eb4,__
9f2e6ded-d1fc-4ac8-ac82-9469095aa77b,__
d94469b6-3a04-4be1-ae85-1c86c959d19c,__
4154439e-4713-473f-94b0-44814c99a2cf,__
ab16cd0d-c41d-40d3-bdcb-7018be383522,__
b02c88fe-4ee5-43a9-8b90-72d048fd9c9b,__
d70ea662-1f56-44ff-af80-9b517305c128,__
aa603db6-5d86-46c3-b8f3-50e516840cd4,__
001eca50-1ee5-476c-b09c-bb257d8144d2,__
7b4e749d-5b4b-4ac3-b9f7-69dbc2809b2e,__
167d8144-eb80-4270-b521-82f0ce774af5,__
3a6d11a2-0f42-4535-bd62-86683657ee41,__
eabe5722-e807-4bf0-9d83-078df843c3f7,__
0630cb54-af87-4d4f-9c02-fcdc496725d4,__
dda01218-0c6d-4b43-b21d-020ffc7a6c9a,__
167f924a-980d-44cc-82e6-39025febbd81,__
e53d09da-7f15-4715-a01e-3ccdf50ea25b,__
595f0c8e-5824-448e-ba81-90466347b49d,__
1c74d336-a8b8-4c05-b959-db8492c3e827,__
02b5cd24-c4c7-4f61-befa-04a47f34b41d,__
126f2c3f-41be-47d8-b3cd-67cb97fd00ec,__
5d6b7d21-ba79-4bc0-9fdc-8523d3558289,__
f437f6f1-53e9-4d4e-8baa-28b6fb543a0e,__
e51c16e8-c8a7-4a0c-a2db-6dde46afb2fe,__
0fad4112-fa20-4592-bd8a-f2c4041280ef,__
fb063d09-067c-472b-a38a-cf064b78d6fe,__
355678d3-db39-4caa-a306-da00c240699e,__
b1e8fe7d-3a5d-49ab-b2b7-bfa9d4a90702,__
a80171da-e4d2-4b52-bac3-f224a785e000,__
4aee9dc8-28ff-41ec-a00e-f6bdbb22b7e5,__
3510513b-bd4d-4c76-8d5b-180c85ef8d2f,__
d39e0207-a1ee-4a8a-aa89-9144b8c71db3,__
bbcdc1ce-dcb5-43b9-ba95-a1f247d9325a,__
9ab5542d-6b3b-446f-862c-d90978fcbec7,__
62990a7c-1686-44ee-b2de-0840f98beca4,__
97825626-2630-41c9-aeba-e9b0755efdf0,__
a885d611-f00b-4564-8b59-703b088d907a,__
569c0759-cc14-4953-b3ef-283c3c27308e,__
2fabe036-dec4-429b-8736-d9ccfba6b3e2,__
4f8fad37-aa88-42a5-9e58-0a71a8161cc4,__
879089ff-4aa4-480d-a9a5-b38dc446474c,__
2bfe2ab6-24e6-4e89-8b46-0bd4e14b8734,__
ba9142a2-286d-4c5a-a0d8-f7b6ab56f745,__
5d74a572-578c-4b37-b30c-9652cbadadea,__
e20ab121-f836-40ff-bfb1-91acec25fb92,__
076acb72-284d-4072-8569-e26164476742,__
092dd340-f1d2-400a-92e9-2a92d733aad2,__
115606c4-e550-426a-bd7f-9c42a97c67f0,__
5ee18799-0894-4388-a48e-5a259e42ab0b,__
c9b86fc8-b933-4f4e-8324-104bfa9af1a6,__
202c112b-2df1-456f-a4cf-75aaa87e4be6,__
672a4383-7680-4959-b23b-2a2e0785dee8,__
d2f9d455-7495-4958-9c4e-1ff97c63af89,__
98380a04-4aeb-44aa-b0f7-464801ebf416,__
d30bb039-b6b8-4772-8b9d-a4498fc7d7aa,__
2c851d0b-85c4-42ce-b7f2-5dd248333293,__
1660435a-43bb-4a1b-a06b-2526c1e50239,__
bfee46a1-3bca-4913-a920-ba534594a09b,__
b07a435c-de1f-49da-b5c6-9ee0eaad546a,__
c0c031dd-d74e-430c-8915-86ac328702fa,__
61870568-af48-4ab4-b9d6-22fca3cf7bf7,__
c1d08cfc-7a21-471d-8f0b-79342cabc5a0,__
c163f34e-86cc-487f-b0af-e58127bce700,__
74d8aa95-0b29-4b6a-b7ce-51659434fd0a,__
2e5ce52d-f9ed-4818-85d9-38ac907e730a,__
2b7cde5f-8bea-48d9-a415-245c662e8ef8,__
45db12f3-07b1-431f-9b82-206f7c1b68f3,__
a386df49-fcd6-4b1e-8b96-0a122c3767d8,__
48317ad6-bb86-4c0e-9ad2-86efda4ee2d8,__
74a82235-1c37-48b0-9e55-240695b3b836,__
4d5d80a0-6ba3-4fa5-a421-35c4d38e45c7,__
2ae73f8c-d88b-4493-8227-afe44f78f66f,__
547e8d29-6969-4cec-82c6-a2f26e487133,__
2aca39d3-6b52-44e6-ae36-8ee10832e582,__
8535ae7c-2646-490f-b37e-521bd5b040cc,__
b0137f31-6285-4e92-bf61-c3a3ca667349,__
f00f087b-c4fc-48d4-bfe3-af0c0fb42deb,__
a093b4d7-987c-43e1-be9e-98ad5d4915db,__
c1a19273-39e2-49df-9fc7-b6f1f0329dbf,__
99eb263f-ffe2-4d54-906c-66f9bd802511,__
58200c4f-7380-4c1d-8489-2a18ca7ba588,__
f6914183-6e35-4a23-97ab-69e8b3924d75,__
ea35bfb4-943c-4c34-b99a-fcb09c1b22fd,__
0eb12abf-7dda-4444-b8b3-a8fa61a859b0,__
08f6b747-e078-4e91-a3da-52b46b45a7c6,__
6c588e2c-e7a5-47ab-8c39-3778582e01d1,__
41bc92be-b6dd-4af9-ae2c-b6e94198b9ea,__
daf20e3f-387f-4480-8cb3-a6519b1823a0,__
8695280e-29b6-42f2-9f6e-b12ea2fa9d6c,__
36053736-7072-4ef3-9834-907c0d25f483,__
85392377-a8d3-43d2-a8b5-06fd52b08fab,__
61aeb5fe-ec19-4be1-be9b-38f75ec47f2b,__
1ce46ce2-5dd9-4761-873e-5810579a889f,__
c7b4992a-c4ff-487e-a2eb-9075c7783479,__
1c62ec5f-396d-421f-9621-e9b88a13b635,__
55d6ec88-6bb4-402f-a782-32e5fd837a00,__
8b21b5a1-fbd9-4627-a4a7-be076bf8ad6d,__
d1cbc389-72f5-4bcc-a0cf-af66c10ac562,__
b52d2329-5ca1-4fc0-bed7-6b8046410c6d,__
02e3790b-23fc-474a-88ed-3b9f8d0739fe,__
5c9612c9-9fb1-4ff0-a650-5dc38085c43a,__
c2660979-d038-41f7-9bb2-352aeacbfa47,__
008341ce-b79f-4e57-b770-9d8a5e3fa5bf,__
84094fc9-6516-4b70-ac67-c85b26fefd0a,__
498a16ab-61a4-41fc-81c3-9e1d8c65acf8,__
edf069c7-ab40-4fd2-af54-c42b38c1bcb9,__
75355c3a-19b0-4317-9b76-cfd079b7c0bc,__
f104d384-f330-424d-89d8-8fae22fa07aa,__
8317e5d3-4143-4c19-ac20-20de01c396e3,__
166d32f6-4bae-40f5-9543-90c5ea32d3cc,__
861d0d7f-36c3-4119-b91b-eb9a53533548,__
5b429834-cb88-418c-b816-8411f4e25151,__
19ef88d8-a2d7-44ca-a1f1-63dd8c79ccec,__
e8902c8e-3c93-4896-8d8c-9b3063a53181,__
a472885f-a22a-4f22-97bc-f9d629d98753,__
ff3e821a-d92b-4256-9b6b-6004ad2d102f,__
51659b6e-9950-4be2-bd5b-07e35479707a,__
92ef471d-49f6-414a-90d5-a315bbca221b,__
bf20bc1a-e41b-4cfb-b19d-b5bdf54e99f8,__
120aba55-fad7-4a3f-b62d-f5b17ecbf297,__
881efad3-a34d-4e5a-afae-6d3927665362,__
205dbaa1-03bc-4235-a7d7-7ad3643ce9b4,__
4e2e8b8c-7847-44a7-81d8-5ba2b7072a9d,__
1a489878-f9c6-4f61-89cb-36423bfb9b6f,__
1a5c6d76-e301-454a-b806-5d5c490fe02c,__
d07755e3-70b1-4475-bedb-dd463888c2d1,__
c1de7ce6-922c-4163-9168-2a6806a18661,__
cfd0084a-0d27-4a86-8eec-43695f5a7e04,__
add3a237-0b06-40c3-9e7e-a1205b0e6509,__
a34c071e-21a9-4425-afa6-0c711541445e,__
cb5b837f-03bb-47d6-8b9b-879223036f46,__
4aed2850-e8d7-4e65-af51-9524fd07d296,__
58b6fee5-4b85-4c4c-9453-b13db8e5e727,__
789768e0-1c52-4ce7-b408-99ff11029160,__
89068eb1-69c7-4e08-bb6a-2950a4d3aaa1,__
ebbee95c-1a31-4ec5-917e-c604b1bfb295,__
9a9b76c5-5aff-48ff-a720-d5f35af97450,__
7e8448e7-78fd-47de-ab7f-b164958ac95e,__
d7bbd748-ad32-421f-ad5d-34a7e9930f55,__
6c479b4a-b587-45a3-99ba-de27f46a7b59,__
4a504626-44f5-421d-a898-c9a3bc9b697c,__
2ef8068b-16bf-4263-a9b9-16b133a7837d,__
51ad7c5a-5fa8-4347-9603-b5fd4f533c09,__
e0fb06c7-2b8d-4183-924a-7261cbf27503,__
bbc6e5d1-1e29-48ce-abfe-5a3a29d1ec29,__
5175e49e-a7f3-4055-93bc-e5cd7ca4c799,__
d99f2aff-409b-410b-ab9e-cfa64896a203,__
3a7e2819-d9c2-4654-9fdd-8a6eb24feb8b,__
f1b3966e-53b8-4f62-a7b6-25adaa6e653d,__
73cad321-a05b-4608-a2b8-19c6c49a3228,__
52496775-8d47-4fc1-b38c-3d7780024d77,__
44d2ab19-d71d-4500-a5d3-c16c777f6d58,__
6943b486-b402-4c59-a2f8-e64a3ce4ac96,__
b46a9ab2-b3cf-4d5d-ad73-7c0dddc703e9,__
d8046893-8bf9-4e84-a5b4-034c27e99359,__
8952b3d6-93c9-4f6d-a7dd-30b00537869b,__
6bc47fe1-1d94-4f4c-b99b-bac381f32d0e,__
9c37bb88-bbc3-481c-acfe-a2b802b3b6d4,__
197cd877-8c2d-43f5-8186-4dcdb459cefc,__
aa23f70a-cbbe-4bfb-99a8-a0cca01dc534,__
6f3c3090-f9d0-4aff-bf27-8a707a6f20e7,__
4a8b8f92-8121-435a-b059-cf5412759f96,__
8cec9299-1235-451b-afc4-31a7ee32897c,__
3ad28cfa-d0b5-44db-889b-a71a57a03414,__
05523c00-7921-4357-96d8-4d47893b415c,__
8a112d29-3ef2-4c82-817c-4fd11a8ecf86,__
5c173ee0-4969-46cf-8d16-2b44d7cfc8f3,__
44872949-1675-4b15-b1e5-50dc1158794e,__
1187e7f2-bb93-4ad9-973a-644fcd48f5dc,__
2b7d3a8e-bd5b-48e2-a85a-a882baf220d1,__
e3cfae9b-d380-4811-b730-b4c328b506d2,__
29431bf7-65a6-4ecc-8a57-82d541b3f6ac,__
bab84cc5-c6d1-4d72-991e-fdce0f906ab5,__
ab125bfd-7fff-4422-86f2-529765ed86ef,__
2386ba7c-740a-49a5-815c-ef8aac2d570b,__
cd86f081-1c33-4152-ba4a-1bc6117a5914,__
bf6d5c48-816b-48f1-bcd6-2ba22b5be622,__
43066f27-5540-4430-ac66-a90c0a716d83,__
ca3bf971-84b6-4db8-95ef-22fb1c4fa7ee,__
350587f0-0500-42a1-bf51-5bb5f40800c9,__
f0455e16-ee80-42c7-8837-52d552c35035,__
9164ccfa-e435-49ea-933c-64fafcaac739,__
e89c86e5-6fb3-4ccf-936c-90dbfb6eb034,__
4d7ead38-aa2e-41e0-8afd-a4737e52fab4,__
65d1b0d6-e76a-49f6-8ada-4b4a76bf9ec3,__
2bdf5936-8a6e-4f87-852c-54ddf1171f3f,__
e58f9a7d-7489-48c4-92d0-8921ec984d38,__
e2291b89-1fc0-4d7a-bca0-0d90c7aac84b,__
17844548-aa2d-4265-9895-9eaa102a9709,__
6d3f0996-1a2b-4827-93c1-7330a224e06d,__
cddd8a05-e88e-42ed-89c1-2778a2e958a1,__
6743db09-e8a2-436c-9347-487a56b1f587,__
686a1eea-8595-4f54-8b8b-ae918901e67f,__
443ca6db-bbdc-47cd-a6cc-3a34bc966b5a,__
32980f1b-4846-4dc6-a886-3f8318ef2cab,__
5176f59c-1271-42d7-bfb7-0d4cb9e36bd8,__
a7f28acd-969b-477f-b377-7c6fd206c1f5,__
abb96769-069e-4c7c-a3d5-c75921e0b3ca,__
49f15ae9-1209-4d7d-b1be-51810e74c139,__
89838031-d7c5-42e1-ad40-5b5bc2a11396,__
890c0a51-120d-411d-8ac7-fd3c4bd780af,__
f469bf01-7484-4635-a5f3-2da10d2c4155,__
2e37fe43-1032-43ae-953b-94e77c0fc0dd,__
0db53ec0-9889-4d1c-809c-a8da47ed9a7f,__
aec6ac0f-c00e-4c9e-9b0d-8d59b6e6930f,__
91ab9f93-db45-4fde-bec0-ef80a6282bc4,__
376adc22-ff9b-4cd2-b320-2ce123d5ff9e,__
18389c09-99bf-4b33-a522-b73300b16af2,__
a00b6d50-a1cc-46a1-8016-668e1a536841,__
e7d21df4-872c-4d2a-b17e-eb36b1a18100,__
cea573de-278e-4f91-a92e-a630446d1d0f,__
0fc7bad9-f6cc-40b7-8ac3-b511e228a608,__
2ed1ee6d-e36b-4e55-b319-ce27ad94f7a7,__
014c6a64-5bbb-4aac-b5db-148f0c5f814c,__
2c9987ae-3502-4f25-b164-76506d193ce7,__
4a69b8de-c192-4199-a113-0805a6a2bf5c,__
400965b7-8d94-4944-b150-2a70ac1e404b,__
cc1e086e-710f-408c-bd6c-e4b2a4169421,__
0427fda2-cfd1-48bf-b6dd-502a32640d24,__
f8630830-2e6b-4fad-a480-0af8ee0a9f68,__
1ba30a40-15e7-4f59-9001-2822ee02b3b2,__
da6d9b13-0116-4e99-af9f-41c2e60b7f0b,__
36c4690a-9d3c-42fa-9d12-62ca8f45379a,__
6840352a-78d7-4b1b-8e7b-727dccb68ab0,__
c4b226d1-a847-4c9f-aed2-d2871cb74742,__
041aa26b-836e-4edf-be34-bc969e4bab3a,__
c79ec789-7b81-495b-9227-440d64de573b,__
6053dca9-f67c-48da-b2f6-9438e7818bcb,__
07c96915-79b3-4d18-9527-15c4372e6f46,__
ddca0c02-f9fd-47dd-82bd-c50980106b9f,__
7f170dd3-efb8-4a0b-81ff-21495d237174,__
b7983186-9f9e-4219-aff0-b20410d21711,__
48c813c4-fc06-4366-b2c4-54039b11dc55,__
b0ad2b28-d2ef-46db-a392-677a96fdfb21,__
fcee1a43-296f-4254-9c7a-e71ede0e4501,__
34896e80-8e7f-47c9-8c10-2aa486aeb58b,__
3e346e36-fd95-4592-bf2f-f7e1aab6a817,__
758516e9-4be4-43f0-95e6-b20557973d41,__
9c660455-7284-445c-ba52-c13cca599f69,__
7e5be9f7-018d-4d40-8c4a-4626aa1a3353,__
55b15122-70d5-4145-b123-dfee28c9711a,__
8fa8d7b4-2ef0-4901-a1de-0e7600c89197,earth-science-ocean-temperature-oceans-sea-surface-temperature
0f63c042-aad3-47bc-995e-d4889629da20,__
5e41a710-5815-4b1b-9ae8-dcadb94e812c,__
615c3f34-9936-44e8-9ba2-a35dc545a15e,__
981ca807-00bc-402b-bc12-bb0aca3d9e7f,__
d72df159-5983-441c-a74f-e0bfc18aa3b3,__
6aa437a7-d311-432c-ba4d-3697c702d746,__
59b3b560-a267-452e-bcff-7bb7a1ed8bb5,__
e34eb7e8-4abc-442e-898a-d332762059b3,__
cf662ce6-d207-4057-8d2e-ae2daf11e77e,__
8667b2c4-0190-491d-8b01-a66f50d2b028,__
d5b95bc8-07fe-4f47-88f7-2e4258f09b4a,__
973e601f-39a6-4a95-b971-8b4d5639c7b4,__
1e7af238-a0bf-4daa-b7f5-3f5335df6c60,__
50b3014f-d879-44ed-b072-826c0d089ec2,__
1e0bb264-846c-4849-9caa-fe3346f8da3b,__
feb83470-991a-4841-9cb5-3eb9360249f4,__
91345355-38e6-4596-ba24-7b2a1f53c252,__
63d0ee87-0722-4496-ac0c-b34d6322fcc5,__
f606b52c-3d7b-4a96-b763-6eb04a193cc1,__
f26142fe-2dc0-40be-9341-25d855f38d1f,__
d3919941-b6b9-4153-8721-c78aa03c423b,__
0b078401-8346-449b-a021-2f341292dea5,__
b88bd1d2-b154-42ea-843a-5334f0dd0516,__
a20b236e-6c7a-48e6-8a42-bcfffd3ea26b,__
15a8a5a0-7635-49a6-832e-9ab0a5bd4f8f,__
4c4acfae-1b32-4d48-9b05-715865891595,__
8778da0f-3f81-4fc2-bc36-f1ac240b5a14,__
3d3e923e-9179-4f49-8cd5-3500fddce6f6,__
df4d67c3-05a8-4a09-bedc-3e3a4bb7e8a2,__
866ea2d4-f9b3-4033-8b1e-6720756ba692,__
96eb5d39-623d-4625-9683-0cef96852eea,__
d49c1d0b-9076-4170-9ba8-a8dbaf9d5135,__
3c8c1b57-81a8-4de9-83fb-85ac3f2cab60,__
9496e9ef-977b-4b2c-9603-2246eb7e73b2,__
0d910c11-3880-49f8-9834-7ae73152a7bb,__
3917bf9d-728a-44cb-b4c6-f846f7ecc439,__
8a120f4c-1131-4aa9-abb1-f13ccbc21337,__
e754b34e-b798-4ce0-858e-2591e3e0f88f,__
6eb63f23-3a4b-4181-8926-6b254ea0d74d,__
0cfc42c3-63c0-43d9-a2bc-6f27b6be4de3,__
5b81431c-61b6-4c08-8990-7a3e244bbc14,__
ef80ea23-bde5-45a0-aa98-c97c6b36a901,__
50074b57-3968-44ac-aa40-c3bdf6150414,__
975e17ee-7571-42f6-ad76-f3b06f515579,__
d161e219-6fb2-4b3d-b194-6ae8033d8929,__
6e7f39da-7960-4c13-89c5-1bf9dffb7f93,__
edf0c98a-90e2-4c55-87ff-52b871604a42,__
c3df02fb-e3d5-44c5-b2f1-02c5d4423a3d,__
767e44e7-0e2f-410e-84dd-f2596efdd695,__
06ba310d-2426-4935-95f7-22978782489e,__
d04c5e16-e15b-4654-bf35-389c6c099510,__
2cb7d25e-aca0-4a91-8edd-9c5c9b103a2f,__
beabfbef-efb5-4cc6-b884-e6d4c0745058,__
9d32fc18-d3be-42d4-8d5c-4e2a280a0a28,__
5f06f29a-3f32-41ed-a750-6d34b62ff3d6,__
cba09988-da07-40db-be3a-ee1c8ddf6bfc,__
564a58ae-2a00-4af8-ba46-54d817f30677,__
a2bf54fc-ac29-4103-b0df-9a6017b0770d,__
4d528c9f-c950-4c41-82f9-48422bf46fd6,__
3d966eea-bb0d-4ef5-aead-7162e1c57c93,__
1a797cef-c040-4b97-be74-7f4eee560e3a,__
779bdb4b-67d5-4243-9024-4a9ad2e0a057,__
b1f0f660-1d31-4c98-83bc-82a25191edd1,__
bb63f000-53c6-486d-8d5c-226319151072,__
438d137f-f4b4-4452-8f64-2ff0e428d697,__
463dd2b7-9fa8-47d6-ab32-244f7e7dfa6e,__
692c17ba-ea1a-4466-b362-7d960648d170,__
3ba197ef-1553-4d9f-ab67-4f78d5061418,__
3b6fab33-8c24-4345-b54c-f96cce83d3d7,__
65ad209e-bf79-46ee-a594-ced266b79081,__
82616126-522e-4697-b181-cd3343e1a48b,__
db66c886-2715-43c4-bec4-55556a69a8eb,__
26a62af9-e26d-40ea-90ab-4f9a34a93630,__
16b8b762-7c2e-4cc8-ac43-ad5c7c262254,__
b459c6d4-a46e-4ada-b56a-59f11e5e5f61,__
468c20e8-fb74-4b2f-bb11-5ac3997cf01f,__
c4cd8391-7383-4908-941f-577be51c1f58,__
4b470c2e-1256-4e31-a8b9-5f3d0fb3fde9,__
08e21e17-8b8d-4973-9894-5dd198c17206,__
9b5527e4-6441-4267-843f-fb070470a3b7,__
31262019-a862-4580-8908-535e89ef835d,__
ce9ee473-bc3b-45f2-bcdb-7af7145d0a53,__
5bbca2df-89af-43c3-acbb-90446c6ec940,__
6d76c886-f392-4278-bcae-4ae92ea69c0e,__
38dc6e99-fac0-4f85-8afa-9a25b29f5e62,__
76b6c8a7-a208-47fa-8008-9e39a1c258ac,__
65160672-b700-4e1a-9832-bb5947b73b0a,__
ab67b4fd-5338-4c9f-9d80-9c9f175af67c,__
00907e06-44aa-4342-880e-d28eeea7ecd7,__
0ca265b5-7ee6-40b7-974e-f2764b83daa3,__
fa7efb17-2b31-439b-9012-1399ff38fb9f,__
9f759b75-a462-4549-a088-a8ea58312380,__
9104c219-0a48-4e7e-9b02-d17cd5d58611,__
098aa305-7175-4d19-84f0-b0606633b008,__
bb259f78-ecde-40c5-b869-d05d18782be0,__
59af79eb-b1ff-47fb-bf33-06cec3d8659f,__
eedf4975-870d-4e92-80b2-08e5fb52121c,__
14e79146-d977-4847-9e10-36b0e352b039,__
b15c0584-58c8-485c-b045-086968c9b4b6,__
8a656782-cd94-4475-a75e-45363ab34651,__
92eab661-56af-4bac-bf66-2769b8239ce4,__
9ef8b9de-57cb-4b58-99fb-333d1ea43685,__
46ea84bc-b987-46f5-b7ea-85c86c8db457,__
0c3d4ab0-96aa-48c3-881e-3a38473a88bd,__
c0623a05-07ef-4d35-9bf9-3eb2638c3974,__
19b15a8d-b7ba-46b5-b29b-d8bd58058011,__
fd3cf13e-6118-477e-8729-81e1fb76df0d,__
a9c1e9e0-d800-4d46-a887-77fbb9ac70c3,__
f7c2ffd5-b72f-4449-a2b9-8308a430a030,__
2c0ca0c6-739f-44e1-8618-12b9c047f89e,__
a00d434a-0437-4585-8a6e-a57d395a2f12,__
73de465f-f295-4b2f-8bc0-beb77a020f9a,__
f98743a3-ebc4-4eae-897e-d79af9e680c6,__
27b0b3e1-5953-406f-8b2a-bdf9affebff8,__
bc4bdb0e-78ec-48c1-b979-3f97e6ba5593,__
7f1331f7-3e8c-4bc3-8877-6831b17990f3,__
480839fa-d859-4be5-b9f9-671c81b9deec,__
54693f1c-631b-45ee-bf17-3692fdef0976,__
c2de5afb-45fb-42e1-8e01-a65eb02b9bba,__
39a36ee5-d204-41cd-9d33-d7527f3f54c9,__
06535fee-059b-4971-8ae7-30cff65858fd,__
be25cb8b-e88f-480a-8cb1-b3403332d67c,__
7775a179-fc38-4ddc-a43b-6c343527875c,__
13652acc-f615-46d5-804c-674a0258ab03,__
5f7b589d-ba35-4cc9-ab6a-c8e175349942,__
2719f143-bd73-4487-bf1b-5dc9cdae5d4b,__
b434f3cb-f2b6-435e-86db-46318cf1a86c,__
a337b38d-40e7-41a3-8d55-2ce5a8699053,__
16a96829-5bfa-4d6a-9e8c-bbde072aaf96,__
0673e300-38f9-4903-a1dc-736d847096d2,__
176aac74-6d23-47fd-affe-de1b4a7eb80e,__
d84df86b-3e23-41b2-992a-1f6c6b8ef18c,__
7a41ce3f-1fe4-4f2a-b30f-3e1907a313ba,__
d166855d-4666-407e-b05f-569e05d563eb,__
a0af1891-b88e-4acd-b39b-cf3082cd46ba,__
52d9ef12-693e-4873-a811-06df313cce5d,__
09ce6223-f3c3-4d60-a2f1-b257ff65231f,__
64a9cde5-1eb6-42f0-b6c9-9ca942087cd4,__
48ee327d-79ae-4bc5-97cd-907c6114b4a6,__
d0c3cc4f-853f-40a6-96a9-13863b363088,__
32d8d047-b43c-4355-9c0c-59e42b77a70c,__
1b995631-ed90-48f5-90cf-fe4bb9d12a76,__
1137baef-65d4-4827-adbd-713fbcb208d6,__
f6ea83fc-fb10-4ae3-95df-cbb921aee178,__
fb49fa27-729a-4e7c-857a-21354d635a7d,__
5b1d6593-b42a-413a-95f1-158d485ee01a,__
d9a4da41-580c-47cf-b439-080c7ad528a4,__
2779a79b-0e03-4ce2-bbd4-38bac7f036e5,__
be461cd2-aeac-42b8-a6f2-1bb8f3ed5183,__
47c12277-87a1-40b2-90be-669e8dab8886,__
1f222ff5-3643-4da4-948d-29dfbb7657d4,__
88aadc87-f3b0-4888-ad29-054fc27ecdda,__
97559488-70ae-4170-af45-10432d6a7614,__
99da3956-4d5e-48ca-9577-5f712175a061,__
b7f0df49-1865-453d-b997-a40583d59639,__
5cebad1f-5db0-45a7-b2c0-70e35f01eb47,__
d173c2b7-3238-429e-9113-5a4de0ee671e,__
92e48ca5-b512-4944-8feb-8f5b7358c7cf,__
acf8599b-9ce9-41bb-ba01-f182fa701365,__
7ea586ed-9ae9-4c98-a978-9739adaeeb0a,__
21073334-4102-48d7-b6e1-098ed2f50847,__
af2a6701-b5fa-4e06-a090-c644d835ef99,__
382d5873-5767-464a-a9cf-937fcf66d03b,__
e01016a8-c9be-4461-8d65-449c991a6772,__
8e95ceab-e3bb-4331-ae53-aec11355e57d,__
1f718506-c52c-4199-9b64-fa302a3aae0b,__
42d68d1a-c47e-4d8d-b060-309e3e0abb55,__
6e69878c-c661-4ce5-b097-d4ed47f01229,__
e6d42004-c9d7-4366-be5a-13bcb53d124e,__
70ba4d0b-36fa-4258-bf22-4c529786cfd2,__
81769b27-4895-4c37-b40b-c0a762803ad2,__
8cc001b2-8445-412d-b9b9-ebe179c7a8b1,__
9ae4b74e-4d59-40cf-96f3-2180727ef869,__
4d3925e7-1e5e-4726-94d4-c5b91dbb242b,__
5804a796-b8e3-4327-87b0-18a2a945c764,__
3dde2802-b43e-4f9e-ae2a-a3eee8e41799,__
cae49eda-fff4-4f14-bd9b-6db35db45f76,__
8cdecf8a-f2cf-4bb0-9e9f-a4ec59eb0c31,__
164842d5-8d59-49d3-894c-c96144ab31dc,earth-science-atmospheric-chemistry-atmosphere
164842d5-8d59-49d3-894c-c96144ab31dc,earth-science-atmospheric-chemistry-atmosphere-carbon-and-hydrocarbon-compounds
164842d5-8d59-49d3-894c-c96144ab31dc,earth-science-atmospheric-chemistry-atmosphere-carbon-and-hydrocarbon-compounds-atmospheric-car
164842d5-8d59-49d3-894c-c96144ab31dc,earth-science-atmospheric-chemistry-atmosphere-carbon-and-hydrocarbon-compounds-formaldehyde
164842d5-8d59-49d3-894c-c96144ab31dc,earth-science-atmospheric-chemistry-atmosphere-nitrogen-compounds
164842d5-8d59-49d3-894c-c96144ab31dc,earth-science-atmospheric-chemistry-atmosphere-nitrogen-compounds-nitrogen-dioxide
164842d5-8d59-49d3-894c-c96144ab31dc,earth-science-atmospheric-chemistry-atmosphere-nitrogen-compounds-nitrogen-oxides
164842d5-8d59-49d3-894c-c96144ab31dc,earth-science-atmospheric-chemistry-atmosphere-nitrogen-compounds-nitrous-oxide
164842d5-8d59-49d3-894c-c96144ab31dc,earth-science-atmospheric-chemistry-atmosphere-oxygen-compounds
164842d5-8d59-49d3-894c-c96144ab31dc,earth-science-atmospheric-chemistry-atmosphere-oxygen-compounds-atmospheric-ozone
164842d5-8d59-49d3-894c-c96144ab31dc,earth-science-atmospheric-chemistry-atmosphere-sulfur-compounds
164842d5-8d59-49d3-894c-c96144ab31dc,earth-science-atmospheric-chemistry-atmosphere-sulfur-compounds-carbonyl-sulfide
164842d5-8d59-49d3-894c-c96144ab31dc,earth-science-atmospheric-chemistry-atmosphere-sulfur-compounds-sulfur-dioxide
164842d5-8d59-49d3-894c-c96144ab31dc,earth-science-atmospheric-water-vapor-atmosphere
164842d5-8d59-49d3-894c-c96144ab31dc,earth-science-atmospheric-water-vapor-atmosphere-water-vapor-profiles
164842d5-8d59-49d3-894c-c96144ab31dc,earth-science-atmospheric-water-vapor-atmosphere-water-vapor-profiles-water-vapor-mixing-ratio
fe0e52de-294b-4e11-ab49-ca8e6c1f919f,__
956d450c-181c-40f7-817c-f616f4da7715,__
13d40b7a-43be-43b0-a06f-5bded3278654,__
c6f9e12d-33e4-43e2-aeef-94cffc87ef4c,__
ed104c42-aeae-42bb-941e-79707fbf55ab,__
7079982a-a11b-4bb0-9b81-e0d5e6dca916,__
7935bddf-5e09-4d20-b535-931ea1ccde72,__
3ba07795-820b-4849-9660-4fbfedb2a094,__
e088e29c-42f3-457d-8270-c42377dce3af,__
97e3bac9-4d11-4b4a-8f1b-43693722dac6,__
2593ac1b-dd4a-4c2d-b4d8-f20324fe2f28,__
b62a42a6-6429-4df8-a407-156a7f85fff1,__
b0148989-c3b5-4f6f-ab40-5324eacedf06,__
5656e7ae-af88-4677-9a9f-3de0b1d36b56,__
1d6afa52-5706-44de-8664-a0c363a39bd4,__
0f12c3f0-7e0a-41da-872b-3781b743c710,__
99347ca1-c6ef-44ba-a00d-7fe699e870b7,__
fdfd6235-51cb-47c4-bc61-864a70f55ccb,__
acfb7c7e-5f62-4c64-b9a1-eb3899fee640,__
b830a34b-11d2-4d52-89b9-55a25363ff3d,__
2c46f847-d5da-49f8-87d9-fce44793c5f2,__
282885e5-6680-4674-96a0-f8b897a25a3f,__
48682f75-6892-45fb-b19e-d8303aa1e64a,__
0dadf6b3-8b43-4e14-a976-77d98459f2b6,__
de395cbb-eb44-43dd-b770-9dafccf1fd2e,__
67105691-57bd-4ac7-9ad7-ac92a0bc8bc4,__
a79aaa69-9207-4ef9-9b39-e3ec99aa72e6,__
5ce086fe-a9f9-4ac3-96cf-cb0fc24ef9ff,__
b97fc80b-9d50-44ad-b026-ee51bf5f8e84,__
4147dfc9-6fa2-4e6c-a0bd-abcebac7c26c,__
6e1b3b32-1ee5-47c9-8909-0c205427f23e,__
962881cc-bd63-4b8e-84f8-a92520ab29d8,__
f0a793d8-3f48-4f95-9dd8-af7f491512c8,__
bab60eda-34cf-4afc-ba8f-fd8439570fa6,__
27e56baf-3d12-46a8-b0a8-2e6c1e7daf9b,__
f17ef925-9912-4a5d-8e32-60ef1b31e808,__
211cafc0-985e-448e-9538-f834f33de5ea,__
a622bb8e-12ba-407f-82ef-f7ca569cc9d3,__
b82a1dea-abe4-451f-b654-51b8fad5b16b,__
d0601a8c-5402-4b67-8d9d-9a3c5c72b59b,__
54d4c9b9-a9ac-4199-a8d3-24def70d8d30,__
8a8c2a90-b73a-41a9-860e-dcb02b4ed37f,__
15f418ac-95c5-447c-ab6b-809e941d3754,__
4fc45c06-2a61-4212-85cd-1840899d8160,__
f1f968a2-6063-4105-8f18-549609019074,__
241d4b09-65ba-4d44-b90e-a0f5bf2d3bf0,__
b35bd589-971e-4e25-a70a-df35cc5dd1d6,__
25e7eb16-181d-4b9c-b12c-34cb63db3cd5,__
bf24244e-15e4-4589-9afb-f0d9222dab02,__
8280c3e1-eade-4206-9de7-69ca7bb09721,__
9f02bf0c-9b07-4484-9639-338d288f1e1a,__
a3cb7e22-5042-4490-891e-9e7b98ceca35,__
a68b97d5-afd9-48fa-8b90-f32ee6b3ad2c,__
f77c6f39-0904-4d2d-a02e-020c8ac7c7bd,__
692d54f3-2db6-4a1c-9c4e-d0d0dd9f9c34,__
94275efb-62df-4ca0-805a-604a9c539a10,__
0c094539-af8c-4482-87ce-ed9ed8be8647,__
defa85c5-ed1a-4326-aa3f-7cc01854fdb6,__
6a68d779-ce20-42b5-80b4-da617ce50038,__
b9db2712-5ba5-43d7-8b75-40abe05e21bd,__
17f51f5e-ac81-49e9-8030-b6300041546d,__
89142ca0-e81e-468d-836b-78eab8f22476,__
771e7c6d-95b7-4e58-897e-8c246d7ec8c0,__
5a95954b-8884-4a43-ae7a-7b5f60461f85,__
ca330ef7-5ad3-4067-a282-38359ef534c4,__
59c57616-6b9b-4a6f-bb50-b9bac1da1656,__
242fdf61-1145-4154-aa05-9fb1dc6ac459,__
e860eb06-d3d6-41f9-8778-7b621b0beada,__
475ffd08-38bf-4da5-a393-82d659d3e764,__
aee6af8b-cb38-4258-8dc6-557cbab25e5d,__
d06b5f68-24b0-45a4-9f49-f3ec07f2320c,__
437beb9f-24dc-4938-978e-8745c52435c7,__
87e2244d-e086-4a75-91eb-940df721dd0c,__
18c21a8a-2930-4e35-af72-89bbf07f93b8,__
57e1e38b-3682-4b78-b489-a81ac9cce580,__
ac5fc308-ffda-466a-9f27-b9870f024e99,__
133f227b-4706-4fbd-9b55-2390fea7314a,__
fd1317a4-d715-4859-b56a-0f897ed5f154,__
79719c4d-a282-4901-8494-fdbf03700a6f,__
e027931a-f796-438f-a819-839f05b045fe,__
59ad915a-ade0-43cd-a6cd-b71853b1c657,__
a1a0eed1-ed70-4b83-acdd-45619b0afbe9,__
ace7a97b-8d54-4e59-bcde-818424ed1406,__
1d7d2316-3e08-46f6-b36a-fa0ed67daf7e,__
036c92c3-c534-440c-8110-93c900cd8b08,__
450ee43c-f8e5-467b-9be3-a12c3c0fc605,__
b8565571-52fb-4506-b031-60c0525d2919,__
f01e78c4-489a-4ab5-8c4a-1d61a52092d4,__
075d20c9-35ba-47c4-b25f-d8ac20c47a30,__
f8a1ad24-0ffc-410e-8ece-3df35bf3f017,__
88f01f1e-41b7-45f3-a196-e50ee164a189,__
23a5e354-a14c-476a-8b6b-27b256fefdf9,__
a41dc0b5-2267-4353-8fb0-0bc9ec1c2b1e,__
91947edc-95a6-4bad-ac5c-5dae67442f24,__
a4789586-1437-475d-8c6e-5d0bade75f0f,__
a9caf0d2-3028-42e8-821a-423dfd4d980b,__
eaf09c81-8c4d-4e00-96f7-a14612fa4de8,__
4db1950e-f7c1-40b1-85e0-2720bbcfc8ee,__
840d1ddd-65ab-4f7a-9876-c1bee666ad13,__
023f4327-1c5f-4f6f-a3dc-ca34446ac6b9,__
40d0de21-cf92-4ef6-a6c9-ea09a79b1383,__
2eea1330-c538-426c-ae14-1881db7ad869,__
1b520d9c-d027-40bf-8242-2a5c09bb896e,__
99846524-3de5-4773-826d-8e27047bbebd,__
e39357ca-3b74-4484-b5ce-2b0236bfd9de,__
f197ad65-7013-4f37-90b5-c5930ad7132a,__
f1995047-ae9b-4058-91c8-65d09893a7da,__
0f138c9f-1ea9-42af-978c-8505fc6309ab,__
e8440f5d-6037-471d-9dd1-11e1e106db4b,__
9feb8823-f3b9-4220-8b07-82b1ea227088,__
597f576d-d888-4e10-95e3-e50d086650d9,__
d4247c49-a3ac-46d7-be3a-20458c1f3bb5,__
aa560f6d-cee9-4d08-8c48-d357915b0c06,__
008296c3-0a74-44c2-a2af-941a1c43e85a,__
c5245766-8693-4951-a28d-7bdc3cea5c42,__
8883cb99-4d0e-4267-9b75-52d5b59dcc0e,__
92c3d157-3192-4ad0-91fa-7a528956b759,__
9f9339f9-ce6b-4d83-9e7c-5dae036a1adc,__
98e3f5ef-718f-42be-9e90-be2759aa1ff7,__
139653c9-35bd-4ad1-94c9-babfa2d4e81d,__
c8625351-8c97-430c-8090-016d381431fe,__
7632aa15-9ef6-4b98-98b7-28d2b5a0fe8f,__
9ecd0e0f-71b8-48ff-8883-28fb2a9461a3,__
1dd830bb-aadc-43e8-b555-47de79f3cef9,__
b06fd70b-1af2-42fc-8a46-8288394a9aec,__
9fcf2888-2f02-4f95-9fff-2884ba51acc2,__
559d8f13-90ac-4da4-98d8-7940f95e0828,__
5c4860be-ab81-4df1-8f30-6186fe52a265,__
e0b57643-2f27-4f7b-9e57-f31a363002c7,__
8c3dbc38-97b4-4de3-aa58-4951aeae93d7,__
69bf8eeb-ada0-41d5-bfcf-309a274c6e23,__
6f75fb8c-d0d5-4637-b18e-32643932422c,__
147c5ab4-43bc-4f3a-81b0-e21c4119a59b,__
2c74d83e-671f-4b8e-b925-6908599c0405,__
d97068a1-28c6-4b5e-9280-c9df8f4b3fe9,__
5f54f5af-f6aa-4c19-8a38-e999833435e1,__
3852ad57-0486-417b-8938-fac2d96dfb73,__
8ae09035-fc32-497d-ae07-705af0e00f4b,__
2ae5c934-34b1-4e28-afda-ec41f8c5819c,__
48de3bb2-07e4-4093-a172-7257847354de,__
400da7d7-f9d6-47ef-85c2-39c8832b9567,__
4522664c-6f98-4387-8e3b-78d387428532,__
0e14ae4f-09c9-45af-b850-b588000fb5fa,__
51aff362-2dae-45f5-ada0-f6f4039cab91,__
0b5716e3-aef5-4fdf-aa09-b5c23c30d1a7,__
282c60f9-5f7b-48ff-b515-cfbb4eb81606,__
4d139c52-1821-4fe5-a2a9-54efa0dd205d,__
3f36a61e-80d4-4e0b-82f3-d275c3fd03b2,__
87d5f43d-7ef0-43fb-ac45-bcea9a092774,__
175d1fc2-7bfa-464b-9055-be51a4766e6e,__
0b776c92-f688-45d2-8c27-629c8e2dc3f8,__
26f01e40-3bb5-4e8b-8b42-75b88419d261,__
7ddec8db-62c8-4df1-97c9-3a949ea30a14,__
d4aac58d-af66-4db8-895e-91f7d29d990a,__
d336d255-9612-486d-8e1b-a435105b0dcd,__
c4176acc-8ea8-415d-a8e9-f570ad182297,__
41738534-2b3b-4302-bc91-fb278b018c6c,__
f86a7d9d-1063-4475-9257-ab6c1994f155,__
ee8dc655-6a0a-4b75-8575-3c304827c26b,__
8e872981-007c-4f89-879e-532cc3ab4b75,__
25858aa8-92f4-4e0e-8c88-2afdaf5a830d,__
69abd360-90db-432b-ba96-d3abd3d7cc06,__
2e1efdec-af89-481c-938e-85c724d1b152,__
32b556b7-7cde-4581-9c0f-73671bf097d1,__
eb034baa-5838-4156-a40d-d0e6460fbe99,__
47c0a95c-fce1-47c5-8fe8-33500fd67e44,__
d1d8c673-55cb-457b-b64e-9a791325e5bd,__
93eb6bc9-bc0e-492f-9f57-98a099b028f9,__
4cea3883-064b-4d58-b00e-27e14ebeedf4,__
deb6f41d-2dac-49ac-8b20-c073a445993d,__
9620e148-7efa-4efd-8e13-c91364338175,__
aa12b65c-dad5-4bdb-a45a-2f1dbf7d8a38,__
bf01ed5a-b7ed-49d7-9237-db799e835477,__
c77d4184-4c52-4b0f-a166-24d4156582aa,__
8900c250-093e-4b8d-84f9-52e7779a2548,__
c37f5b58-7e92-4262-bcaa-95482c92040d,__
8c7457bb-7170-4c25-a832-5d88ced1de3e,__
5d273755-a523-4b68-b902-e1d6264ff9fe,__
432ff8d4-8b91-4004-b53f-7c7cbe10c79c,__
296d1ffb-311d-4f3a-b35a-1abe4c62896b,__
07ec9edf-057f-4165-91c5-b6f623a5cf5c,__
55cd3dc8-715d-4ee7-8d3a-6a444c6e5808,__
36ee16b8-3d0a-4d10-bfe1-e03248619c32,__
a4acfac4-a070-4816-b1a0-a7308626569a,__
c87f91e3-6492-4ea9-80b6-e8fade34da21,__
ee6fb0f5-0dae-4d80-b18b-29f49e5a297d,__
5fdf2ad0-b953-4a70-b2d1-a616e632ef0b,__
bcbcb8b4-7413-4ec6-b614-056f7505d8d7,__
da9ff444-56e5-42b0-905e-df7f13422fd0,__
434d76c0-69de-4e65-9e0c-1bcc62badded,__
17d9430e-5499-4024-b91a-e22ee30bf780,__
0e52e5a9-6fa2-49c1-b97b-a40b461b0b17,__
721cf7a1-22bd-4b33-a7d3-ec419ccd64cf,__
b880d4a1-b221-4d21-9ae7-1b42c939a596,__
064b2a49-5504-4b6c-b926-942a65814f29,__
5d0b49a7-7710-4208-b870-84f7fd1f0884,__
9b408c09-8aad-4920-bae0-38864cc87ba2,__
4edd98ea-4deb-488c-9d7e-ceafda9d29ea,__
e38dee83-eb06-431c-b445-3e11dea98a50,__
1fa498dd-2d58-4677-a76e-ba15ee57ee19,__
482ad4c0-d57d-41ef-bd3b-99e7557fa5fa,__
0cc1dbb5-12cd-4310-9649-f66a158febff,earth-science-atmospheric-temperature-atmosphere-surface-temperature-static-temperature
0cc1dbb5-12cd-4310-9649-f66a158febff,earth-science-atmospheric-water-vapor-atmosphere-water-vapor-indicators-humidity-relative-humid
0cc1dbb5-12cd-4310-9649-f66a158febff,earth-science-atmospheric-winds-atmosphere-surface-winds-wind-direction
0cc1dbb5-12cd-4310-9649-f66a158febff,earth-science-atmospheric-winds-atmosphere-surface-winds-wind-speed
a13765d4-6c0a-458c-a55a-f44d6ad4259b,__
90f99f14-b7df-4a7d-a66b-4548fef8d0f4,__
c2d8cf23-6ade-4454-9d1a-742e34a63af0,__
fc7cd2dc-a411-41da-b7e8-4674a7b6a75a,__
8d7ad184-61f5-4347-8f53-3ae53715fe76,__
69402923-27b2-4d06-ba20-778e31bc10f4,__
5fa3ad3b-6ab4-407b-b101-0d5487cf8e57,__
0e7f0efe-d0c7-46f9-af8f-aa5dea86014a,__
38ad0fd5-40f5-4bbb-9b3f-d827313eb82d,__
4e54218f-1dec-43fe-9a96-61e06236a8bd,__
b34e5a37-1184-4cff-a745-1df61ef24e95,__
f1582270-839c-4167-bd56-8f4449ffdef5,__
8e6227fa-a832-418e-a09d-24f08e03d119,__
1fb51c44-95d7-482b-ab86-aaeb0bb111d8,__
f5296c79-5a87-4507-aaf2-e1293a840497,__
f794ee33-81b4-4016-9987-adb2b6d64b34,__
3bfccb17-ef16-49ec-9913-1387f474b73b,__
f692146f-111c-48b6-bed8-18b94138c85a,__
b8c39668-2ab0-479f-8618-374b7d5b8bee,__
b94b6a07-aa2f-41f4-bbf8-7c505f2b2526,__
231c9c22-0230-40d3-aed1-0a6626e1604b,__
53965359-d7e6-4fb5-9941-e86218396434,earth-science-aerosols-atmosphere-aerosol-extinction
53965359-d7e6-4fb5-9941-e86218396434,earth-science-aerosols-atmosphere-aerosol-optical-depth-thickness-angstrom-exponent
53965359-d7e6-4fb5-9941-e86218396434,earth-science-aerosols-atmosphere-dust-ash-smoke
53965359-d7e6-4fb5-9941-e86218396434,earth-science-atmospheric-chemistry-atmosphere-carbon-and-hydrocarbon-compounds-methane
53965359-d7e6-4fb5-9941-e86218396434,earth-science-lidar-spectral-engineering-lidar-backscatter
fbe4d30d-c2b2-4e6a-821d-82517910c5c6,__
ee4f35df-94c3-4aaf-a697-4c3e4a5c618b,__
cdcb2b40-41be-4dcc-a329-ec03b46acebe,__
c186f7f4-6216-42f4-b6d7-46a672e24524,__
d4464f0e-6ef6-4fe1-ad1b-1f6b5b2c7b39,earth-science-atmospheric-chemistry-atmosphere-carbon-and-hydrocarbon-compounds-atmospheric-car
d4464f0e-6ef6-4fe1-ad1b-1f6b5b2c7b39,earth-science-atmospheric-chemistry-atmosphere-carbon-and-hydrocarbon-compounds-methane
d4464f0e-6ef6-4fe1-ad1b-1f6b5b2c7b39,earth-science-atmospheric-chemistry-atmosphere-oxygen-compounds-atmospheric-ozone-ozone-profile
b3617e9d-f9d9-4c71-ba2c-b999fda4f6ea,__
ec0cc109-7294-421e-ac35-cd6be1ba231d,__
bc17bec5-0fc7-44ab-a631-492bb9acffe6,__
e1a3ac9b-db36-44e8-954f-bf692351a43d,earth-science-atmospheric-radiation-atmosphere-scattering
e1a3ac9b-db36-44e8-954f-bf692351a43d,earth-science-atmospheric-water-vapor-atmosphere-water-vapor-profiles-water-vapor-mixing-ratio
e1a3ac9b-db36-44e8-954f-bf692351a43d,earth-science-clouds-atmosphere-cloud-properties-cloud-top-height
e1a3ac9b-db36-44e8-954f-bf692351a43d,earth-science-lidar-spectral-engineering-lidar-depolarization-ratio
32855078-a64c-4a27-b0d8-061a7a3f0a4c,__
4b0e3f95-56b5-4f91-a330-7ac5a3c395c7,__
c6d32552-4f89-4005-afea-b1f23bef9840,__
21811651-1896-4e9e-8ceb-dc64a2e60ede,__
c9649f11-bda2-412f-b809-3941ce452995,__
52f32095-6d27-43b4-8a1a-91d55ba93d20,__
f2913fe7-54aa-435f-9b20-1312d67c14a7,__
a3a4e946-81e1-42a6-9cd8-fc8360294564,__
0a3588ca-e503-488e-8c67-36f4f9460bb6,__
c3df2063-d630-4959-8376-b55aac082aeb,earth-science-atmospheric-radiation-atmosphere-albedo
c3df2063-d630-4959-8376-b55aac082aeb,earth-science-atmospheric-water-vapor-atmosphere-water-vapor-profiles-water-vapor-mixing-ratio
c3df2063-d630-4959-8376-b55aac082aeb,earth-science-clouds-atmosphere-cloud-droplet-distribution
c3df2063-d630-4959-8376-b55aac082aeb,earth-science-clouds-atmosphere-cloud-microphysics-cloud-droplet-concentration-size
c3df2063-d630-4959-8376-b55aac082aeb,earth-science-clouds-atmosphere-cloud-microphysics-cloud-optical-depth-thickness
c3df2063-d630-4959-8376-b55aac082aeb,earth-science-clouds-atmosphere-cloud-properties-cloud-top-height
c3df2063-d630-4959-8376-b55aac082aeb,earth-science-clouds-atmosphere-cloud-properties-cloud-top-pressure
c3df2063-d630-4959-8376-b55aac082aeb,earth-science-clouds-atmosphere-cloud-properties-cloud-top-temperature
0d7118bc-19fa-4ddf-b609-3ed61591aef3,__
16e634f2-adf6-4cc8-9437-741c1ceac8f5,__
48a8ad84-d73d-4f8d-8281-da82e24daa53,__
d1a6f968-30ed-4ecc-b34c-a076efbf10f4,__
f864fd38-9fec-43f1-87e8-4f95aa12e4b7,earth-science-aerosols-atmosphere-cloud-condensation-nuclei
f864fd38-9fec-43f1-87e8-4f95aa12e4b7,earth-science-atmospheric-water-vapor-atmosphere-water-vapor-processes-supersaturation
f864fd38-9fec-43f1-87e8-4f95aa12e4b7,earth-science-clouds-atmosphere-cloud-droplet-distribution
f864fd38-9fec-43f1-87e8-4f95aa12e4b7,earth-science-clouds-atmosphere-cloud-microphysics-cloud-droplet-concentration-size
f864fd38-9fec-43f1-87e8-4f95aa12e4b7,earth-science-clouds-atmosphere-cloud-microphysics-ice-nuclei
f864fd38-9fec-43f1-87e8-4f95aa12e4b7,earth-science-snow-ice-terrestrial-hydrosphere-liquid-water-content
7a0bcaad-420a-4c27-9df0-1fb9485c7980,__
68f7c655-d658-41fc-9f0e-b0165af6b690,__
c1b1f8a0-aeff-4474-a92e-f0b84b860789,__
74631522-0ee5-40e8-b42b-64fbff94401d,__
c8cafaf7-36a1-4d9f-9d01-1fa8db6ffce0,__
2a7a301a-5b76-46d3-b543-19cb5478f961,__
eedbb99c-c79d-4593-a7cc-5fd488fd52a4,__
1ba758f2-4008-41a6-9a69-7bf4a36cdc27,earth-science-aerosols-atmosphere-aerosol-particle-properties-aerosol-concentration
1ba758f2-4008-41a6-9a69-7bf4a36cdc27,earth-science-aerosols-atmosphere-aerosol-particle-properties-aerosol-size-distribution
1ba758f2-4008-41a6-9a69-7bf4a36cdc27,earth-science-aerosols-atmosphere-ammonium-aerosols
1ba758f2-4008-41a6-9a69-7bf4a36cdc27,earth-science-aerosols-atmosphere-black-carbon
1ba758f2-4008-41a6-9a69-7bf4a36cdc27,earth-science-aerosols-atmosphere-cloud-condensation-nuclei
1ba758f2-4008-41a6-9a69-7bf4a36cdc27,earth-science-aerosols-atmosphere-dust-ash-smoke
1ba758f2-4008-41a6-9a69-7bf4a36cdc27,earth-science-aerosols-atmosphere-nitrate-particles
1ba758f2-4008-41a6-9a69-7bf4a36cdc27,earth-science-aerosols-atmosphere-organic-particles
1ba758f2-4008-41a6-9a69-7bf4a36cdc27,earth-science-aerosols-atmosphere-sea-salt
1ba758f2-4008-41a6-9a69-7bf4a36cdc27,earth-science-aerosols-atmosphere-sulfate-particles
1ba758f2-4008-41a6-9a69-7bf4a36cdc27,earth-science-atmospheric-radiation-atmosphere-scattering
1ba758f2-4008-41a6-9a69-7bf4a36cdc27,earth-science-atmospheric-water-vapor-atmosphere-water-vapor-indicators-humidity-relative-humid
0246427a-d627-4c50-b22a-c47e5bf118dc,__
eae00426-935b-41fe-938a-086258d5cfef,__
f61e19d0-e720-4a4c-91c5-fcf95178c956,__
4f08f00e-74ee-49ff-83df-847f01847355,__
dce93878-d873-4246-9ad6-d02af76bc2f4,__
90ea2197-df69-404d-91b1-0690c49abdaa,__
16d31a11-3464-43fe-8251-a433303341ab,__
12fa3dbe-b453-4901-80c2-dd54a6bc11de,__
15749d22-3146-440e-9a82-edd9b8237e65,__
62066b67-dde6-4dd8-82ab-7127899842c7,__
0f9089ed-5de9-4dc9-9cb2-51acde20d3a9,__
b06ac58b-d148-4cb6-9869-899d66b4aaca,__
3ab2e5cd-b455-4481-bcaf-f9c3ad8c6605,__
b81b8954-b569-4624-8382-dbd56dc9c2af,__
591fc131-fa72-42bf-a942-67bb32ba4b83,__
a223c3ad-3bf9-4130-a35f-01d0610502d2,__
68845f9a-303b-4903-b347-191659b798bf,__
45a4e2fe-7821-41c7-89a2-57247e91dd6f,__
0fed875a-f43d-4115-853b-b2a618417a82,__
a5a87752-a329-4e5f-bf40-52e133f7f017,__
3bb391b1-e929-4f82-9fb0-68afd69eb8bd,__
9e030c78-fd37-4d1e-9b39-5aaccde05e82,__
e06ff608-1a0f-46a8-a261-5d0f4fac97c3,__
7eebfd9b-16aa-4aba-993e-801fe6801183,__
b535eba4-52ab-4f7d-8178-a3e8054a28af,__
52694aef-93cb-4666-bda1-9d9515ccd106,__
cd8a576b-9b60-43e7-82b2-852a6411b2d8,__
5def0c12-559a-43ac-97eb-9ef3a9d9b144,__
96ac624b-0fbf-49a8-8dab-f3d941ae9cef,__
775e0d92-ecf3-4148-a8c0-95f2f87a5ccc,__
3d3a7b63-1157-40ac-9e84-e42670b6ff09,__
097fd49c-2219-41ce-9b6a-0b736705d992,__
23ec50c1-4a24-4d92-876c-fac734821b4a,__
b61da045-d3c7-436c-b915-b530ad37a55a,__
170fbd33-dd7b-4bd3-acef-4b2c256da15b,__
e9e439df-fffd-4dc3-9683-35d98ff6d197,__
e048af78-5f9e-4418-80e2-de8eade472ec,__
36b80bf0-fa10-4340-a695-d2caeaed8afc,__
f5c676a9-bfbc-4f3b-93ae-2d60a8c4f6fa,__
ad465a91-7372-4a1e-9de5-042f37ab07bc,__
980aba02-3f77-44b5-a2cc-dbf57eb30259,__
f383e7f1-40e5-4928-b479-0719242255ab,__
f43924c8-54f8-44f4-a459-54d007970c42,__
8e619086-1d96-47a1-8898-da21159eec59,__
0b047c8b-d3f8-4163-8910-72caebf001a5,__
8db38983-701b-4711-a0bb-b88e64007c27,__
fc7959a2-547d-44bd-83f9-98cc471236ca,__
14e8fa62-f9cb-4249-a568-86bc89262758,__
228c5e41-7bc0-45aa-9a08-041e97032e2f,__
15f9cf11-5617-4c29-b0f4-8a0291ec02de,__
3fddafea-22eb-45f4-951e-68c658844920,__
7bff0eb5-2123-44b8-bcc8-7db2436ce086,__
8fdf82a9-2e2f-44b2-94b8-0d2c49e3dbd2,__
346d288a-4e8f-4ae7-bf48-2b5a61ce0ce2,__
5cacc28e-a513-45f9-ba81-d9b8c53d413e,__
4d69622e-c319-4d81-985a-e9489df0c83a,__
82b9ecac-7ec2-42d2-9890-daa98c54373e,__
8c66eb05-c0ea-4702-8354-812dd08cfc2f,__
5b531bba-2f66-4417-8098-f841a1c92897,__
3fa55375-9c0a-4df6-b2c7-f920afc39a23,__
bb996aa5-5066-421a-94ca-12c50ba7c00e,__
eac1ac30-8acb-43b2-8b93-2a10a1218c76,__
d20c57b4-14bb-4313-9091-2a9a2ce078e0,__
b732978d-cbc7-4610-aef1-5170c83c5b23,__
65125a87-9085-4cab-bf35-83a103781698,__
eb004437-90e3-4630-9ce3-4dd00c49e93c,__
1f0ce8ae-7813-4961-aa02-36928dd86aa1,__
3787911d-2500-4af2-985f-d75e7e47b51c,__
1a6d4259-2903-4915-994d-d9db3bd9b6e0,__
df3e4c63-7dfc-481b-b996-4f41080e92cc,__
4731bf08-96d6-427e-804d-151b793dd67e,__
d6b921d1-988e-4987-b408-69856b22dfb8,__
b3e0a853-fdc9-4d97-8052-8c13ea43c6ff,__
9932744e-6e54-4771-b562-d3ef087c75d5,__
a8403dda-a412-4357-843b-3c47e4534344,__
ce649f94-5115-43b6-b812-a06b8e142e28,__
01e41301-bf3c-4d61-b56c-4d453661e1fc,__
232914f1-4d27-43e3-95ae-23c4230dfd32,__
b866f7bf-985e-409a-a7c8-abf07bca5055,__
a9a520a9-e2c0-4aeb-90fd-da7bb1b0bc62,__
9e395541-1fa2-427e-b33b-7c27713e74ba,__
a4ed3506-92b4-4a07-9dff-ba4d30241c6a,__
7eb47997-fdc0-4b76-a856-8c1eae9387b0,__
3d75c6c0-746c-40a1-9f28-138cfd225d5a,__
00367ae2-75a2-442e-bdcc-bb00eef81031,__
268190d5-bd80-4f2d-b730-d127d25e0244,__
1b4da6f2-6673-4447-99a3-b81712ea6df0,__
a11f76ba-8d55-465e-bab3-d9d33eb017df,__
2b165fa5-1f32-4459-a6e3-7937d5cfb326,__
501ff511-b1ce-4a15-a913-04f1b43913c2,__
26879fca-98f3-4aa4-bb01-0404787e04f6,__
e61f8a1a-609a-49c3-be7f-31da94a64a99,__
da454ec4-010b-48fe-ad02-c73bbe0820c8,__
349c1bd3-efa2-4d21-b372-2f3708dc5839,__
ad6b5413-ac09-45ef-a36f-d6133a019541,__
0a273b1f-9fdd-42ad-bbaa-67fe21e9f6bc,__
4e9f29bb-d640-4f8e-b36f-d4d66ff64e74,__
32cbf022-ad72-4ac7-862a-9a04f3f8be9d,__
6a289e4d-384f-4e71-9b0e-20c56b2d6dd1,__
d6a9e34c-ddd7-4b32-811b-175d6ee98029,__
8c878020-7531-4fbf-9e0c-1242f774cc32,__
030f87fb-1adb-4e5b-b54e-9c1502113730,__
bb1cb781-5a00-4e4b-8fe7-793f825dc16d,__
86e747b4-15d5-49bf-b675-6d9ca0a38dd7,__
c43d5bae-7f47-4b59-8734-1096b26800d7,__
9a2802fd-e9e4-425a-8265-699d462acb58,__
0f37491b-fe2b-4db2-8d9b-431743fc972f,__
285659c1-2c70-4a04-abb6-52a46f7b6ff7,__
b76e1d00-0d29-461c-8d42-413bd413c7ca,__
ee4be877-71cb-4741-b6a2-03adba682493,__
3701ca42-968a-4482-853b-d7eb0f8f74e8,__
235c4b26-3a6b-44bb-a6de-055da10723c2,__
408af7cc-cceb-48f6-9a1f-ad7f7925ef20,__
77537456-f3dd-473c-881b-f155b6bcfd97,__
bc0f89eb-5145-4ec7-a8a9-29393c402c7d,__
d5bcdc9b-c385-4c94-a6c6-694e79959a15,__
436d14d9-d5a8-40ac-a9e4-88d84167f188,__
f5f9c41a-9b72-44ff-93a5-39e008c2b3d9,__
b8521687-d119-4256-a4ac-78b11aac2fc3,__
24a46d07-47ee-485f-8b39-3ff7404b68ca,__
034381cf-3527-4368-9a88-b9b22b66fd60,__
5cb4716c-c8b7-447a-b01f-04c9597a677a,__
fe79ef77-ea01-4433-aca2-d3dcecb698bd,__
b81d0133-2562-4d1a-9631-d19914845fa9,__
85e6da01-c400-44e8-96cf-0190d0f0b5be,__
96fdc49e-e5db-410a-a875-f238ba584c5f,__
aa9fbaf2-10c0-4663-94a5-98a659b25c94,__
52727787-535f-454c-89b2-94f6ed34c6ed,__
92143ae5-f257-440a-b69f-4b27a7dc2ce3,__
2d40b9f7-52ea-456e-a81f-8cc0c4e6331e,__
fe7145aa-9c5e-4e79-821d-56adc81d0716,__
7161e519-5d3b-4c47-9b6a-a563824d155c,__
805a47ae-f9af-4b9d-8ed5-637e5e1a7bf4,__
e4d69d8e-f57d-4d25-9b5f-8bdda1ebd4d2,__
58c91195-fd4f-46e3-9e40-a4e2dedce1cc,__
12eea63d-4c3c-40f6-bfae-e1b05fa80ac1,__
a57f6cef-7ea9-46a3-9550-64047433d3ee,__
73907ce7-7021-41cb-879b-abecb9a70111,__
2c934a31-54f1-4797-9365-f4f8688d6c6f,__
3f935a95-6830-4e44-9c3a-313786bdf505,__
2f39da00-ad8b-4789-8260-5641c28648c5,__
ba2ebcfa-edc5-4aa4-a5e5-490471d887fa,__
e98669a0-7942-44d0-9d5d-2c26f7da4499,__
032580e4-ed1d-4878-8dd0-a0c2c54b018f,__
b94af942-bf77-4c29-89ed-2cff122b8608,__
449613ee-d691-4d18-a561-523f3f5d20a5,__
806fb64a-a275-462a-8530-0a5bb1b0ee45,__
fae78cfe-1e6e-4734-ba79-c6150f121d27,__
813b9379-9365-40ea-93d1-675535d6e1f7,__
ba0dfbfa-277f-4542-883c-8f5a879ee739,__
df503d01-3bcd-4642-aedd-cc4eccd38ab4,__
3e567506-7c05-46c9-a643-bb613a0a8854,__
555ecd4f-aef8-4f83-8689-68c1c3f96dde,__
bcaff7b6-50dc-4acd-a0f1-5b405b77db8f,__
78f9e055-665d-4b40-8ff6-48585aeb1e9f,__
0a675be6-179e-472b-9384-565e9e87accf,__
731b0ae0-3ea5-477b-b9fd-a8280494326a,__
44f87e8c-7061-49ff-8ab2-fe7068438b0d,__
726d4c17-4a1d-4b41-b39b-89dd477e05ab,__
bc7134b1-c1a2-4e24-81e1-d0f0ebe08293,__
96535dd4-c883-4e43-bad0-fbac1c97fb4c,__
0a415aff-703f-47cc-abcd-a05895589f4a,__
9f1a60fd-35f9-48b3-86a9-e1528f11d994,__
46d2698f-e311-4b0a-9b04-cdd88212fdab,__
2cdafc2f-17df-47d9-8620-413640581aff,__
e2444464-960e-4e27-8472-ac08433dd1f2,__
6489b872-9471-4666-be16-a0d5ba146805,__
7a731291-9765-4b2a-91be-9c0ab9f1b56e,__
3fdfcbda-5854-44d1-83f0-79521982ad81,__
05811100-1ad4-4913-8ffe-38dd51153fd1,__
16be77a4-c05b-4692-bfd7-bd75835eb6bb,__
dabeccbc-79fd-4eeb-9936-d7b4448e8be6,__
449ca55d-296d-435f-b275-cdf08b535d2d,__
67bab65b-3a47-40e5-8ece-9ddc12ea1bef,__
fde09fff-a41c-4ece-bab6-d13a4c86b595,__
0a6a775e-0a8e-417e-b671-c0efcba28a62,__
cd463b0c-825f-43d1-9846-b8410a2a5498,__
2a9ac9f3-016c-4e97-98eb-c09c893b15a4,__
bcfa9b4a-91cf-4785-a46d-984b8bbd592c,__
23d23d56-16de-440d-b06f-172ffe144e57,__
f7b47a96-d6f1-46a5-8c9c-cfc336b29de1,__
4c9c705f-e6dc-4a3c-a5ef-06a8bf123d8f,__
4b103bc1-88f1-4f8b-8e8d-4974809b3929,__
ee730317-6b46-4d67-9299-0c022161655b,__
9c27614e-792e-4157-ac7a-c8f7ab3d4cf9,__
63db29db-a141-4a55-8125-90d351fab92c,__
27bbffc9-04c1-4ee7-b0fd-d0d32712740e,__
62616538-8cad-45d7-83db-657622d639c4,__
98096078-9318-4416-95c5-7558c31f32e4,__
bbdcc424-421f-40cb-b6dc-acdd2864a531,__
ac0f8272-1ced-4e5e-88cc-20b8530bc6bd,__
cce51694-d217-4bfb-abf9-15f275237972,__
3eb7a41a-0bc8-4a6c-8a3c-06af98ea4158,__
ae0fa3aa-6b17-4151-91cb-a55b432992b8,__
38805dd8-bc5d-4a6a-bd04-6aa05d9cfceb,__
25aeb5c8-dc23-4d28-96d8-d7797910dea6,__
e276666f-49f0-4dd1-903a-4ded7d2f186b,__
2678de46-afbf-4574-adf2-3e67a47fa101,__
979c1dc9-afcc-4ced-9ed4-ffc57efef94a,__
832f1a7e-ebf2-4265-aa85-29d0183cfe1b,__
ccde24e6-803f-429c-90c9-144b7c67622c,__
a313fe51-13f4-49f0-aee7-6b00e78b0531,__
edfd96d3-94b1-45fe-b9bd-fbfc51dee009,__
2dae09dc-b59c-4c41-be1d-74723f388f95,__
db3fe296-0e0e-4c75-a345-a02c705d27f1,__
a55fc42d-8e9c-477f-b036-adf4c9de8fd6,__
0827c98b-90d0-41cd-b00f-6fa4e9ffb60c,__
c953b4b1-e630-45bc-9a1b-eda1cd50aa69,__
87a58af4-84fb-4b64-ba9f-b5996cca8552,__
6111fc87-bb4c-4fcd-a0b4-eefa6d89a408,__
6204ee98-e21e-45ec-96a8-703ef8163bcc,__
1eabb6fb-c1e7-4d19-bce4-9f1c60fe3cac,__
5cc28e99-4d6d-4a51-bc55-b338d158408e,__
61207a2b-aeaa-482a-aa9b-937ddc3fb8b4,__
7f1e4019-f7ea-453c-9485-bbd7d6dedd0b,__
557e80a8-aea6-4662-94bd-9b6f83b8090d,__
d0757f2c-669f-43fe-8c5b-15b05e2e7849,__
e6e146ac-50b2-4938-a0ca-5a9cba5651c3,__
42a9d671-99b8-4f61-b762-b41e6b8a1021,__
85506e55-c5dc-4e33-86a3-972c6a92d918,__
361489f5-11de-4c02-8397-6a020bbf7f60,__
5d1343ce-5827-4996-a585-ebc22e92b8c3,__
1874692f-c7fd-414d-aa52-cf0eb0282472,__
21bf5f87-2e8f-4d79-b915-2ace2d989187,__
3172599b-cecb-4849-8560-e1cfeb50310b,__
72bb3d45-69b5-4b49-83b8-4f1dc2656cc8,__
480b2dfd-2082-4dba-9f4e-f6231f55f843,__
e90d3665-f501-4020-a5d8-97d6642b5c9f,__
11761a96-0229-4826-8c6e-622b954b40cf,__
ba257bc7-dff9-4d1c-8227-d85fea8641da,__
09600d1c-02ac-4312-ac76-7c5434932bf1,__
1bcf9325-3144-49bf-bd73-7ef1ed096dc0,__
031ad4ec-dc4f-4c23-bb4b-6993566e51e6,__
b7435c30-c567-459e-96ae-3716498f4a1c,__
81eac605-4d93-4da8-b977-e2d0c4a132f0,__
fe77ad7f-e265-41f4-b60a-17d1cb712e7f,__
87193fb4-b98f-49a7-9e86-49fe380bcee5,__
b47afea5-c299-4836-8c61-a1fbacc51ed5,__
06fe0c7d-4593-4d75-af8f-b685ed951c06,__
8dacff13-dcb5-481a-a161-c1407fd62b07,__
166b2026-53fa-4628-9fd4-97def74a8e76,__
bd6723d2-3647-4bcd-a56f-26df34667c43,__
4020dea6-f5f8-4bdf-b1df-e9e8c8e35a45,__
d323ab5c-1952-4899-94fd-61c425206d29,__
df69ca57-514f-431b-be3f-03369a7e4c1f,__
ff1608ee-f22c-4d31-ac43-564d66a48c84,__
ba2b4bb1-5d79-4c4d-b66c-6da17d0d3d93,__
84132832-e999-47c7-9ac8-1d249038b677,__
5c0f69bd-87d5-4be3-ba1d-c820c1dff6f9,__
d07397ab-ce4b-441e-9244-af15265dfc51,__
f5f8c3ce-97a0-49b0-9237-8c4ac55287ac,__
3a9aedd5-4c7e-4ccd-93d3-65522c4e9b36,__
e8a0dacc-ae87-4a09-a98b-6403e8bb5224,__
6b06b2ef-9fef-45ab-898f-33d0f6f4f0de,__
6236a7de-bceb-47d9-ab3d-e8f2316f6087,__
84cc9d9c-ed14-461c-ace5-84e0df720217,__
a347c13f-db06-472a-8416-3f5795828cc8,__
8431b5bc-cf91-49b5-b25e-8fe7089f461c,__
b3219243-2dcb-436e-b4e1-c22fd89a591b,__
85d773a0-e5c0-469b-bbf6-43970a35c8d5,__
bab13584-2fe6-44bc-9b93-eeb6fdcd02da,__
c773c688-2583-43c2-b0c8-df693b8a2eae,__
d3ca436f-34ad-409b-b6af-8d965061a024,earth-science-aerosols-atmosphere-dust-ash-smoke
d3ca436f-34ad-409b-b6af-8d965061a024,earth-science-atmospheric-chemistry-atmosphere-sulfur-compounds-sulfur-dioxide
d3ca436f-34ad-409b-b6af-8d965061a024,earth-science-infrared-wavelengths-spectral-engineering-infrared-radiance
2428ef77-2dce-461b-ada6-2a33d4f62af7,__
a45d882b-c1f3-417d-94dd-4b26e2c8dbe5,__
01b63049-d834-4190-a176-73f86355ba69,__
2abb749d-1ef9-4661-8871-b413c8689ab7,__
879b893a-b29a-4bf2-9058-6601b60346db,__
613d9423-19ed-40e3-ab1c-b9c376186763,__
6f69bf2e-3298-4249-ae92-5152e6d8d4a8,__
9e701007-b8b8-4c2b-995e-0892c2ee9b04,__
406e5a75-4a1c-4e25-918b-6496461477a4,__
bef174d9-698e-4f0f-83d1-a74bcb13eea9,__
3ff9d14c-f8d7-44e6-b666-f7de193f767a,__
865be65c-4385-411f-b544-25cc2b319116,__
518427df-02c5-4b36-aa99-3098ad8fee53,__
7c088faf-52d9-4953-9ba5-c4c35efe2dd6,__
8207af8b-4472-4d0a-8065-c78664d47e1b,__
7e39c344-0e05-4742-ba79-af4710d8944a,__
dce7daac-07b1-4be3-a1eb-ac5419ab384b,__
745c2f32-8868-4ed5-990e-20234524b642,__
1941bb3d-9e71-44e3-9dc7-ea7e3c044a25,__
156575f7-3d44-491f-acf0-578101fc7490,__
7af9e01c-1c1f-4682-88c0-1ebbd2437858,__
199b74a3-88ac-4fde-81d8-65d9aa99bb5f,__
aef6aba1-69aa-4aba-8348-7119eba06198,__
18099a03-d872-41f8-ab52-dc0b4cf39cb1,__
753707f2-6298-4a37-9ac3-2ea2d31d22bc,__
5a488b68-1f69-4597-8ab3-2289315c108f,__
1fbf75d3-a982-4185-af9b-8e2ca9f571d7,__
1f4efa03-330d-43e6-b4cf-6eb0a1ad8742,__
ff181da0-1e40-433e-a2b2-a1570994592f,__
a8148f42-39ea-4ae8-b06f-f8e947d6e3e5,__
9e5a6c70-ea4c-410a-9ff8-d2519213448c,__
2f007dfa-954c-4355-b4b6-c02217c395e0,__
522dea90-eee5-48ac-84ee-f51000f0789b,__
2fde9670-af57-405e-a941-8463a2e51c32,__
07c1ddcb-02f2-4013-92be-c8222e06141d,__
a8c625f5-ca99-40cb-b8a5-fcf34f6474a4,__
728ed819-4886-40c1-8287-6969858b5d57,__
2232fecc-d9ba-4b9a-a464-5e3c07e10b50,__
a3a2e3ce-8a66-40b4-9da7-2c6b4fe924b4,__
642a6b7a-662e-4e94-8be7-89e2dc44b58a,__
07a3724e-0822-431d-89d8-bdc4447d76f3,__
373d9820-d6b7-494c-85b8-02ad7a3dd1c4,__
8a73892e-72cf-4e2c-8a48-ff7b9004114e,__
8ea84412-8d1c-4023-8414-5f011a1f2708,__
5b9c70f0-565e-442d-853f-62cd9965174b,__
1e5872f0-4565-47cd-9d3a-0df6bb53a7c0,__
5bc760d0-91c8-4328-b647-23c3687d9d70,__
22417c19-bdd0-4f20-b47e-04eb08d6bec3,__
fc9ffb43-448c-4ea3-afc0-fbc66224c02b,__
0ae97c82-5dd5-43bd-9407-52a7ac7ea660,__
b972341f-65d2-4993-b0a5-8a727ba3077b,__
6ab05e68-339b-463e-adb9-2b48dcb2909a,__
d3a51209-c0e9-4a37-adf4-acdf1f05eb92,__
0b79d02e-0c66-4dad-b9ea-c5c90926b3b1,__
60733230-f487-409d-8b00-bb5efc089cd0,__
0c5c8d2b-8b6e-4484-97f8-127b1bb1b631,__
